﻿<?xml version="1.0" encoding="utf-8"?>
<chummer>
  <version>-385</version>
  <categories>
    <category>Armor</category>
    <category>Clothing</category>
		<category>Cloaks</category>
    <category>High-Fashion Armor Clothing</category>
    <category>Specialty Armor</category>
  </categories>
  <armors>
		<!-- Region Shadowrun 5 -->
    <armor>
      <id>31c68476-6328-476a-ae8a-94f65d505a04</id>
      <name>Clothing</name>
      <category>Clothing</category>
      <armor>0</armor>
      <armorcapacity>0</armorcapacity>
      <avail>0</avail>
      <cost>Variable(20-100000)</cost>
      <source>SR5</source>
      <page>437</page>
    </armor>
    <armor>
      <id>5a650844-8f24-48e7-829f-0443d9ff5cf7</id>
      <name>Actioneer Business Clothes</name>
      <category>Armor</category>
      <armor>8</armor>
      <armorcapacity>8</armorcapacity>
      <avail>8</avail>
      <cost>1500</cost>
      <source>SR5</source>
      <page>437</page>
    </armor>
    <armor>
      <id>40826eaa-c22a-43da-8730-bc1867ea65a1</id>
      <name>Armor Clothing</name>
      <category>Armor</category>
      <armor>6</armor>
      <armorcapacity>6</armorcapacity>
      <avail>2</avail>
      <cost>450</cost>
      <source>SR5</source>
      <page>437</page>
    </armor>
    <armor>
      <id>36a4cd30-c32c-44d0-847a-0c15fb51072a</id>
      <name>Armor Jacket</name>
      <category>Armor</category>
      <armor>12</armor>
      <armorcapacity>12</armorcapacity>
      <avail>2</avail>
      <cost>1000</cost>
      <source>SR5</source>
      <page>437</page>
    </armor>
    <armor>
      <id>4ad1eeab-daf3-4495-a73d-fbb0ce89be5b</id>
      <name>Armor Vest</name>
      <category>Armor</category>
      <armor>9</armor>
      <armorcapacity>9</armorcapacity>
      <avail>4</avail>
      <cost>500</cost>
      <source>SR5</source>
      <page>437</page>
    </armor>
    <armor>
      <id>aacafde3-ff9a-4de0-85ac-3870645a9197</id>
      <name>Chameleon Suit</name>
      <category>Armor</category>
      <armor>9</armor>
      <armorcapacity>9</armorcapacity>
      <avail>10R</avail>
      <cost>1700</cost>
      <source>SR5</source>
      <page>437</page>
    </armor>
    <armor>
      <id>9ee80c97-9197-4dd5-baed-f77cfd2cee17</id>
      <name>Full Body Armor</name>
      <category>Armor</category>
      <armor>15</armor>
      <armorcapacity>15</armorcapacity>
			<avail>14R</avail>
			<cost>2000</cost>
			<addmodcategory>Full Body Mods</addmodcategory>
      <source>SR5</source>
      <page>437</page>
    </armor>
    <armor>
      <id>71c20b15-de11-49eb-93fe-f4d7491283e3</id>
      <name>Full Body Armor: Helmet</name>
      <category>Armor</category>
      <armor>+3</armor>
      <armorcapacity>6</armorcapacity>
      <avail>0</avail>
      <cost>500</cost>
      <source>SR5</source>
      <page>437</page>
    </armor>
    <armor>
      <id>013b9f3f-533b-4545-aa51-c6cf8d50f3b6</id>
      <name>Lined Coat</name>
      <category>Armor</category>
      <armor>9</armor>
      <armorcapacity>9</armorcapacity>
      <avail>4</avail>
      <cost>900</cost>
      <source>SR5</source>
      <page>437</page>
    </armor>
    <armor>
      <id>d8d9154d-c8d3-4593-a408-9f5b259f0363</id>
      <name>Urban Explorer Jumpsuit</name>
      <category>Armor</category>
      <armor>9</armor>
      <armorcapacity>9</armorcapacity>
      <avail>8</avail>
      <cost>650</cost>
			<gears>
				<usegear>Biomonitor</usegear>
			</gears>
      <source>SR5</source>
      <page>437</page>
    </armor>
    <armor>
      <id>812a7926-3980-4c26-9935-5f1b66abacda</id>
      <name>Urban Explorer Jumpsuit: Helmet</name>
      <category>Armor</category>
      <armor>+2</armor>
      <armorcapacity>2</armorcapacity>
      <avail>0</avail>
      <cost>100</cost>
      <source>SR5</source>
      <page>437</page>
    </armor>
    <armor>
			<id>fd6e194b-89ea-4030-9203-87341442eadb</id>
			<name>Helmet</name>
			<category>Armor</category>
			<armor>+2</armor>
			<armorcapacity>6</armorcapacity>
			<avail>2</avail>
			<cost>100</cost>
			<source>SR5</source>
			<page>438</page>
		</armor>
		<armor>
			<id>943d19f7-ee6b-4ce9-8a43-93d3fe5100f2</id>
			<name>Ballistic Shield</name>
			<category>Armor</category>
			<armor>+6</armor>
			<armorcapacity>6</armorcapacity>
			<addweapon>Ballistic Shield</addweapon>
			<physicallimit>-1</physicallimit>
			<avail>12R</avail>
			<cost>1200</cost>
			<source>SR5</source>
			<page>438</page>
		</armor>
		<armor>
			<id>b0d6d8a6-b74a-4ea3-9c04-cc0d057e51b6</id>
			<name>Riot Shield</name>
			<category>Armor</category>
			<armor>+6</armor>
			<armorcapacity>6</armorcapacity>
			<addweapon>Riot Shield</addweapon>
			<physicallimit>-1</physicallimit>
			<avail>10R</avail>
			<cost>1500</cost>
			<source>SR5</source>
			<page>438</page>
		</armor>
		<!-- End Region -->
		<!-- Region Run & Gun -->
		<armor>
      <id>ef42a5ce-3423-4018-b84f-5cc84238ccaf</id>
      <name>Armanté Suit</name>
      <category>High-Fashion Armor Clothing</category>
      <armor>8</armor>
      <armorcapacity>4</armorcapacity>
      <avail>8</avail>
      <cost>2500</cost>
      <bonus>
        <limitmodifier>
          <limit>Social</limit>
          <value>2</value>
          <condition>Must be visible</condition>
        </limitmodifier>
      </bonus>
      <source>RG</source>
      <page>57</page>
    </armor>
    <armor>
      <id>d2d13b9e-dcc9-4427-96e5-65348f4f2766</id>
      <name>Armanté Dress</name>
      <category>High-Fashion Armor Clothing</category>
      <armor>8</armor>
      <armorcapacity>4</armorcapacity>
      <avail>8</avail>
      <cost>2500</cost>
      <bonus>
        <limitmodifier>
          <limit>Social</limit>
          <value>2</value>
          <condition>Must be visible</condition>
        </limitmodifier>
      </bonus>
      <source>RG</source>
      <page>57</page>
    </armor>
    <armor>
      <id>e95b254f-c95d-41c4-b618-7c68c3456112</id>
      <name>Mortimer of London: Berwick Suit</name>
      <category>High-Fashion Armor Clothing</category>
      <armor>9</armor>
      <armorcapacity>5</armorcapacity>
      <avail>9</avail>
      <cost>2600</cost>
      <bonus>
        <limitmodifier>
          <limit>Social</limit>
          <value>1</value>
          <condition>Must be visible</condition>
        </limitmodifier>
      </bonus>
			<mods>
				<name>Custom Fit</name>
			</mods>
      <source>RG</source>
      <page>58</page>
    </armor>
    <armor>
      <id>998a55b0-2307-45db-99fc-ae2d1501f6dc</id>
      <name>Mortimer of London: Berwick Dress</name>
      <category>High-Fashion Armor Clothing</category>
      <armor>8</armor>
      <armorcapacity>4</armorcapacity>
      <avail>8</avail>
      <cost>2300</cost>
      <bonus>
        <limitmodifier>
          <limit>Social</limit>
          <value>1</value>
          <condition>Must be visible</condition>
        </limitmodifier>
      </bonus>
			<mods>
				<name>Custom Fit</name>
				<name>Concealability</name>
			</mods>
      <source>RG</source>
      <page>58</page>
    </armor>
    <armor>
      <id>39a446e4-694a-44e2-bc47-bbfe722c7c68</id>
      <name>Mortimer of London: Crimson Sky Suit</name>
      <category>High-Fashion Armor Clothing</category>
      <armor>8</armor>
      <armorcapacity>5</armorcapacity>
      <avail>6</avail>
      <cost>2400</cost>
      <bonus>
        <limitmodifier>
          <limit>Social</limit>
          <value>1</value>
          <condition>Must be visible</condition>
        </limitmodifier>
      </bonus>
			<mods>
				<name>Custom Fit</name>
				<name>Concealability</name>
			</mods>
      <source>RG</source>
      <page>58</page>
    </armor>
    <armor>
      <id>328fb32e-9c69-49ea-a15d-aa50dd169209</id>
      <name>Mortimer of London: Summit Suit</name>
      <category>High-Fashion Armor Clothing</category>
      <armor>8</armor>
      <armorcapacity>6</armorcapacity>
      <avail>7</avail>
      <cost>2500</cost>
      <bonus>
        <limitmodifier>
          <limit>Social</limit>
          <value>1</value>
          <condition>Must be visible</condition>
        </limitmodifier>
      </bonus>
			<mods>
				<name>Custom Fit</name>
				<name>Concealability</name>
			</mods>
      <source>RG</source>
      <page>58</page>
    </armor>
    <armor>
      <id>de7aa792-a274-46dc-a89a-970d08afa814</id>
      <name>Mortimer of London: Summit Dress</name>
      <category>High-Fashion Armor Clothing</category>
      <armor>7</armor>
      <armorcapacity>5</armorcapacity>
      <avail>7</avail>
      <cost>2200</cost>
			<bonus>
				<limitmodifier>
					<limit>Social</limit>
					<value>1</value>
					<condition>Must be visible</condition>
				</limitmodifier>
			</bonus>
			<mods>
				<name>Custom Fit</name>
				<name>Concealability</name>
			</mods>
      <source>RG</source>
      <page>58</page>
    </armor>
    <armor>
      <id>446ec9ad-9a52-46fe-8f27-873a51ef6291</id>
      <name>Mortimer of London: Greatcoat Coat</name>
      <category>High-Fashion Armor Clothing</category>
      <armor>10</armor>
      <armoroverride>+3</armoroverride>
      <armorcapacity>10</armorcapacity>
      <avail>8</avail>
      <cost>3000</cost>
			<bonus>
				<limitmodifier>
					<limit>Social</limit>
					<value>1</value>
					<condition>Must be visible</condition>
				</limitmodifier>
			</bonus>
			<mods>
				<name>Custom Fit (Stack)</name>
				<name>Concealability</name>
			</mods>
      <source>RG</source>
      <page>58</page>
    </armor>
    <armor>
      <id>994c7cfb-54a1-4a47-8ca5-9d5381ba2994</id>
      <name>Mortimer of London: Ulysses Coat</name>
      <category>High-Fashion Armor Clothing</category>
      <armor>10</armor>
      <armoroverride>+3</armoroverride>
      <armorcapacity>12</armorcapacity>
      <avail>8</avail>
      <cost>3100</cost>
      <bonus>
        <limitmodifier>
          <limit>Social</limit>
          <value>1</value>
					<condition>Must be visible</condition>
				</limitmodifier>
      </bonus>
			<mods>
				<name>Custom Fit (Stack)</name>
				<name>Concealability</name>
			</mods>
      <source>RG</source>
      <page>58</page>
    </armor>
    <armor>
      <id>dceda713-a138-4161-8bd2-b909ffed7f85</id>
      <name>Mortimer of London: Argentum Coat</name>
      <category>High-Fashion Armor Clothing</category>
      <armor>12</armor>
      <armoroverride>+4</armoroverride>
      <armorcapacity>14</armorcapacity>
      <avail>10</avail>
      <cost>3600</cost>
      <bonus>
        <limitmodifier>
          <limit>Social</limit>
          <value>1</value>
          <condition>Must be visible</condition>
        </limitmodifier>
      </bonus>
			<mods>
				<name>Custom Fit (Stack)</name>
				<name>Concealability</name>
			</mods>
      <source>RG</source>
      <page>58</page>
    </armor>
    <armor>
      <id>bedcc69e-1b7b-44bf-b916-22821696c3b0</id>
      <name>Vashon Island: Ace of Cups</name>
      <category>High-Fashion Armor Clothing</category>
      <armor>9</armor>
      <armorcapacity>8</armorcapacity>
      <avail>6</avail>
      <cost>1600</cost>
      <bonus>
        <limitmodifier>
          <limit>Social</limit>
          <value>1</value>
          <condition>Must be visible</condition>
        </limitmodifier>
      </bonus>
      <source>RG</source>
      <page>58</page>
    </armor>
    <armor>
      <id>4b2502ef-03e4-4cf5-b8f5-375b7aa4ddb9</id>
      <name>Vashon Island: Ace of Swords</name>
      <category>High-Fashion Armor Clothing</category>
      <armor>7</armor>
      <armorcapacity>8</armorcapacity>
      <avail>6</avail>
      <cost>1300</cost>
      <gears>
        <usegear>Holster</usegear>
      </gears>
      <source>RG</source>
      <page>58</page>
    </armor>
    <armor>
      <id>87f81743-37ca-4030-a588-07d109a31f75</id>
      <name>Vashon Island: Ace of Wands</name>
      <category>High-Fashion Armor Clothing</category>
      <armor>6</armor>
      <armorcapacity>8</armorcapacity>
      <avail>6</avail>
      <cost>1200</cost>
      <mods>
        <name>Gear Access</name>
      </mods>
      <source>RG</source>
      <page>58</page>
    </armor>
    <armor>
      <id>cf582ec4-0e5d-4ddb-a38e-4c6be954c514</id>
      <name>Vashon Island: Ace of Coins</name>
      <category>High-Fashion Armor Clothing</category>
      <armor>7</armor>
      <armorcapacity>10</armorcapacity>
      <avail>4</avail>
      <cost>2100</cost>
      <bonus>
        <limitmodifier>
          <limit>Social</limit>
          <value>3</value>
          <condition>Must be visible</condition>
        </limitmodifier>
      </bonus>
      <source>RG</source>
      <page>58</page>
    </armor>
    <armor>
      <id>00ca9c50-383c-47ed-9347-b7733d62c3bd</id>
      <name>Vashon Island: Ace of Spades</name>
      <category>High-Fashion Armor Clothing</category>
      <armor>7</armor>
      <armorcapacity>6</armorcapacity>
      <avail>6</avail>
      <cost>1000</cost>
      <gears>
        <usegear>Holster</usegear>
      </gears>
      <source>RG</source>
      <page>58</page>
    </armor>
    <armor>
      <id>f12794c9-3600-4fc6-aeae-748eb3b324a0</id>
      <name>Vashon Island: Ace of Clubs</name>
      <category>High-Fashion Armor Clothing</category>
      <armor>7</armor>
      <armorcapacity>6</armorcapacity>
      <avail>6</avail>
      <cost>1000</cost>
      <gears>
        <usegear>Holster</usegear>
      </gears>
      <source>RG</source>
      <page>58</page>
    </armor>
    <armor>
      <id>7d046fdf-5c71-462d-bd51-e6ed718dd4fb</id>
      <name>Vashon Island: Ace of Hearts</name>
      <category>High-Fashion Armor Clothing</category>
      <armor>7</armor>
      <armorcapacity>6</armorcapacity>
      <avail>6</avail>
      <cost>1000</cost>
      <gears>
        <usegear>Holster</usegear>
      </gears>
      <source>RG</source>
      <page>58</page>
    </armor>
    <armor>
      <id>f90b52b6-1a4e-400f-b32f-9af5d7d932cd</id>
      <name>Vashon Island: Ace of Diamonds</name>
      <category>High-Fashion Armor Clothing</category>
      <armor>7</armor>
      <armorcapacity>6</armorcapacity>
      <avail>6</avail>
      <cost>1000</cost>
      <mods>
        <name>Concealability</name>
      </mods>
      <source>RG</source>
      <page>58</page>
    </armor>
    <armor>
      <id>164ad072-4e3a-4398-9d43-b47d9ee9083b</id>
      <name>Vashon Island: Steampunk</name>
      <category>High-Fashion Armor Clothing</category>
      <armor>10</armor>
      <armorcapacity>14</armorcapacity>
      <avail>7</avail>
      <cost>2250</cost>
      <bonus>
        <limitmodifier>
          <limit>Social</limit>
          <value>1</value>
          <condition>Must be visible</condition>
        </limitmodifier>
			</bonus>
			<mods>
				<name>Custom Fit</name>
			</mods>
      <source>RG</source>
      <page>58</page>
    </armor>
    <armor>
      <id>6db86bf0-0d3f-4e51-88cb-867b7247dbfb</id>
      <name>Vashon Island: Synergist Business Line</name>
      <category>High-Fashion Armor Clothing</category>
      <armor>9</armor>
      <armorcapacity>5</armorcapacity>
      <avail>8</avail>
      <cost>1500</cost>
      <bonus>
        <limitmodifier>
          <limit>Social</limit>
          <value>1</value>
          <condition>Must be visible</condition>
        </limitmodifier>
      </bonus>
      <mods>
        <name>Custom Fit</name>
      </mods>
      <gears>
        <usegear>Concealable Holster</usegear>
      </gears>
      <source>RG</source>
      <page>58</page>
    </armor>
    <armor>
      <id>cb1e1f7e-a711-44a7-8ed7-a8fc50802c62</id>
      <name>Vashon Island: Synergist Business Line Longcoat</name>
      <category>High-Fashion Armor Clothing</category>
      <armor>10</armor>
      <armoroverride>+3</armoroverride>
      <armorcapacity>6</armorcapacity>
      <avail>8</avail>
      <cost>2300</cost>
      <bonus>
        <limitmodifier>
          <limit>Social</limit>
          <value>1</value>
          <condition>Must be visible</condition>
        </limitmodifier>
      </bonus>
			<mods>
				<name>Custom Fit (Stack)</name>
			</mods>
			<gears>
				<usegear>Holster</usegear>
			</gears>
      <source>RG</source>
      <page>58</page>
    </armor>
    <armor>
      <id>fc8fd2e8-4856-4830-b241-a5128a08f902</id>
      <name>Vashon Island: Sleeping Tiger</name>
      <category>High-Fashion Armor Clothing</category>
      <armor>13</armor>
      <armorcapacity>10</armorcapacity>
      <avail>10</avail>
      <cost>13500</cost>
      <bonus>
        <limitmodifier>
          <limit>Social</limit>
          <value>1</value>
          <condition>Must be visible</condition>
        </limitmodifier>
      </bonus>
			<mods>
				<name>Custom Fit</name>
				<name>Newest Model</name>
				<name rating="3">Ruthenium Polymer Coating</name>
			</mods>
      <source>RG</source>
      <page>58</page>
    </armor>
    <armor>
      <id>5341cfd0-5cd7-49d5-8a95-0266355f391a</id>
      <name>Zoé: Executive Suite</name>
      <category>High-Fashion Armor Clothing</category>
      <armor>12</armor>
      <armorcapacity>4</armorcapacity>
      <avail>12</avail>
      <cost>2000</cost>
      <bonus>
        <limitmodifier>
          <limit>Social</limit>
          <value>2</value>
          <condition>Must be visible</condition>
        </limitmodifier>
      </bonus>
			<mods>
				<name>Custom Fit</name>
				<name>Newest Model</name>
			</mods>
      <source>RG</source>
      <page>61</page>
    </armor>
    <armor>
      <id>30d98329-8e2b-46f4-bf2d-d36a2b5fa702</id>
      <name>Zoé: Heritage 4</name>
      <category>High-Fashion Armor Clothing</category>
      <armor>4</armor>
      <armorcapacity>2</armorcapacity>
      <avail>16</avail>
      <cost>4000</cost>
      <bonus>
        <limitmodifier>
          <limit>Social</limit>
          <value>2</value>
          <condition>Must be visible</condition>
        </limitmodifier>
      </bonus>
      <mods>
        <name>Custom Fit</name>
        <name>Newest Model</name>
      </mods>
      <source>RG</source>
      <page>61</page>
    </armor>
    <armor>
      <id>7863f434-df16-46ab-9aeb-eba1d4e9f036</id>
      <name>Zoé: Heritage 6</name>
      <category>High-Fashion Armor Clothing</category>
      <armor>6</armor>
      <armorcapacity>3</armorcapacity>
      <avail>16</avail>
      <cost>5000</cost>
      <bonus>
        <limitmodifier>
          <limit>Social</limit>
          <value>2</value>
          <condition>Must be visible</condition>
        </limitmodifier>
      </bonus>
			<mods>
				<name>Custom Fit</name>
				<name>Newest Model</name>
			</mods>
      <source>RG</source>
      <page>61</page>
    </armor>
    <armor>
      <id>cd5144e6-cad3-45ba-85c1-fb5edf2a8074</id>
      <name>Zoé: Heritage 8</name>
      <category>High-Fashion Armor Clothing</category>
      <armor>8</armor>
      <armorcapacity>4</armorcapacity>
      <avail>16</avail>
      <cost>6000</cost>
      <bonus>
        <limitmodifier>
          <limit>Social</limit>
          <value>2</value>
          <condition>Must be visible</condition>
        </limitmodifier>
      </bonus>
			<mods>
				<name>Custom Fit</name>
				<name>Newest Model</name>
			</mods>
      <source>RG</source>
      <page>61</page>
    </armor>
    <armor>
      <id>35598cd3-17cb-4d9e-b02f-3f5b00f1f140</id>
      <name>Zoé: Heritage 10</name>
      <category>High-Fashion Armor Clothing</category>
      <armor>10</armor>
      <armorcapacity>5</armorcapacity>
      <avail>16</avail>
      <cost>7000</cost>
      <bonus>
        <limitmodifier>
          <limit>Social</limit>
          <value>2</value>
          <condition>Must be visible</condition>
        </limitmodifier>
      </bonus>
			<mods>
				<name>Custom Fit</name>
				<name>Newest Model</name>
			</mods>
      <source>RG</source>
      <page>61</page>
    </armor>
    <armor>
      <id>d4804f1b-4443-4e97-a7d2-9c1659732c6b</id>
      <name>Zoé: Heritage 12</name>
      <category>High-Fashion Armor Clothing</category>
      <armor>12</armor>
      <armorcapacity>6</armorcapacity>
      <avail>16</avail>
      <cost>8000</cost>
			<bonus>
				<limitmodifier>
					<limit>Social</limit>
					<value>2</value>
					<condition>Must be visible</condition>
				</limitmodifier>
			</bonus>
			<mods>
				<name>Custom Fit</name>
				<name>Newest Model</name>
			</mods>
      <source>RG</source>
      <page>61</page>
    </armor>
    <armor>
      <id>1bb248fd-7a8f-4e5c-8aea-222546e70282</id>
      <name>Zoé: Nightshade/Moonsilver</name>
      <category>High-Fashion Armor Clothing</category>
      <armor>7</armor>
      <armorcapacity>2</armorcapacity>
      <avail>10</avail>
      <cost>8500</cost>
      <bonus>
        <limitmodifier>
          <limit>Social</limit>
          <value>1</value>
          <condition>Must be visible</condition>
        </limitmodifier>
      </bonus>
			<addmodcategory>Nightshade IR</addmodcategory>
			<mods>
				<name>Custom Fit</name>
			</mods>
      <source>RG</source>
      <page>62</page>
    </armor>
    <armor>
      <id>739b029d-b2a0-48cb-ac2e-51636fc495c2</id>
      <name>Zoé: Second Skin</name>
      <category>High-Fashion Armor Clothing</category>
      <armor>6</armor>
      <armoroverride>+2</armoroverride>
      <armorcapacity>2</armorcapacity>
      <avail>14</avail>
      <cost>12000</cost>
      <mods>
        <name>Custom Fit (Stack)</name>
        <name>Newest Model</name>
        <name rating="4">Ruthenium Polymer Coating</name>
      </mods>
      <source>RG</source>
      <page>63</page>
    </armor>
    <armor>
      <id>90b0ab96-661b-417c-9933-8113ab6d52d2</id>
      <name>Ares Victory: Globetrotter Jacket</name>
      <category>High-Fashion Armor Clothing</category>
      <armor>12</armor>
      <armorcapacity>10</armorcapacity>
      <avail>10</avail>
      <cost>1300</cost>
      <addmodcategory>Globetrotter Jacket Liners</addmodcategory>
      <gears>
        <usegear>Holster</usegear>
      </gears>
      <source>RG</source>
      <page>63</page>
    </armor>
    <armor>
      <id>21c8ae9d-3d08-4908-814f-ae195e4ea03d</id>
      <name>Ares Victory: Globetrotter Vest</name>
      <category>High-Fashion Armor Clothing</category>
      <armor>9</armor>
      <armorcapacity>10</armorcapacity>
      <avail>7</avail>
      <cost>900</cost>
      <addmodcategory>Globetrotter Vest Liners</addmodcategory>
      <source>RG</source>
      <page>63</page>
    </armor>
    <armor>
      <id>2de9a781-0b44-43a4-bfdf-2ca3c1e90bc0</id>
      <name>Ares Victory: Globetrotter Clothing</name>
      <category>High-Fashion Armor Clothing</category>
      <armor>7</armor>
      <armorcapacity>10</armorcapacity>
      <avail>6</avail>
      <cost>600</cost>
      <addmodcategory>Globetrotter Clothing Liners</addmodcategory>
      <source>RG</source>
      <page>63</page>
    </armor>
    <armor>
      <id>401891e4-293c-4308-bd95-bdfb1eb08a72</id>
      <name>Ares Victory: Wild Hunt</name>
      <category>High-Fashion Armor Clothing</category>
      <armor>12</armor>
      <armorcapacity>10</armorcapacity>
      <avail>12</avail>
      <cost>3000</cost>
      <addmodcategory>Victory Liners</addmodcategory>
      <mods>
        <name>Gear Access</name>
      </mods>
      <gears>
        <usegear>Holster</usegear>
      </gears>
      <source>RG</source>
      <page>63</page>
    </armor>
    <armor>
      <id>3d0f09b9-2e73-4c10-9d44-184395be7aa2</id>
      <name>Ares Victory: Industrious</name>
      <category>High-Fashion Armor Clothing</category>
      <armor>9</armor>
      <armorcapacity>6</armorcapacity>
      <avail>6</avail>
      <cost>1100</cost>
      <bonus>
        <limitmodifier>
          <limit>Social</limit>
          <value>1</value>
          <condition>Only with appropriate corp, Must be visible</condition>
        </limitmodifier>
      </bonus>
			<mods>
				<name>Gear Access</name>
			</mods>
      <source>RG</source>
      <page>64</page>
    </armor>
    <armor>
      <id>a71e62ca-bf6f-43d0-bacf-454908d92fbb</id>
      <name>Ares Victory: Big Game Hunter</name>
      <category>High-Fashion Armor Clothing</category>
      <armor>14</armor>
      <armorcapacity>12</armorcapacity>
      <avail>12</avail>
      <cost>5000</cost>
      <addmodcategory>Victory Liners</addmodcategory>
      <mods>
        <name>Custom Fit</name>
        <name>Gear Access</name>
      </mods>
      <gears>
        <usegear>Holster</usegear>
      </gears>
      <source>RG</source>
      <page>64</page>
    </armor>
    <armor>
      <id>e6c9f9cb-fa30-445f-b6c7-b2017f63cbdd</id>
      <name>Ares Victory: Rapid Transit</name>
      <category>High-Fashion Armor Clothing</category>
      <armor>9</armor>
      <armorcapacity>6</armorcapacity>
      <avail>10</avail>
      <cost>400</cost>
      <addmodcategory>Rapid Transit Detailing</addmodcategory>
      <source>RG</source>
      <page>64</page>
    </armor>
    <armor>
      <id>790918b5-93fe-461e-8973-23d445bfaf93</id>
      <name>Form-Fitting Body Armor</name>
      <category>Specialty Armor</category>
      <armor>8</armor>
      <armorcapacity>3</armorcapacity>
      <avail>8</avail>
      <cost>1300</cost>
      <mods>
        <name>Custom Fit</name>
        <name>Concealability</name>
      </mods>
      <source>RG</source>
      <page>65</page>
    </armor>
    <armor>
      <id>e11b7746-40e2-493a-b35d-87b0dec5f3ca</id>
      <name>Hardened Mil-Spec Battle Armor: Light</name>
      <category>Specialty Armor</category>
      <armor>15</armor>
      <armorcapacity>15</armorcapacity>
      <avail>16F</avail>
      <cost>15000</cost>
      <bonus>
        <limitmodifier>
          <limit>Social</limit>
          <value>2</value>
          <condition>Only for intimidation, Must be visible</condition>
        </limitmodifier>
      </bonus>
			<mods>
				<name>Custom Fit</name>
				<name>Gear Access</name>
				<name>Restrictive</name>
			</mods>
      <source>RG</source>
      <page>66</page>
    </armor>
    <armor>
      <id>1c5ad9bc-35af-4079-b27c-f29a75ffe02f</id>
      <name>Hardened Mil-Spec Battle Armor: Medium</name>
      <category>Specialty Armor</category>
      <armor>18</armor>
      <armorcapacity>18</armorcapacity>
      <avail>18F</avail>
      <cost>20000</cost>
      <bonus>
        <limitmodifier>
          <limit>Social</limit>
          <value>2</value>
          <condition>Only for intimidation, Must be visible</condition>
        </limitmodifier>
      </bonus>
      <mods>
        <name>Custom Fit</name>
        <name>Gear Access</name>
        <name>Restrictive</name>
      </mods>
      <source>RG</source>
      <page>66</page>
    </armor>
    <armor>
      <id>5542ff34-3eb7-4482-806f-d5a1cd56064f</id>
      <name>Hardened Mil-Spec Battle Armor: Heavy</name>
      <category>Specialty Armor</category>
      <armor>20</armor>
      <armorcapacity>20</armorcapacity>
      <avail>22F</avail>
      <cost>25000</cost>
      <bonus>
        <limitmodifier>
          <limit>Social</limit>
          <value>2</value>
          <condition>Only for intimidation, Must be visible</condition>
        </limitmodifier>
      </bonus>
			<mods>
				<name>Custom Fit</name>
				<name>Gear Access</name>
				<name>Restrictive</name>
			</mods>
      <source>RG</source>
      <page>66</page>
    </armor>
    <armor>
      <id>eba04b96-c253-4fe0-8431-988d5a45d456</id>
      <name>Hardened Mil-Spec Battle Armor: Helmet</name>
      <category>Specialty Armor</category>
      <armor>+3</armor>
      <armorcapacity>8</armorcapacity>
      <avail>8F</avail>
      <cost>10000</cost>
      <source>RG</source>
      <page>66</page>
    </armor>
    <armor>
      <id>2c5b1217-c36a-4386-8f98-6657518ba91d</id>
      <name>Security Armor: Light</name>
      <category>Specialty Armor</category>
      <armor>15</armor>
      <armorcapacity>12</armorcapacity>
      <avail>14R</avail>
      <cost>8000</cost>
			<bonus>
				<limitmodifier>
					<limit>Social</limit>
					<value>1</value>
					<condition>Only for intimidation, Must be visible</condition>
				</limitmodifier>
			</bonus>
			<mods>
				<name>Custom Fit</name>
				<name>Gear Access</name>
				<name>Restrictive</name>
			</mods>
			<gears>
				<usegear>Holster</usegear>
			</gears>
      <source>RG</source>
      <page>67</page>
    </armor>
    <armor>
      <id>20606e03-592a-4bb8-938b-3985054505fa</id>
      <name>Security Armor: Medium</name>
      <category>Specialty Armor</category>
      <armor>18</armor>
      <armorcapacity>14</armorcapacity>
      <avail>16R</avail>
      <cost>14000</cost>
			<bonus>
				<limitmodifier>
					<limit>Social</limit>
					<value>1</value>
					<condition>Only for intimidation, Must be visible</condition>
				</limitmodifier>
			</bonus>
			<mods>
				<name>Custom Fit</name>
				<name>Gear Access</name>
				<name>Restrictive</name>
			</mods>
			<gears>
				<usegear>Holster</usegear>
			</gears>
      <source>RG</source>
      <page>67</page>
    </armor>
    <armor>
      <id>d553f4be-85cb-48b9-b7bd-4eea8a67418d</id>
      <name>Security Armor: Heavy</name>
      <category>Specialty Armor</category>
      <armor>20</armor>
      <armorcapacity>16</armorcapacity>
      <avail>18R</avail>
      <cost>20000</cost>
      <bonus>
        <limitmodifier>
          <limit>Social</limit>
          <value>1</value>
          <condition>Only for intimidation, Must be visible</condition>
        </limitmodifier>
      </bonus>
			<mods>
				<name>Custom Fit</name>
				<name>Gear Access</name>
				<name>Restrictive</name>
			</mods>
			<gears>
				<usegear>Holster</usegear>
			</gears>
      <source>RG</source>
      <page>67</page>
    </armor>
    <armor>
      <id>7270c272-fef6-4b93-ae78-aa4906d9dbd5</id>
      <name>Security Armor: Helmet</name>
      <category>Specialty Armor</category>
      <armor>+3</armor>
      <armorcapacity>5</armorcapacity>
      <avail>8R</avail>
      <cost>5000</cost>
      <source>RG</source>
      <page>67</page>
    </armor>
    <armor>
      <id>8f0c06ee-9915-415f-bf5b-26a4e3e517ea</id>
      <name>Bike Racing Armor</name>
      <category>Specialty Armor</category>
      <armor>8</armor>
      <armorcapacity>8</armorcapacity>
      <avail>6</avail>
      <cost>500</cost>
      <source>RG</source>
      <page>68</page>
    </armor>
    <armor>
      <id>43119c33-3c4a-4c71-acf4-71a277aa8118</id>
      <name>Bike Racing Helmet</name>
      <category>Specialty Armor</category>
      <armor>+2</armor>
      <armorcapacity>6</armorcapacity>
      <avail>6</avail>
      <cost>200</cost>
      <source>RG</source>
      <page>68</page>
    </armor>
    <armor>
      <id>acc71656-e891-4bb2-a8ef-fb077bb5eefd</id>
      <name>Bunker Gear</name>
      <category>Specialty Armor</category>
      <armor>6</armor>
      <armorcapacity>6</armorcapacity>
      <avail>6</avail>
      <cost>3000</cost>
      <bonus>
        <limitmodifier>
          <limit>Social</limit>
          <value>2</value>
          <condition>Only in emergency situations, Must be visible</condition>
        </limitmodifier>
      </bonus>
			<mods>
				<name rating="8">Fire Resistance</name>
				<name>Restrictive</name>
			</mods>
      <source>RG</source>
      <page>69</page>
    </armor>
    <armor>
      <id>5116893c-8102-4397-b7b8-f568f50560ab</id>
      <name>Bunker Gear Helmet</name>
      <category>Specialty Armor</category>
      <armor>+2</armor>
      <armorcapacity>3</armorcapacity>
      <avail>6</avail>
      <cost>750</cost>
      <source>RG</source>
      <page>69</page>
    </armor>
    <armor>
      <id>4cf22984-065a-4959-ab6c-2bf1b826f493</id>
      <name>Riot Control Armor</name>
      <category>Specialty Armor</category>
      <armor>14</armor>
      <armorcapacity>8</armorcapacity>
      <avail>10R</avail>
      <cost>5000</cost>
      <bonus>
        <limitmodifier>
          <limit>Social</limit>
          <value>2</value>
          <condition>Only for intimidation, Must be visible</condition>
        </limitmodifier>
      </bonus>
			<mods>
				<name>Padded</name>
				<name>Restrictive</name>
			</mods>
      <source>RG</source>
      <page>69</page>
    </armor>
    <armor>
      <id>9c03e0c2-251a-496b-902b-d0c6743568fd</id>
      <name>Riot Control Helmet</name>
      <category>Specialty Armor</category>
      <armor>+2</armor>
      <armorcapacity>6</armorcapacity>
      <avail>6R</avail>
      <cost>1000</cost>
      <source>RG</source>
      <page>69</page>
    </armor>
    <armor>
      <id>c6b7ed25-c5ff-464c-a6e1-776d9cdb7ac7</id>
      <name>SWAT Armor</name>
      <category>Specialty Armor</category>
      <armor>15</armor>
      <armorcapacity>15</armorcapacity>
      <avail>16R</avail>
      <cost>8000</cost>
      <bonus>
        <limitmodifier>
          <limit>Social</limit>
          <value>2</value>
          <condition>Only for intimidation, Must be visible; reduce by 1 in all other tests</condition>
        </limitmodifier>
      </bonus>
			<mods>
				<name>Gear Access</name>
			</mods>
      <source>RG</source>
      <page>70</page>
    </armor>
    <armor>
      <id>8408b3e7-87ff-4b6e-bfdc-19433ba356da</id>
      <name>SWAT Helmet</name>
      <category>Specialty Armor</category>
      <armor>+3</armor>
      <armorcapacity>8</armorcapacity>
      <avail>10R</avail>
      <cost>1500</cost>
      <source>RG</source>
      <page>70</page>
    </armor>
    <armor>
      <id>0997c43e-d59b-433f-b213-4de1cc5ab83a</id>
      <name>Securetech PPP: Arms Kit</name>
      <category>Specialty Armor</category>
      <armor>+1</armor>
      <armorcapacity>1</armorcapacity>
      <avail>6</avail>
      <cost>250</cost>
      <bonus>
        <limitmodifier>
          <limit>Social</limit>
          <value>-1</value>
          <condition>Must be visible</condition>
        </limitmodifier>
      </bonus>
      <source>RG</source>
      <page>70</page>
    </armor>
    <armor>
      <id>9bf19d62-ff32-49df-8e70-f1b1f8e8d769</id>
      <name>Securetech PPP: Legs Kit</name>
      <category>Specialty Armor</category>
      <armor>+1</armor>
      <armorcapacity>1</armorcapacity>
      <avail>6</avail>
      <cost>300</cost>
      <bonus>
        <limitmodifier>
          <limit>Social</limit>
          <value>-1</value>
          <condition>Must be visible</condition>
        </limitmodifier>
      </bonus>
      <source>RG</source>
      <page>70</page>
    </armor>
    <armor>
      <id>f3e262d5-c6ec-4e2e-9081-21d160d8c21b</id>
      <name>Securetech PPP: Vitals Kit</name>
      <category>Specialty Armor</category>
      <armor>+1</armor>
      <armorcapacity>1</armorcapacity>
      <avail>6</avail>
      <cost>350</cost>
      <bonus>
        <limitmodifier>
          <limit>Social</limit>
          <value>-1</value>
          <condition>Must be visible</condition>
        </limitmodifier>
      </bonus>
      <source>RG</source>
      <page>70</page>
    </armor>
    <armor>
      <id>b4a000b6-b256-48c1-a008-541eb13acf4b</id>
      <name>Body Armor Bag</name>
      <category>Specialty Armor</category>
      <armor>8</armor>
      <armorcapacity>4</armorcapacity>
      <avail>8</avail>
      <cost>750</cost>
      <bonus>
        <limitmodifier>
          <limit>Social</limit>
          <value>-1</value>
          <condition>Must be visible</condition>
        </limitmodifier>
      </bonus>
			<mods>
				<name>Concealability</name>
				<name>Restrictive</name>
			</mods>
      <source>RG</source>
      <page>70</page>
    </armor>
    <armor>
      <id>3134bbd7-350b-4d10-8902-25cb156e094f</id>
      <name>Chain Mail</name>
      <category>Specialty Armor</category>
      <armor>8</armor>
      <armorcapacity>2</armorcapacity>
      <avail>8</avail>
      <cost>900</cost>
      <bonus>
        <limitmodifier>
          <limit>Social</limit>
          <value>-1</value>
          <condition>Must be visible, general public only; increase by 1 with gang members</condition>
        </limitmodifier>
      </bonus>
      <source>RG</source>
      <page>71</page>
    </armor>
    <armor>
      <id>deef9bf9-b4a5-4084-baea-98045cdb4389</id>
      <name>Padded Leather</name>
      <category>Specialty Armor</category>
      <armor>7</armor>
      <armorcapacity>2</armorcapacity>
      <avail>8</avail>
      <cost>600</cost>
      <bonus>
        <limitmodifier>
          <limit>Social</limit>
          <value>-1</value>
          <condition>Must be visible, general public only; increase by 1 with gang members</condition>
        </limitmodifier>
      </bonus>
			<mods>
				<name>Custom Fit</name>
				<name>Padded</name>
			</mods>
      <source>RG</source>
      <page>72</page>
    </armor>
    <armor>
      <id>d90a8823-7387-4c50-bc47-3d63f0ffd543</id>
      <name>Ares Flashield</name>
      <category>Specialty Armor</category>
      <armor>+6</armor>
      <armorcapacity>4</armorcapacity>
      <avail>12R</avail>
      <cost>4000</cost>
      <gears>
        <usegear>Grenade: Flash-Pak</usegear>
      </gears>
      <source>RG</source>
      <page>72</page>
    </armor>
    <armor>
      <id>31675672-3476-4a2f-8acf-605702ae4c66</id>
      <name>Murder Armor</name>
      <category>Specialty Armor</category>
      <armor>13</armor>
      <armorcapacity>4</armorcapacity>
      <avail>12R</avail>
      <cost>5000</cost>
      <mods>
        <name>Custom Fit</name>
      </mods>
      <gears>
        <usegear>Biomonitor</usegear>
        <usegear>Holster</usegear>
      </gears>
      <source>RG</source>
      <page>72</page>
    </armor>
    <armor>
      <id>1c5f484a-996c-4518-bf23-677a506b2ea5</id>
      <name>Forearm Guards</name>
      <category>Specialty Armor</category>
      <armor>+1</armor>
      <armorcapacity>3</armorcapacity>
      <avail>6</avail>
      <cost>300</cost>
      <source>RG</source>
      <page>73</page>
    </armor>
    <armor>
      <id>9f88a210-9ec6-4fc5-ad91-ffb7e7051447</id>
      <name>Ballistic Mask</name>
      <category>Specialty Armor</category>
      <armor>+2</armor>
      <armorcapacity>8</armorcapacity>
      <avail>6</avail>
      <cost>150</cost>
      <bonus>
        <limitmodifier>
          <limit>Social</limit>
          <value>1</value>
          <condition>Only for intimidation, Must be visible</condition>
        </limitmodifier>
      </bonus>
      <addmodcategory>Ballistic Mask</addmodcategory>
      <source>RG</source>
      <page>74</page>
    </armor>
    <armor>
      <id>608d5c68-aba1-40e5-8100-d2615a39a2f3</id>
      <name>Custom Ballistic Mask</name>
      <category>Specialty Armor</category>
      <armor>+2</armor>
      <armorcapacity>8</armorcapacity>
      <avail>6</avail>
      <cost>300</cost>
      <bonus>
        <limitmodifier>
          <limit>Social</limit>
          <value>2</value>
          <condition>Only for intimidation, Must be visible</condition>
        </limitmodifier>
      </bonus>
      <addmodcategory>Ballistic Mask</addmodcategory>
      <source>RG</source>
      <page>74</page>
    </armor>
    <armor>
      <id>3b4717da-bdbf-4ca6-8399-85399afeafa6</id>
      <name>Ghillie Suit</name>
      <category>Specialty Armor</category>
      <armor>4</armor>
      <armorcapacity>4</armorcapacity>
      <avail>6</avail>
      <cost>600</cost>
      <mods>
        <name>Restrictive</name>
      </mods>
      <source>RG</source>
      <page>75</page>
    </armor>
    <armor>
      <id>54ce4431-5cbe-461b-bd52-16e9236f0694</id>
      <name>Ares Armored Survivalist</name>
      <category>Specialty Armor</category>
      <armor>8</armor>
      <armorcapacity>6</armorcapacity>
      <avail>10</avail>
      <cost>1500</cost>
      <bonus>
        <limitmodifier>
          <limit>Social</limit>
          <value>-1</value>
          <condition>Must be visible</condition>
        </limitmodifier>
      </bonus>
      <addmodcategory>Globetrotter Jacket Liners</addmodcategory>
      <source>RG</source>
      <page>75</page>
    </armor>
    <armor>
      <id>984a0c2e-d3e1-4137-bbc7-8a7f9009eac4</id>
      <name>Desert Suit</name>
      <category>Specialty Armor</category>
      <armor>3</armor>
      <armorcapacity>2</armorcapacity>
      <avail>8</avail>
      <cost>1000</cost>
      <mods>
        <name>Custom Fit</name>
      </mods>
      <gears>
        <usegear>Flare Compensation</usegear>
      </gears>
      <source>RG</source>
      <page>75</page>
    </armor>
    <armor>
      <id>541acec2-bd2f-4684-b0f8-c85bb45d1e8d</id>
      <name>Snake Mesh Socks</name>
      <category>Specialty Armor</category>
      <armor>+0</armor>
      <armorcapacity>0</armorcapacity>
      <avail>6</avail>
      <cost>50</cost>
      <source>RG</source>
      <page>76</page>
    </armor>
    <armor>
      <id>a13859be-0889-4554-84b4-7f62a513233e</id>
      <name>Coldsuit</name>
      <category>Specialty Armor</category>
      <armor>0</armor>
      <armorcapacity>4</armorcapacity>
      <avail>4</avail>
      <cost>800</cost>
      <mods>
        <name rating="4">Insulation</name>
      </mods>
      <gears>
        <usegear>Flare Compensation</usegear>
      </gears>
      <source>RG</source>
      <page>76</page>
    </armor>
    <armor>
      <id>fa5c069b-416c-4938-adf5-62e155455161</id>
      <name>Polar Survival Suit</name>
      <category>Specialty Armor</category>
      <armor>6</armor>
      <armorcapacity>6</armorcapacity>
      <avail>8</avail>
      <cost>2000</cost>
      <mods>
        <name rating="6">Insulation</name>
        <name rating="4">Thermal Damping</name>
      </mods>
      <gears>
        <usegear>Flare Compensation</usegear>
      </gears>
      <source>RG</source>
      <page>76</page>
    </armor>
    <armor>
      <id>28c1d806-5db7-4d22-8ce2-66bc8778a29b</id>
      <name>Ares Arctic Forces Suit</name>
      <category>Specialty Armor</category>
      <armor>15</armor>
      <armorcapacity>14</armorcapacity>
      <avail>16R</avail>
      <cost>11000</cost>
      <bonus>
        <limitmodifier>
          <limit>Physical</limit>
          <value>1</value>
          <condition>Only for climbing tests</condition>
        </limitmodifier>
      </bonus>
			<mods>
				<name>Custom Fit</name>
				<name rating="5">Insulation</name>
				<name rating="4">Thermal Damping</name>
				<name>Gear Access</name>
			</mods>
			<gears>
				<usegear>Gas Mask</usegear>
				<usegear>Flare Compensation</usegear>
			</gears>
      <source>RG</source>
      <page>77</page>
    </armor>
    <armor>
      <id>e76e2b43-e81e-49df-90a6-6f1a466a4009</id>
      <name>Ares Armored Coldsuit</name>
      <category>Specialty Armor</category>
      <armor>9</armor>
      <armorcapacity>6</armorcapacity>
      <avail>6</avail>
      <cost>1200</cost>
      <mods>
        <name>Custom Fit</name>
        <name rating="4">Insulation</name>
        <name>Restrictive</name>
      </mods>
      <gears>
        <usegear>Flare Compensation</usegear>
      </gears>
      <source>RG</source>
      <page>78</page>
    </armor>
    <armor>
      <id>1b1c717f-740a-41e0-b0fc-605e38575c91</id>
      <name>Ares Polar Sneak Suit</name>
      <category>Specialty Armor</category>
      <armor>6</armor>
      <armorcapacity>4</armorcapacity>
      <avail>16F</avail>
      <cost>10000</cost>
      <mods>
        <name>Custom Fit</name>
        <name rating="3">Ruthenium Polymer Coating</name>
      </mods>
      <gears>
        <usegear>Flare Compensation</usegear>
      </gears>
      <source>RG</source>
      <page>78</page>
    </armor>
    <armor>
      <id>025f360f-f143-46a5-bfc7-e4e7ec5af37c</id>
      <name>Enclosed Breathing Helmet</name>
      <category>Specialty Armor</category>
      <armor>+0</armor>
      <armorcapacity>6</armorcapacity>
      <avail>8</avail>
      <cost>900</cost>
      <gears>
        <usegear>Low Light</usegear>
      </gears>
      <source>RG</source>
      <page>79</page>
    </armor>
    <armor>
      <id>feb98de4-5e5b-473f-a31a-a73ca36d0e1d</id>
      <name>Full Face Mask</name>
      <category>Specialty Armor</category>
      <armor>+0</armor>
      <armorcapacity>4</armorcapacity>
      <avail>8</avail>
      <cost>300</cost>
      <gears>
        <usegear>Gas Mask</usegear>
      </gears>
      <source>RG</source>
      <page>79</page>
    </armor>
    <armor>
      <id>b53bd60a-2687-4554-ae10-8309ee3c2991</id>
      <name>Drysuit</name>
      <category>Specialty Armor</category>
      <armor>+0</armor>
      <armorcapacity>4</armorcapacity>
      <avail>6</avail>
      <cost>2500</cost>
      <mods>
        <name>Chemical Seal</name>
        <name rating="4">Insulation</name>
      </mods>
      <source>RG</source>
      <page>79</page>
    </armor>
    <armor>
      <id>f2aab6fa-645a-4d39-a612-91d3ee9e6bce</id>
      <name>Diving Armor</name>
      <category>Specialty Armor</category>
      <armor>7</armor>
      <armorcapacity>4</armorcapacity>
      <avail>6</avail>
      <cost>1750</cost>
      <mods>
        <name rating="4">Chemical Protection</name>
      </mods>
      <source>RG</source>
      <page>80</page>
    </armor>
    <armor>
      <id>321a8d8f-5bbd-46cf-b6f9-3c79e662c311</id>
      <name>Arctic Diving Suit</name>
      <category>Specialty Armor</category>
      <armor>1</armor>
      <armorcapacity>4</armorcapacity>
      <avail>8</avail>
      <cost>3000</cost>
      <mods>
        <name rating="8">Insulation</name>
      </mods>
      <source>RG</source>
      <page>80</page>
    </armor>
    <armor>
      <id>81fdc8a3-7106-4b08-a1f4-c72140bc90fc</id>
      <name>Evo Hel Suit</name>
      <category>Specialty Armor</category>
      <armor>8</armor>
      <armorcapacity>5</armorcapacity>
      <avail>10</avail>
      <cost>3000</cost>
      <mods>
        <name rating="4">Insulation</name>
        <name rating="2">Fire Resistance</name>
        <name rating="3">Radiation Shielding</name>
        <name rating="2">Chemical Protection</name>
        <name>Custom Fit</name>
      </mods>
      <gears>
        <usegear>Gas Mask</usegear>
      </gears>
      <source>RG</source>
      <page>81</page>
    </armor>
    <armor>
      <id>ff733b15-c489-467d-b8cf-ac5e24639ed3</id>
      <name>Spacesuit</name>
      <category>Specialty Armor</category>
      <armor>12</armor>
      <armorcapacity>6</armorcapacity>
      <avail>16</avail>
      <cost>12000</cost>
      <mods>
        <name>Chemical Seal</name>
        <name rating="6">Insulation</name>
        <name rating="4">Thermal Damping</name>
        <name>Custom Fit</name>
      </mods>
      <gears>
        <usegear>Renraku Sensei</usegear>
        <usegear>Flare Compensation</usegear>
        <usegear>Biomonitor</usegear>
      </gears>
      <source>RG</source>
      <page>81</page>
    </armor>
    <armor>
      <id>ed958de6-17e6-47e6-8374-815ae2cba02a</id>
      <name>Security Spacesuit</name>
      <category>Specialty Armor</category>
      <armor>15</armor>
      <armorcapacity>10</armorcapacity>
      <avail>24</avail>
      <cost>25000</cost>
      <mods>
        <name>Chemical Seal</name>
        <name rating="6">Insulation</name>
        <name rating="4">Thermal Damping</name>
        <name>Custom Fit</name>
      </mods>
      <gears>
        <usegear>Renraku Sensei</usegear>
        <usegear>Flare Compensation</usegear>
        <usegear>Biomonitor</usegear>
      </gears>
      <source>RG</source>
      <page>81</page>
    </armor>
    <armor>
      <id>8c47595f-b22c-44b7-8191-a5fd04f6a07a</id>
      <name>Evo Armadillo Armored Spacesuit</name>
      <category>Specialty Armor</category>
      <armor>16</armor>
      <armorcapacity>10</armorcapacity>
      <avail>24R</avail>
      <cost>35000</cost>
      <mods>
        <name>Chemical Seal</name>
        <name rating="6">Insulation</name>
        <name rating="4">Fire Resistance</name>
        <name rating="4">Thermal Damping</name>
        <name>Custom Fit</name>
      </mods>
      <gears>
        <usegear>Renraku Sensei</usegear>
        <usegear>Biomonitor</usegear>
      </gears>
      <source>RG</source>
      <page>82</page>
    </armor>
    <armor>
      <id>5f6058e9-d026-492e-8f3f-0da6a54d90d6</id>
      <name>Magnetic Boots</name>
      <category>Specialty Armor</category>
      <armor>+0</armor>
      <armorcapacity>4</armorcapacity>
      <avail>12</avail>
      <cost>2500</cost>
      <mods>
        <name>Custom Fit</name>
      </mods>
      <source>RG</source>
      <page>83</page>
    </armor>
    <armor>
      <id>6189e85c-e944-40bf-bad7-4e2c2eb881cd</id>
      <name>Survival Bubble, Rating 1</name>
      <category>Specialty Armor</category>
      <armor>4</armor>
      <armorcapacity>4</armorcapacity>
      <avail>3</avail>
      <cost>2000</cost>
      <source>RG</source>
      <page>83</page>
    </armor>
    <armor>
      <id>05c38a2d-237d-49ba-94b8-e549bdfb5f84</id>
      <name>Survival Bubble, Rating 2</name>
      <category>Specialty Armor</category>
      <armor>4</armor>
      <armorcapacity>4</armorcapacity>
      <avail>6</avail>
      <cost>2000</cost>
      <source>RG</source>
      <page>83</page>
    </armor>
    <armor>
      <id>6f23a99f-40a1-41e0-ac15-f768c04beb82</id>
      <name>Survival Bubble, Rating 3</name>
      <category>Specialty Armor</category>
      <armor>4</armor>
      <armorcapacity>4</armorcapacity>
      <avail>9</avail>
      <cost>2000</cost>
      <source>RG</source>
      <page>83</page>
    </armor>
    <armor>
      <id>cbce4c66-d75e-4fea-8b6a-0564f5ef01c0</id>
      <name>Survival Bubble, Rating 4</name>
      <category>Specialty Armor</category>
      <armor>4</armor>
      <armorcapacity>4</armorcapacity>
      <avail>12</avail>
      <cost>2000</cost>
      <source>RG</source>
      <page>83</page>
    </armor>
    <armor>
      <id>6c773f91-8be3-4610-94f9-bfef1bc1c91d</id>
      <name>Survival Bubble, Rating 5</name>
      <category>Specialty Armor</category>
      <armor>4</armor>
      <armorcapacity>4</armorcapacity>
      <avail>15</avail>
      <cost>2000</cost>
      <source>RG</source>
      <page>83</page>
    </armor>
    <armor>
      <id>5b95ee2b-2e3c-405a-8f56-ee1d78ad4d51</id>
      <name>Survival Bubble, Rating 6</name>
      <category>Specialty Armor</category>
      <armor>4</armor>
      <armorcapacity>4</armorcapacity>
      <avail>18</avail>
      <cost>2000</cost>
      <source>RG</source>
      <page>83</page>
    </armor>
    <armor>
      <id>c9861472-4784-44bf-ab25-8d71c03954e6</id>
      <name>MCT EE Suit</name>
      <category>Specialty Armor</category>
      <armor>6</armor>
      <armorcapacity>5</armorcapacity>
      <avail>10</avail>
      <cost>2500</cost>
      <mods>
        <name>Chemical Seal</name>
        <name rating="4">Fire Resistance</name>
        <name rating="6">Radiation Shielding</name>
      </mods>
      <source>RG</source>
      <page>83</page>
    </armor>
		<!-- End Region -->
		<!-- Region Bullets & Bandages -->
    <armor>
			<id>93d7a7d9-02d7-418d-a30e-e31cbb21c103</id>
			<name>Pneumatic Anti-Shock Garments</name>
			<category>Specialty Armor</category>
			<armor>3</armor>
			<armorcapacity>4</armorcapacity>
			<avail>6</avail>
			<cost>500</cost>
			<source>BB</source>
			<page>23</page>
		</armor>
		<!-- End Region -->
		<!-- Region Hard Targets -->
		<armor>
			<id>6a50c63e-f6a9-4023-9ee9-d4b13ded6a9e</id>
			<name>Cloak</name>
			<category>Cloaks</category>
			<rating>6</rating>
			<armor>0</armor>
			<armorcapacity>Rating</armorcapacity>
			<avail>0</avail>
      <cost>100 * Rating</cost>
			<bonus>
				<limitmodifier>
					<limit>Social</limit>
					<value>-1</value>
				</limitmodifier>
			</bonus>
			<source>HT</source>
			<page>184</page>
    </armor>
		<armor>
			<id>fc4074b5-b48a-43d4-8d9c-25a11da2a6a8</id>
			<name>Designer Cloak</name>
			<category>Cloaks</category>
			<rating>6</rating>
			<armor>0</armor>
			<armorcapacity>Rating</armorcapacity>
			<avail>0</avail>
			<cost>(100 * Rating) + 300</cost>
			<source>HT</source>
			<page>184</page>
		</armor>
		<armor>
			<id>678353a1-b697-442a-aa3a-6e34b9178c4b</id>
			<name>Ruthenium Polymer Cloak</name>
			<category>Cloaks</category>
			<rating>4</rating>
			<armor>0</armor>
			<armorcapacity>Rating</armorcapacity>
			<avail>14F</avail>
			<cost>4000 * Rating</cost>
			<source>HT</source>
			<page>184</page>
		</armor>
	<armor>
			<id>76770acb-ec35-4e8b-ba8c-f757c34ca47f</id>
			<name>One-Use Shoes</name>
			<category>Clothing</category>
			<armor>0</armor>
			<armorcapacity>0</armorcapacity>
			<avail>0</avail>
			<cost>2</cost>
			<source>RF</source>
			<page>253</page>
		</armor>
		<armor>
			<id>7fdd5a97-2608-4f5e-b377-744b8001942e</id>
			<name>One-Use Pants</name>
			<category>Clothing</category>
			<armor>0</armor>
			<armorcapacity>0</armorcapacity>
			<avail>0</avail>
			<cost>2</cost>
			<source>RF</source>
			<page>253</page>
		</armor>
		<armor>
			<id>cd46bf71-1cc1-4a0c-af75-60f1c91d7daf</id>
			<name>One-Use Shirt</name>
			<category>Clothing</category>
			<armor>0</armor>
			<armorcapacity>0</armorcapacity>
			<avail>0</avail>
			<cost>2</cost>
			<source>RF</source>
			<page>253</page>
		</armor>
		<armor>
			<id>d34a47eb-6f2d-449a-ac81-5a450c776c4a</id>
			<name>One-Use Skirt</name>
			<category>Clothing</category>
			<armor>0</armor>
			<armorcapacity>0</armorcapacity>
			<avail>0</avail>
			<cost>2</cost>
			<source>RF</source>
			<page>253</page>
		</armor>
		<armor>
			<id>dc78601d-7171-470e-8d7d-2e772cbcbfb2</id>
			<name>Cheap Shoes</name>
			<category>Clothing</category>
			<armor>0</armor>
			<armorcapacity>0</armorcapacity>
			<avail>0</avail>
			<cost>10</cost>
			<source>RF</source>
			<page>253</page>
		</armor>
		<armor>
			<id>024cca53-0d3a-4c89-bb73-a885b7d6111e</id>
			<name>Cheap Pants</name>
			<category>Clothing</category>
			<armor>0</armor>
			<armorcapacity>0</armorcapacity>
			<avail>0</avail>
			<cost>10</cost>
			<source>RF</source>
			<page>253</page>
		</armor>
		<armor>
			<id>fe363b10-a801-4049-9d5b-1908c6a6b9fc</id>
			<name>Cheap Shirt</name>
			<category>Clothing</category>
			<armor>0</armor>
			<armorcapacity>0</armorcapacity>
			<avail>0</avail>
			<cost>10</cost>
			<source>RF</source>
			<page>253</page>
		</armor>
		<armor>
			<id>9a680b0f-adcc-42a1-9ab5-417f51cf6b2f</id>
			<name>Cheap Skirt</name>
			<category>Clothing</category>
			<armor>0</armor>
			<armorcapacity>0</armorcapacity>
			<avail>0</avail>
			<cost>10</cost>
			<source>RF</source>
			<page>253</page>
		</armor>
		<armor>
			<id>99912fac-51df-4afb-88d1-1ff1a2c6fd2a</id>
			<name>Good Shoes</name>
			<category>Clothing</category>
			<armor>0</armor>
			<armorcapacity>0</armorcapacity>
			<avail>0</avail>
			<cost>50</cost>
			<source>RF</source>
			<page>253</page>
		</armor>
		<armor>
			<id>da996700-0e80-48a0-88fa-407828efc902</id>
			<name>Good Pants</name>
			<category>Clothing</category>
			<armor>0</armor>
			<armorcapacity>0</armorcapacity>
			<avail>0</avail>
			<cost>50</cost>
			<source>RF</source>
			<page>253</page>
		</armor>
		<armor>
			<id>f07da344-b605-4756-9a2e-ec6a40520d09</id>
			<name>Good Shirt</name>
			<category>Clothing</category>
			<armor>0</armor>
			<armorcapacity>0</armorcapacity>
			<avail>0</avail>
			<cost>50</cost>
			<source>RF</source>
			<page>253</page>
		</armor>
		<armor>
			<id>f354f55c-17c2-480b-88d2-f2b84ddd5b6f</id>
			<name>Good Skirt</name>
			<category>Clothing</category>
			<armor>0</armor>
			<armorcapacity>0</armorcapacity>
			<avail>0</avail>
			<cost>50</cost>
			<source>RF</source>
			<page>253</page>
		</armor>
		<armor>
			<id>b7d83159-2840-4a10-985f-4ef346715c80</id>
			<name>Nice Shoes</name>
			<category>Clothing</category>
			<armor>0</armor>
			<armorcapacity>0</armorcapacity>
			<avail>0</avail>
			<cost>200</cost>
			<source>RF</source>
			<page>253</page>
		</armor>
		<armor>
			<id>4f17f85d-1dbb-446c-b531-56b2b12997f4</id>
			<name>Nice Pants</name>
			<category>Clothing</category>
			<armor>0</armor>
			<armorcapacity>0</armorcapacity>
			<avail>0</avail>
			<cost>200</cost>
			<source>RF</source>
			<page>253</page>
		</armor>
		<armor>
			<id>473a06bb-e675-439b-bf60-51849402662d</id>
			<name>Nice Shirt</name>
			<category>Clothing</category>
			<armor>0</armor>
			<armorcapacity>0</armorcapacity>
			<avail>0</avail>
			<cost>200</cost>
			<source>RF</source>
			<page>253</page>
		</armor>
		<armor>
			<id>2665c5dd-cb7b-40f6-afc3-ea820136948b</id>
			<name>Nice Skirt</name>
			<category>Clothing</category>
			<armor>0</armor>
			<armorcapacity>0</armorcapacity>
			<avail>0</avail>
			<cost>200</cost>
			<source>RF</source>
			<page>253</page>
		</armor>
		<armor>
			<id>d0ff6dbc-e089-4ad0-88e3-79db8ff9f5b1</id>
			<name>Cheap Dress</name>
			<category>Clothing</category>
			<armor>0</armor>
			<armorcapacity>0</armorcapacity>
			<avail>0</avail>
			<cost>200</cost>
			<source>RF</source>
			<page>253</page>
		</armor>
		<armor>
			<id>a2deaf94-855d-4d90-a711-07d590e22618</id>
			<name>Cheap Suit</name>
			<category>Clothing</category>
			<armor>0</armor>
			<armorcapacity>0</armorcapacity>
			<avail>0</avail>
			<cost>200</cost>
			<source>RF</source>
			<page>253</page>
		</armor>
		<armor>
			<id>fdcdc666-a830-4b5c-8215-c61aae183d95</id>
			<name>Good Dress</name>
			<category>Clothing</category>
			<armor>0</armor>
			<armorcapacity>0</armorcapacity>
			<avail>4</avail>
			<cost>1000</cost>
			<source>RF</source>
			<page>253</page>
		</armor>
		<armor>
			<id>3a2a9343-7c56-480a-90c8-e510be2ea80f</id>
			<name>Good Suit</name>
			<category>Clothing</category>
			<armor>0</armor>
			<armorcapacity>0</armorcapacity>
			<avail>4</avail>
			<cost>1000</cost>
			<source>RF</source>
			<page>253</page>
		</armor>
		<armor>
			<id>0f452a31-054c-48f2-9021-9b430c07301e</id>
			<name>Nice Dress</name>
			<category>Clothing</category>
			<armor>0</armor>
			<armorcapacity>0</armorcapacity>
			<avail>8</avail>
			<cost>10000</cost>
			<source>RF</source>
			<page>253</page>
		</armor>
		<armor>
			<id>9414386d-cc22-4dd9-9a0a-ce94c79d4f09</id>
			<name>Nice Suit</name>
			<category>Clothing</category>
			<armor>0</armor>
			<armorcapacity>0</armorcapacity>
			<avail>8</avail>
			<cost>10000</cost>
			<source>RF</source>
			<page>253</page>
		</armor>
		<armor>
			<id>7c2bb0b3-ae60-4c27-a720-561ad6953e83</id>
			<name>Tuxedo Rental</name>
			<category>Clothing</category>
			<armor>0</armor>
			<armorcapacity>0</armorcapacity>
			<avail>0</avail>
			<cost>75</cost>
			<source>RF</source>
			<page>253</page>
		</armor>
		<armor>
			<id>2b09566c-ece5-497d-bafd-600f9cec9763</id>
			<name>Hat</name>
			<category>Clothing</category>
			<armor>0</armor>
			<armorcapacity>0</armorcapacity>
			<avail>0</avail>
			<cost>20</cost>
			<source>RF</source>
			<page>253</page>
		</armor>
		<armor>
			<id>ec3b8987-f7d2-470d-ab08-72325b2c6a12</id>
			<name>Ski Mask</name>
			<category>Clothing</category>
			<armor>0</armor>
			<armorcapacity>0</armorcapacity>
			<avail>0</avail>
			<cost>5</cost>
			<source>RF</source>
			<page>253</page>
		</armor>
		<armor>
			<id>040b3f4b-014c-46fa-bdf8-1a96334ecc27</id>
			<name>Coveralls</name>
			<category>Clothing</category>
			<armor>0</armor>
			<armorcapacity>0</armorcapacity>
			<avail>0</avail>
			<cost>50</cost>
			<source>RF</source>
			<page>253</page>
		</armor>
		<armor>
			<id>1e440489-b800-4e5f-904b-98ef1591402b</id>
			<name>Cheap Socks</name>
			<category>Clothing</category>
			<armor>0</armor>
			<armorcapacity>0</armorcapacity>
			<avail>0</avail>
			<cost>2</cost>
			<source>RF</source>
			<page>253</page>
		</armor>
		<armor>
			<id>7e13ee6d-5698-4b1e-bf93-7735bec4c0bc</id>
			<name>Cheap Undergarments</name>
			<category>Clothing</category>
			<armor>0</armor>
			<armorcapacity>0</armorcapacity>
			<avail>0</avail>
			<cost>2</cost>
			<source>RF</source>
			<page>253</page>
		</armor>
		<armor>
			<id>079d6bd6-d778-4bff-a2fb-23e849e74ec4</id>
			<name>Good Socks</name>
			<category>Clothing</category>
			<armor>0</armor>
			<armorcapacity>0</armorcapacity>
			<avail>0</avail>
			<cost>10</cost>
			<source>RF</source>
			<page>253</page>
		</armor>
		<armor>
			<id>68eabf76-7e06-41a7-8717-2fdce3be8082</id>
			<name>Good Undergarments</name>
			<category>Clothing</category>
			<armor>0</armor>
			<armorcapacity>0</armorcapacity>
			<avail>0</avail>
			<cost>10</cost>
			<source>RF</source>
			<page>253</page>
		</armor>
		<armor>
			<id>5293b8a8-32fd-4df4-ae86-6b909b952432</id>
			<name>Nice Socks</name>
			<category>Clothing</category>
			<armor>0</armor>
			<armorcapacity>0</armorcapacity>
			<avail>0</avail>
			<cost>50</cost>
			<source>RF</source>
			<page>253</page>
		</armor>
		<armor>
			<id>675b4735-227e-4395-8f62-bd9a62670474</id>
			<name>Nice Undergarments</name>
			<category>Clothing</category>
			<armor>0</armor>
			<armorcapacity>0</armorcapacity>
			<avail>0</avail>
			<cost>50</cost>
			<source>RF</source>
			<page>253</page>
		</armor>
		<armor>
			<id>bc259ccc-e96b-48b4-a3ac-0ff67b35b24f</id>
			<name>One-Use Gloves</name>
			<category>Clothing</category>
			<armor>0</armor>
			<armorcapacity>0</armorcapacity>
			<avail>0</avail>
			<cost>2</cost>
			<source>RF</source>
			<page>253</page>
		</armor>
		<armor>
			<id>d8016291-050d-413d-8896-0ee1bc1063a6</id>
			<name>Cheap Gloves</name>
			<category>Clothing</category>
			<armor>0</armor>
			<armorcapacity>0</armorcapacity>
			<avail>0</avail>
			<cost>10</cost>
			<source>RF</source>
			<page>253</page>
		</armor>
		<armor>
			<id>f93ceb9d-1736-4e51-b550-0275822c4d3e</id>
			<name>Cheap Watch</name>
			<category>Clothing</category>
			<armor>0</armor>
			<armorcapacity>0</armorcapacity>
			<avail>0</avail>
			<cost>10</cost>
			<source>RF</source>
			<page>253</page>
		</armor>
		<armor>
			<id>fd904a19-c1d3-4926-90a8-697dc77ea42b</id>
			<name>Cheap Jewelry</name>
			<category>Clothing</category>
			<armor>0</armor>
			<armorcapacity>0</armorcapacity>
			<avail>0</avail>
			<cost>10</cost>
			<source>RF</source>
			<page>253</page>
		</armor>
		<armor>
			<id>feff1c2b-deab-4280-bc98-55e9b856bb42</id>
			<name>Good Gloves</name>
			<category>Clothing</category>
			<armor>0</armor>
			<armorcapacity>0</armorcapacity>
			<avail>0</avail>
			<cost>50</cost>
			<source>RF</source>
			<page>253</page>
		</armor>
		<armor>
			<id>86a9692a-ad7c-4c37-bd52-aac1680c91a0</id>
			<name>Good Watch</name>
			<category>Clothing</category>
			<armor>0</armor>
			<armorcapacity>0</armorcapacity>
			<avail>0</avail>
			<cost>50</cost>
			<source>RF</source>
			<page>253</page>
		</armor>
		<armor>
			<id>4a2e90f7-487a-4fa2-a51d-1d9695e0f66f</id>
			<name>Good Jewelry</name>
			<category>Clothing</category>
			<armor>0</armor>
			<armorcapacity>0</armorcapacity>
			<avail>0</avail>
			<cost>50</cost>
			<source>RF</source>
			<page>253</page>
		</armor>
		<armor>
			<id>e98c2113-306a-4596-abcb-46607c432cfb</id>
			<name>Nice Gloves</name>
			<category>Clothing</category>
			<armor>0</armor>
			<armorcapacity>0</armorcapacity>
			<avail>0</avail>
			<cost>200</cost>
			<source>RF</source>
			<page>253</page>
		</armor>
		<armor>
			<id>7e081824-e64e-4d7a-8621-eba30197362a</id>
			<name>Nice Watch</name>
			<category>Clothing</category>
			<armor>0</armor>
			<armorcapacity>0</armorcapacity>
			<avail>0</avail>
			<cost>200</cost>
			<source>RF</source>
			<page>253</page>
		</armor>
		<armor>
			<id>9fc5642a-1670-4907-82cb-179a441d11f0</id>
			<name>Nice Jewelry</name>
			<category>Clothing</category>
			<armor>0</armor>
			<armorcapacity>0</armorcapacity>
			<avail>0</avail>
			<cost>200</cost>
			<source>RF</source>
			<page>253</page>
		</armor>
		<armor>
			<id>f3cc02db-5049-462c-957b-75859e852408</id>
			<name>Decent Diamond Ring</name>
			<category>Clothing</category>
			<armor>0</armor>
			<armorcapacity>0</armorcapacity>
			<avail>0</avail>
			<cost>500</cost>
			<source>RF</source>
			<page>253</page>
		</armor>
		<armor>
			<id>5bdb85d7-41b9-4885-a37c-fc27f6b2c2e0</id>
			<name>Large Diamond Ring</name>
			<category>Clothing</category>
			<armor>0</armor>
			<armorcapacity>0</armorcapacity>
			<avail>0</avail>
			<cost>5000</cost>
			<source>RF</source>
			<page>253</page>
		</armor>
  </armors>
  <mods>
		<!-- Region Shadowrun 5 -->
    <mod>
      <id>9ee8e6ad-2472-485d-ae42-d1978749b456</id>
      <name>Electrochromic Clothing</name>
      <category>General</category>
      <armor>0</armor>
      <maxrating>1</maxrating>
      <armorcapacity>[0]</armorcapacity>
      <avail>+2</avail>
      <cost>500</cost>
      <source>SR5</source>
      <page>437</page>
    </mod>
    <mod>
      <id>3fdd4706-9052-4c6b-8c2c-61dbb5c1f16f</id>
      <name>Feedback Clothing</name>
      <category>Clothing</category>
      <armor>0</armor>
      <maxrating>1</maxrating>
      <armorcapacity>[0]</armorcapacity>
      <avail>8</avail>
      <cost>500</cost>
      <source>SR5</source>
      <page>437</page>
    </mod>
    <mod>
      <id>142031f9-ab13-4dd0-a5a4-2cc4d06055ea</id>
      <name>(Synth)Leather</name>
      <category>Clothing</category>
      <armor>4</armor>
      <maxrating>1</maxrating>
      <armorcapacity>[0]</armorcapacity>
      <avail>0</avail>
      <cost>200</cost>
      <source>SR5</source>
      <page>437</page>
    </mod>
    <mod>
      <id>480b7c5d-758b-4833-8bfd-9487e2455f7d</id>
      <name>Chemical Protection</name>
      <category>General</category>
      <armor>0</armor>
      <maxrating>6</maxrating>
      <armorcapacity>FixedValues([1],[2],[3],[4],[5],[6])</armorcapacity>
      <avail>6</avail>
      <cost>Rating * 250</cost>
      <source>SR5</source>
      <page>437</page>
    </mod>
    <mod>
      <id>1e002d2e-cd93-4cef-a666-b6c6449f4e9f</id>
      <name>Chemical Seal</name>
      <category>General</category>
      <armor>0</armor>
      <maxrating>1</maxrating>
      <armorcapacity>[6]</armorcapacity>
      <avail>12R</avail>
      <cost>3000</cost>
      <source>SR5</source>
      <page>437</page>
    </mod>
    <mod>
      <id>dd246520-7306-40fb-88b4-c9cb031208fc</id>
      <name>Fire Resistance</name>
      <category>General</category>
      <armor>0</armor>
      <maxrating>6</maxrating>
      <armorcapacity>FixedValues([1],[2],[3],[4],[5],[6])</armorcapacity>
      <avail>6</avail>
      <cost>Rating * 250</cost>
      <source>SR5</source>
      <page>437</page>
    </mod>
    <mod>
      <id>497b5d6b-df0c-401d-91de-42a224b1fa87</id>
      <name>Insulation</name>
      <category>General</category>
      <armor>0</armor>
      <maxrating>6</maxrating>
      <armorcapacity>FixedValues([1],[2],[3],[4],[5],[6])</armorcapacity>
      <avail>6</avail>
      <cost>Rating * 250</cost>
      <source>SR5</source>
      <page>437</page>
    </mod>
    <mod>
      <id>0cfb049a-a1bd-4daa-96be-9468c37d9c3c</id>
      <name>Nonconductivity</name>
      <category>General</category>
      <armor>0</armor>
      <maxrating>6</maxrating>
      <armorcapacity>FixedValues([1],[2],[3],[4],[5],[6])</armorcapacity>
      <avail>6</avail>
      <cost>Rating * 250</cost>
      <source>SR5</source>
      <page>438</page>
    </mod>
    <mod>
      <id>ba32a6e9-4e6f-47fe-8fd7-c3194a5174d6</id>
      <name>Thermal Damping</name>
      <category>General</category>
      <armor>0</armor>
      <maxrating>6</maxrating>
      <armorcapacity>FixedValues([1],[2],[3],[4],[5],[6])</armorcapacity>
      <avail>10R</avail>
      <cost>Rating * 500</cost>
      <source>SR5</source>
      <page>438</page>
    </mod>
    <mod>
      <id>dbdaf817-9bfa-4938-a195-b53c63b53e7c</id>
      <name>Shock Frills</name>
      <category>General</category>
      <armor>0</armor>
      <maxrating>1</maxrating>
      <armorcapacity>[2]</armorcapacity>
      <avail>6R</avail>
      <cost>250</cost>
      <source>SR5</source>
      <page>438</page>
    </mod>
    <mod>
      <id>b3965c7d-3e19-4aad-9dc0-1ec5b62daea5</id>
      <name>Liner - Fire Resistance (4)</name>
      <category>Globetrotter Jacket Liners</category>
      <armor>0</armor>
      <maxrating>1</maxrating>
      <armorcapacity>[0]</armorcapacity>
      <avail>0</avail>
      <cost>0</cost>
      <source>SR5</source>
      <page>437</page>
    </mod>
    <mod>
      <id>ca385470-fdfb-4ac2-bb4d-f88de768541b</id>
      <name>Liner - Chemical Protection (4)</name>
      <category>Globetrotter Jacket Liners</category>
      <armor>0</armor>
      <maxrating>1</maxrating>
      <armorcapacity>[0]</armorcapacity>
      <avail>0</avail>
      <cost>0</cost>
      <source>SR5</source>
      <page>437</page>
    </mod>
    <mod>
      <id>a0043353-1825-42cb-94b2-ddf35b3089b5</id>
      <name>Liner - Insulation (4)</name>
      <category>Globetrotter Jacket Liners</category>
      <armor>0</armor>
      <maxrating>1</maxrating>
      <armorcapacity>[0]</armorcapacity>
      <avail>0</avail>
      <cost>0</cost>
      <source>SR5</source>
      <page>437</page>
    </mod>
    <mod>
      <id>f22cd9de-78ce-4ec1-9485-932c47638f52</id>
      <name>Liner - Fire Resistance (3)</name>
      <category>Globetrotter Vest Liners</category>
      <armor>0</armor>
      <maxrating>1</maxrating>
      <armorcapacity>[0]</armorcapacity>
      <avail>0</avail>
      <cost>0</cost>
      <source>SR5</source>
      <page>437</page>
    </mod>
    <mod>
      <id>ba6e7ab8-9e19-41ea-b124-bad6c8d1a515</id>
      <name>Liner - Chemical Protection (3)</name>
      <category>Globetrotter Vest Liners</category>
      <armor>0</armor>
      <maxrating>1</maxrating>
      <armorcapacity>[0]</armorcapacity>
      <avail>0</avail>
      <cost>0</cost>
      <source>SR5</source>
      <page>437</page>
    </mod>
    <mod>
      <id>cee9f035-3668-4736-b0f2-7607d7156995</id>
      <name>Liner - Insulation (3)</name>
      <category>Globetrotter Vest Liners</category>
      <armor>0</armor>
      <maxrating>1</maxrating>
      <armorcapacity>[0]</armorcapacity>
      <avail>0</avail>
      <cost>0</cost>
      <source>SR5</source>
      <page>437</page>
    </mod>
    <mod>
      <id>8a119129-4c6f-40ab-9832-a61295ee715f</id>
      <name>Liner - Fire Resistance (2)</name>
      <category>Globetrotter Clothing Liners</category>
      <armor>0</armor>
      <maxrating>1</maxrating>
      <armorcapacity>[0]</armorcapacity>
      <avail>0</avail>
      <cost>0</cost>
      <source>SR5</source>
      <page>437</page>
    </mod>
    <mod>
      <id>fed9e56c-c1b8-4c68-a16a-4bceb011bc62</id>
      <name>Liner - Chemical Protection (2)</name>
      <category>Globetrotter Clothing Liners</category>
      <armor>0</armor>
      <maxrating>1</maxrating>
      <armorcapacity>[0]</armorcapacity>
      <avail>0</avail>
      <cost>0</cost>
      <source>SR5</source>
      <page>437</page>
    </mod>
    <mod>
      <id>1bff09e4-ea20-4705-ac7b-5bea4a03d925</id>
      <name>Liner - Insulation (2)</name>
      <category>Globetrotter Clothing Liners</category>
      <armor>0</armor>
      <maxrating>1</maxrating>
      <armorcapacity>[0]</armorcapacity>
      <avail>0</avail>
      <cost>0</cost>
      <source>SR5</source>
      <page>437</page>
    </mod>
    <mod>
      <id>84c3dbd2-6d47-4045-a5d6-7dc926b3ff42</id>
      <name>Liner - Fire Resistance (6)</name>
      <category>Victory Liners</category>
      <armor>0</armor>
      <maxrating>1</maxrating>
      <armorcapacity>[0]</armorcapacity>
      <avail>0</avail>
      <cost>0</cost>
      <source>SR5</source>
      <page>437</page>
    </mod>
    <mod>
      <id>0cbf733c-1fd0-48ae-be2c-b3afe0036fd0</id>
      <name>Liner - Chemical Protection (6)</name>
      <category>Victory Liners</category>
      <armor>0</armor>
      <maxrating>1</maxrating>
      <armorcapacity>[0]</armorcapacity>
      <avail>0</avail>
      <cost>0</cost>
      <source>SR5</source>
      <page>437</page>
    </mod>
    <mod>
      <id>af3208a9-05b5-47bb-92a1-f3d2ea82f6f0</id>
      <name>Liner - Insulation (6)</name>
      <category>Victory Liners</category>
      <armor>0</armor>
      <maxrating>1</maxrating>
      <armorcapacity>[0]</armorcapacity>
      <avail>0</avail>
      <cost>0</cost>
      <source>SR5</source>
      <page>437</page>
    </mod>
		<!-- End Region -->
		<!-- Region Run & Gun -->
		<mod>
			<id>38168e21-833e-4ab3-8e5c-186468b70ef9</id>
			<name>Custom Fit</name>
			<category>General</category>
			<armor>0</armor>
			<hide>yes</hide>
			<maxrating>0</maxrating>
			<armorcapacity>[0]</armorcapacity>
			<avail>0</avail>
			<cost>0</cost>
			<source>RG</source>
			<page>59</page>
		</mod>
		<mod>
			<id>0d74f2f6-74bf-4c7e-afdf-d44f24c3ac12</id>
			<name>Custom Fit (Stack)</name>
			<category>General</category>
			<armor>0</armor>
			<hide>yes</hide>
			<maxrating>0</maxrating>
			<armorcapacity>[0]</armorcapacity>
			<avail>0</avail>
			<cost>0</cost>
			<bonus>
				<selectarmor />
			</bonus>
			<source>RG</source>
			<page>59</page>
		</mod>
		<mod>
			<id>6a4274bb-307d-433d-a1a7-75be52eacb93</id>
			<name>Gear Access</name>
			<category>General</category>
			<armor>0</armor>
			<hide>yes</hide>
			<maxrating>0</maxrating>
			<armorcapacity>[0]</armorcapacity>
			<avail>0</avail>
			<cost>0</cost>
			<source>RG</source>
			<page>59</page>
		</mod>
		<mod>
			<id>13835ff2-7b9e-47c3-9d8b-7b9a2dbe499d</id>
			<name>Newest Model</name>
			<category>General</category>
			<armor>0</armor>
			<hide>yes</hide>
			<maxrating>0</maxrating>
			<armorcapacity>[0]</armorcapacity>
			<avail>0</avail>
			<cost>0</cost>
			<source>RG</source>
			<page>59</page>
		</mod>
		<mod>
			<id>a164ac4e-4225-4d82-9785-02ffd39f6566</id>
			<name>Illuminating</name>
			<category>General</category>
			<armor>0</armor>
			<maxrating>0</maxrating>
			<armorcapacity>[0]</armorcapacity>
			<avail>0</avail>
			<cost>0</cost>
			<source>RG</source>
			<page>59</page>
		</mod>
		<mod>
			<id>8be2bd6a-5fe5-4931-8d6e-9cb95a0b959f</id>
			<name>Restrictive</name>
			<category>General</category>
			<armor>0</armor>
			<hide>yes</hide>
			<maxrating>0</maxrating>
			<armorcapacity>[0]</armorcapacity>
			<avail>0</avail>
			<cost>0</cost>
			<source>RG</source>
			<page>59</page>
		</mod>
		<mod>
			<id>ebabbd5f-6fd9-4b9a-9350-a251e8652b4b</id>
			<name>Padded</name>
			<category>General</category>
			<armor>0</armor>
			<hide>yes</hide>
			<maxrating>0</maxrating>
			<armorcapacity>[0]</armorcapacity>
			<avail>0</avail>
			<cost>0</cost>
			<source>RG</source>
			<page>59</page>
		</mod>
		<mod>
			<id>6226742c-d950-46af-af1a-fc483e14be5c</id>
			<name>Concealability</name>
			<category>General</category>
			<armor>0</armor>
			<hide>yes</hide>
			<maxrating>0</maxrating>
			<armorcapacity>[0]</armorcapacity>
			<avail>0</avail>
			<cost>0</cost>
			<source>RG</source>
			<page>59</page>
		</mod>
    <mod>
      <id>53a61bf1-65c3-4c28-b47f-026de40973a4</id>
      <name>Rapid Transit: Elite</name>
      <category>Rapid Transit Detailing</category>
      <armor>0</armor>
      <maxrating>1</maxrating>
      <armorcapacity>[0]</armorcapacity>
      <avail>0</avail>
      <cost>600</cost>
      <source>RG</source>
      <page>65</page>
    </mod>
    <mod>
      <id>a071b454-8a50-4c76-a162-8e086b0ec001</id>
      <name>Rapid Transit: Platinum</name>
      <category>Rapid Transit Detailing</category>
      <armor>0</armor>
      <maxrating>1</maxrating>
      <armorcapacity>[0]</armorcapacity>
      <avail>0</avail>
      <cost>1100</cost>
      <source>RG</source>
      <page>65</page>
    </mod>
    <mod>
      <id>69423033-a7f8-4b80-96c6-0c4a91cd32aa</id>
      <name>Full Body Armor: Chemical Seal</name>
      <category>Full Body Mods</category>
      <armor>0</armor>
      <maxrating>1</maxrating>
      <armorcapacity>[0]</armorcapacity>
      <avail>+6</avail>
      <cost>6000</cost>
      <source>SR5</source>
      <page>437</page>
    </mod>
    <mod>
      <id>ab16b276-00b3-402e-8629-b38e2905e12f</id>
      <name>Full Body Armor: Environment Adaptation</name>
      <category>Full Body Mods</category>
      <armor>0</armor>
      <maxrating>1</maxrating>
      <armorcapacity>[0]</armorcapacity>
      <avail>+3</avail>
      <cost>1000</cost>
      <source>SR5</source>
      <page>437</page>
    </mod>
    <mod>
      <id>9a1a569f-4c0c-4291-af5b-89e1334e95b4</id>
      <name>Rapid Transit: Diamond</name>
      <category>Rapid Transit Detailing</category>
      <armor>0</armor>
      <maxrating>1</maxrating>
      <armorcapacity>[0]</armorcapacity>
      <avail>0</avail>
      <cost>2400</cost>
      <source>RG</source>
      <page>65</page>
    </mod>
    <mod>
      <id>a7d97d66-1f6e-4521-a283-907ca1cd7436</id>
      <name>Nightshade IR and Contacts</name>
      <category>Nightshade IR</category>
      <armor>0</armor>
      <maxrating>1</maxrating>
      <armorcapacity>[0]</armorcapacity>
      <avail>0</avail>
      <cost>1500</cost>
      <source>RG</source>
      <page>62</page>
    </mod>
    <mod>
      <id>8b1bc34c-4de9-4111-a5f6-bae7fa35b8af</id>
      <name>Ballistic Mask</name>
      <category>Customized Ballistic Mask</category>
      <armor>0</armor>
      <maxrating>1</maxrating>
      <armorcapacity>[0]</armorcapacity>
      <avail>0</avail>
      <cost>150</cost>
      <source>RG</source>
      <page>62</page>
    </mod>
    <mod>
      <id>5a0965bd-759c-4e41-8c47-2b87c9de06d6</id>
      <name>Auto-Injector</name>
      <category>General</category>
      <armor>0</armor>
      <maxrating>1</maxrating>
      <armorcapacity>[2]</armorcapacity>
      <avail>4</avail>
      <cost>1500</cost>
      <source>RG</source>
      <page>84</page>
    </mod>
    <mod>
      <id>1a76f859-9511-42cc-85a7-560b813f6a92</id>
      <name>Fresnel Fabric</name>
      <category>General</category>
      <armor>0</armor>
      <maxrating>6</maxrating>
      <armorcapacity>[2]</armorcapacity>
      <avail>14R</avail>
      <cost>Rating * 1000</cost>
      <source>RG</source>
      <page>84</page>
    </mod>
    <mod>
      <id>6c18ff9b-7b46-4311-ac4b-a57733d01df7</id>
      <name>Pulse Weave</name>
      <category>General</category>
      <armor>0</armor>
      <maxrating>6</maxrating>
      <armorcapacity>[3]</armorcapacity>
      <avail>+8R</avail>
      <cost>Rating * 3000</cost>
      <source>RG</source>
      <page>84</page>
    </mod>
    <mod>
      <id>13047906-3ea3-425c-a3ff-4666cb1a05f5</id>
      <name>Shock Weave</name>
      <category>General</category>
      <armor>0</armor>
      <maxrating>1</maxrating>
      <armorcapacity>[3]</armorcapacity>
      <avail>8</avail>
      <cost>1000</cost>
      <source>RG</source>
      <page>84</page>
    </mod>
    <mod>
      <id>c5a66977-3a0b-489f-b7e5-e30965171f8b</id>
      <name>Universal Mirror Material</name>
      <category>General</category>
      <armor>0</armor>
      <maxrating>6</maxrating>
      <armorcapacity>[3]</armorcapacity>
      <avail>4</avail>
      <cost>Rating * 250</cost>
      <source>RG</source>
      <page>84</page>
    </mod>
    <mod>
      <id>cf8accf5-4117-4419-ab73-957489038ab9</id>
      <name>YNT Softweave Armor</name>
      <category>General</category>
      <armor>0</armor>
      <maxrating>1</maxrating>
      <armorcapacity>[-Capacity * 0.5]</armorcapacity>
      <avail>+4</avail>
      <cost>Armor Cost * 2</cost>
      <source>RG</source>
      <page>84</page>
    </mod>
    <mod>
      <id>63f94362-9778-47a6-8317-f306b199277e</id>
      <name>Ruthenium Polymer Coating</name>
      <category>General</category>
      <armor>0</armor>
      <maxrating>4</maxrating>
      <armorcapacity>[4]</armorcapacity>
      <avail>16F</avail>
      <cost>Rating * 5000</cost>
      <source>RG</source>
      <page>85</page>
    </mod>
    <mod>
      <id>b5283cb0-3676-44d3-a7e9-dee099416295</id>
      <name>Radiation Shielding</name>
      <category>General</category>
      <armor>0</armor>
      <maxrating>6</maxrating>
      <armorcapacity>FixedValues([1],[2],[3],[4],[5],[6])</armorcapacity>
      <avail>Rating * 2</avail>
      <cost>Rating * 200</cost>
      <source>RG</source>
      <page>84</page>
    </mod>
    <mod>
      <id>ed43ded4-1b2f-410a-9322-166c39306d03</id>
      <name>Gel Packs</name>
      <category>General</category>
      <armor>+2</armor>
      <maxrating>1</maxrating>
      <armorcapacity>[0]</armorcapacity>
      <avail>6</avail>
      <cost>1500</cost>
      <source>RG</source>
      <page>85</page>
    </mod>
    <mod>
      <id>a523fbcf-58d5-4727-9dd5-6fbe6b4acbdf</id>
      <name>Responsive Interface Gear: Armor</name>
      <category>General</category>
      <armor>0</armor>
      <maxrating>1</maxrating>
      <armorcapacity>[2]</armorcapacity>
      <avail>8</avail>
      <cost>2500</cost>
      <source>RG</source>
      <page>85</page>
    </mod>
    <mod>
      <id>a9c0aeb2-e7c5-4cc3-819e-f865545c7b66</id>
      <name>Responsive Interface Gear: Helmet</name>
      <category>General</category>
      <armor>0</armor>
      <maxrating>1</maxrating>
      <armorcapacity>[1]</armorcapacity>
      <avail>8</avail>
      <cost>2500</cost>
      <source>RG</source>
      <page>85</page>
    </mod>
		<!-- End Region -->
		<!-- Region Bullets & Bandages -->
    <mod>
      <id>9e96176f-1a4d-45dd-94d4-fba00ccffcf2</id>
      <name>Pneumatic Anti-Shock Garment</name>
      <category>General</category>
      <armor>0</armor>
      <maxrating>1</maxrating>
      <armorcapacity>[6]</armorcapacity>
      <avail>6</avail>
      <cost>500</cost>
      <source>BB</source>
      <page>23</page>
    </mod>
    <mod>
      <id>aec187e5-5eca-4f27-9181-b39991579d76</id>
      <name>Drag Handle</name>
      <category>General</category>
      <armor>0</armor>
      <maxrating>1</maxrating>
      <armorcapacity>[1]</armorcapacity>
      <avail>0</avail>
      <cost>50</cost>
      <source>BB</source>
      <page>23</page>
    </mod>
		<!-- End Region -->
		<!-- Region Hard Targets -->
		<mod>
			<id>4e673143-6a61-4075-95c6-1950b9eda8e0</id>
			<name>Concealed Pocket</name>
			<category>General</category>
			<armor>0</armor>
			<maxrating>1</maxrating>
			<armorcapacity>[1]</armorcapacity>
			<avail>4</avail>
			<cost>40</cost>
			<source>HT</source>
			<page>185</page>
		</mod>
		<mod>
			<id>49addc2c-ee9b-4f97-9c4b-4d49259734bc</id>
			<name>Attachable Gear Access</name>
			<category>General</category>
			<armor>0</armor>
			<maxrating>1</maxrating>
			<armorcapacity>[4]</armorcapacity>
			<avail>4</avail>
			<cost>150</cost>
			<source>HT</source>
			<page>185</page>
		</mod>
		<mod>
			<id>c3ea670b-45e7-4b75-a85d-1801c91d1c8c</id>
			<name>Faraday Pocket</name>
			<category>General</category>
			<armor>0</armor>
			<maxrating>1</maxrating>
			<armorcapacity>[1]</armorcapacity>
			<avail>7R</avail>
			<cost>50</cost>
			<source>HT</source>
			<page>185</page>
		</mod>
		<mod>
			<id>ff4c87d4-da62-4b85-b1a3-8de9a0d2838a</id>
			<name>Biofiber Pocket</name>
			<category>General</category>
			<armor>0</armor>
			<maxrating>1</maxrating>
			<armorcapacity>[2]</armorcapacity>
			<avail>10F</avail>
			<cost>700</cost>
			<source>HT</source>
			<page>185</page>
		</mod>
		<!-- End Region -->
  </mods>
</chummer>