﻿<?xml version="1.0" encoding="UTF-8"?>
<chummer>
  <version>-400</version>
  <contacts>
    <contact>Amerindian Tribesperson</contact>
    <contact>Antiquities and Oddities Dealer</contact>
    <contact>Armorer</contact>
    <contact>Bartender</contact>
    <contact>Beat Cop</contact>
    <contact>Blogger</contact>
    <contact>Bodyguard</contact>
    <contact>Bookie</contact>
    <contact>Club Hopper</contact>
    <contact>Club Owner</contact>
    <contact>Company Man</contact>
    <contact>Corporate Headhunter</contact>
    <contact>Corporate Manager</contact>
    <contact>Corporate Scientist</contact>
    <contact>Corporate Secretary</contact>
    <contact>Corporate Wage Slave</contact>
    <contact>Coyote</contact>
    <contact>Cult Member</contact>
    <contact>Dockworker</contact>
    <contact>Fence</contact>
    <contact>Firefighter</contact>
    <contact>Fixer</contact>
    <contact>Freedom Fighter</contact>
    <contact>Forensics Expert</contact>
    <contact>Gambler</contact>
    <contact>Gang Leader</contact>
    <contact>Go-Ganger</contact>
    <contact>Grassroots Politician</contact>
    <contact>Hate Group Member</contact>
    <contact>Hermetic Academic</contact>
    <contact>High Stakes Negotiator</contact>
    <contact>ID Manufacturer</contact>
    <contact>Janitor</contact>
    <contact>Mafia Consiglieri</contact>
    <contact>Mechanic</contact>
    <contact>Mr. Johnson</contact>
    <contact>Nomad</contact>
    <contact>Ork Nation Organizer</contact>
    <contact>Paramed</contact>
    <contact>Paramed Shaman</contact>
    <contact>Parasecurity Expert</contact>
    <contact>Pawn Broker</contact>
    <contact>Pimp</contact>
    <contact>Pirate</contact>
    <contact>Police Chief</contact>
    <contact>Political Intern</contact>
    <contact>Radical</contact>
    <contact>Rent-a-Cop</contact>
    <contact>Shark Lawyer</contact>
    <contact>Simsense Star</contact>
    <contact>Slumlord</contact>
    <contact>Smuggler</contact>
    <contact>Snitch</contact>
    <contact>Spider</contact>
    <contact>Squatter</contact>
    <contact>Street Doc</contact>
    <contact>Street Vendor</contact>
    <contact>Stripper</contact>
    <contact>Supply Sergeant</contact>
    <contact>Talent Scout</contact>
    <contact>Talislegger</contact>
    <contact>Talismonger</contact>
    <contact>Tamanous Member</contact>
    <contact>Taxi Driver</contact>
    <contact>TerraFirst! Activist</contact>
    <contact>Trid Pirate</contact>
    <contact>Troll Street Dealer</contact>
    <contact>Urban Anthropologist</contact>
    <contact>Vory Shestiorka</contact>
    <contact>Wiz Kid Ganger</contact>
  </contacts>
</chummer>