﻿<?xml version="1.0" encoding="utf-8"?>
<chummer>
	<version>-399</version>
	<categories>
		<category>Allowed Optional Powers</category>
		<category>Echoes</category>
		<category>Emergent</category>
		<category>Free Spirit</category>
		<category>Mundane</category>
		<category>Paranormal</category>
		<category>Shapeshifter</category>
		<category>Toxic Critter Powers</category>
		<category>Weakness</category>
	</categories>
	<powers>
		<power>
			<id>d9e0cc36-3183-4fa6-b9a6-b7e62d7d72fc</id>
			<name>Sense Link</name>
			<category>Mundane</category>
			<type>M</type>
			<action>Simple</action>
			<range>MAG x 10</range>
			<duration>Always</duration>
			<source>SM</source>
			<page>54</page>
		</power>
		<power>
			<id>99af5d63-9f6a-4a32-9bf6-9b8500a3c64c</id>
			<name>Accident</name>
			<category>Paranormal</category>
			<type>P</type>
			<action>Complex</action>
			<range>LOS</range>
			<duration>Instant</duration>
			<source>RF</source>
			<page>208</page>
		</power>
		<power>
			<id>1814f970-111f-4d56-9402-f584daa02663</id>
			<name>Animal Control</name>
			<category>Paranormal</category>
			<toxic>yes</toxic>
			<type>M</type>
			<action>Complex</action>
			<range>LOS</range>
			<duration>Sustained</duration>
			<source>RF</source>
			<page>208</page>
		</power>
		<power>
			<id>0ea84be4-a293-44bf-bc60-52314495cc9a</id>
			<name>Astral Form</name>
			<category>Paranormal</category>
			<type>M</type>
			<action>Auto</action>
			<range>Self</range>
			<duration>Always</duration>
			<source>RF</source>
			<page>208</page>
		</power>
		<power>
			<id>aca5b1a9-6b7f-49fa-aee4-ba20b4ee2f26</id>
			<name>Binding</name>
			<category>Mundane</category>
			<type>P</type>
			<action>Complex</action>
			<range>LOS</range>
			<duration>Instant</duration>
			<source>SR4</source>
			<page>293</page>
		</power>
		<power>
			<id>f6631c45-a705-434c-b4a6-ba2a889d38ff</id>
			<name>Compulsion</name>
			<category>Paranormal</category>
			<type>P</type>
			<action>Complex</action>
			<range>LOS</range>
			<duration>Sustained</duration>
			<source>RF</source>
			<page>209</page>
		</power>
		<power>
			<id>1898d408-116a-4f98-b413-939660692ce7</id>
			<name>Concealment</name>
			<category>Paranormal</category>
			<type>P</type>
			<action>Simple</action>
			<range>LOS</range>
			<duration>Sustained</duration>
			<source>RF</source>
			<page>209</page>
		</power>
		<power>
			<id>4517126f-6dcf-4c73-b7f5-cac77532c1f5</id>
			<name>Confusion</name>
			<category>Paranormal</category>
			<toxic>yes</toxic>
			<type>P</type>
			<action>Complex</action>
			<range>LOS</range>
			<duration>Sustained</duration>
			<source>RF</source>
			<page>209</page>
		</power>
		<power>
			<id>1ddf4e08-8249-477c-ba8b-1b910428bf45</id>
			<name>Corrosive Spit</name>
			<category>Paranormal</category>
			<toxic>yes</toxic>
			<type>P</type>
			<action>Complex</action>
			<range>LOS</range>
			<duration>Special</duration>
			<source>RF</source>
			<page>209</page>
		</power>
		<power>
			<id>6ca4a4af-7da0-4cc2-b545-0fe0396cfb46</id>
			<name>Dual Natured</name>
			<category>Paranormal</category>
			<type>P</type>
			<action>Auto</action>
			<range>Self</range>
			<duration>Always</duration>
			<source>RF</source>
			<page>210</page>
		</power>
		<power>
			<id>37e62625-1099-426f-94c9-2750aaa9902b</id>
			<name>Elemental Attack</name>
			<category>Paranormal</category>
			<toxic>yes</toxic>
			<type>P</type>
			<action>Complex</action>
			<range>LOS</range>
			<duration>Instant</duration>
			<bonus>
				<selecttext />
			</bonus>
			<source>RF</source>
			<page>210</page>
		</power>
		<power>
			<id>37bc7c80-beb9-424d-a4b4-db8d3a31612c</id>
			<name>Energy Aura</name>
			<category>Paranormal</category>
			<toxic>yes</toxic>
			<type>P</type>
			<action>Auto</action>
			<range>Self</range>
			<duration>Always</duration>
			<source>RF</source>
			<page>210</page>
		</power>
		<power>
			<id>33be7248-a267-4085-a5d8-b15bd79d7e5f</id>
			<name>Engulf</name>
			<category>Mundane</category>
			<toxic>yes</toxic>
			<type>P</type>
			<action>Complex</action>
			<range>Touch</range>
			<duration>Sustained</duration>
			<source>SR4</source>
			<page>294</page>
		</power>
		<power>
			<id>b289f6de-dc68-49a2-9d08-a9dcafdf9bac</id>
			<name>Enhanced Senses</name>
			<category>Mundane</category>
			<toxic>yes</toxic>
			<type>P</type>
			<action>Auto</action>
			<range>Self</range>
			<duration>Always</duration>
			<bonus>
				<selecttext />
			</bonus>
			<source>RF</source>
			<page>204</page>
		</power>
		<power>
			<id>24455a2c-c98c-4748-a720-1403a726fd57</id>
			<name>Essence Drain</name>
			<category>Paranormal</category>
			<type>P</type>
			<action>Complex</action>
			<range>Touch</range>
			<duration>Permanent</duration>
			<source>RF</source>
			<page>211</page>
		</power>
		<power>
			<id>953d3e23-cba0-440d-bab4-4234f1090ac5</id>
			<name>Fear</name>
			<category>Paranormal</category>
			<toxic>yes</toxic>
			<type>M</type>
			<action>Complex</action>
			<range>LOS</range>
			<duration>Special</duration>
			<source>RF</source>
			<page>212</page>
		</power>
		<power>
			<id>13dc5c5d-ef46-433e-b27b-5775a57035a8</id>
			<name>Guard</name>
			<category>Paranormal</category>
			<type>P</type>
			<action>Complex</action>
			<range>LOS</range>
			<duration>Sustained</duration>
			<source>RF</source>
			<page>212</page>
		</power>
		<power>
			<id>08b3b1bd-94cc-4468-a61f-31baade2a08e</id>
			<name>Hardened Armor</name>
			<category>Paranormal</category>
			<rating>yes</rating>
			<type>P</type>
			<action>Auto</action>
			<range>Self</range>
			<duration>Always</duration>
			<source>RF</source>
			<page>212</page>
		</power>
		<power>
			<id>c8ad6b5e-5520-4ea6-a472-a1fa51634c74</id>
			<name>Immunity</name>
			<category>Paranormal</category>
			<toxic>yes</toxic>
			<type>P</type>
			<action>Auto</action>
			<range>Self</range>
			<duration>Always</duration>
			<bonus>
				<selecttext />
			</bonus>
			<source>RF</source>
			<page>212</page>
		</power>
		<power>
			<id>951cb295-b6c6-4ff2-9a9e-2a49cc047fd1</id>
			<name>Infection</name>
			<category>Paranormal</category>
			<type>P</type>
			<action>Auto</action>
			<range>Touch</range>
			<duration>Permanent</duration>
			<source>RF</source>
			<page>212</page>
		</power>
		<power>
			<id>e8013773-9497-472e-b2af-e96e49405290</id>
			<name>Influence</name>
			<category>Paranormal</category>
			<type>M</type>
			<action>Complex</action>
			<range>LOS</range>
			<duration>Instant</duration>
			<source>RF</source>
			<page>213</page>
		</power>
		<power>
			<id>fe38ce43-3cf2-456d-aec2-0029e0bf173f</id>
			<name>Innate Spell</name>
			<category>Paranormal</category>
			<type>As Spell</type>
			<action>Complex</action>
			<range>Per Spell</range>
			<duration>Per Spell</duration>
			<bonus>
				<selectspell />
			</bonus>
			<source>RF</source>
			<page>213</page>
		</power>
		<power>
			<id>bf6c7543-0fa6-4297-8690-8230db5e46a8</id>
			<name>Materialization</name>
			<category>Paranormal</category>
			<type>P</type>
			<action>Complex</action>
			<range>Self</range>
			<duration>Sustained</duration>
			<source>RF</source>
			<page>213</page>
		</power>
		<power>
			<id>153bc9aa-1a5e-41ac-877d-751470624bc7</id>
			<name>Mimicry</name>
			<category>Paranormal</category>
			<type>P</type>
			<action>Simple</action>
			<range>LOS</range>
			<duration>Sustained</duration>
			<source>RF</source>
			<page>213</page>
		</power>
		<power>
			<id>b43373c3-5006-4396-bbbb-a154b8c92eae</id>
			<name>Mist Form</name>
			<category>Paranormal</category>
			<type>P</type>
			<action>Complex</action>
			<range>Self</range>
			<duration>Sustained</duration>
			<source>RF</source>
			<page>213</page>
		</power>
		<power>
			<id>5090e9d2-07ba-4fb0-965c-5d5de29062b7</id>
			<name>Movement</name>
			<category>Paranormal</category>
			<type>P</type>
			<action>Complex</action>
			<range>LOS</range>
			<duration>Sustained</duration>
			<source>RF</source>
			<page>213</page>
		</power>
		<power>
			<id>aa886ded-bf17-43e6-a7b5-82d77ed96a9c</id>
			<name>Mystic Armor</name>
			<category>Paranormal</category>
			<rating>yes</rating>
			<type>M</type>
			<action>Auto</action>
			<range>Self</range>
			<duration>Always</duration>
			<source>RF</source>
			<page>213</page>
		</power>
		<power>
			<id>9fc065db-9d63-4e8b-aba9-e19dfba07652</id>
			<name>Natural Weapon</name>
			<category>Mundane</category>
			<type>P</type>
			<action>Complex</action>
			<range>Touch</range>
			<duration>Instant</duration>
			<bonus>
				<selecttext />
			</bonus>
			<source>RF</source>
			<page>206</page>
		</power>
		<power>
			<id>4709630d-f2d0-40cc-915b-4f41eb8a4092</id>
			<name>Noxious Breath</name>
			<category>Paranormal</category>
			<toxic>yes</toxic>
			<type>P</type>
			<action>Complex</action>
			<range>Special</range>
			<duration>Instant</duration>
			<source>RF</source>
			<page>213</page>
		</power>
		<power>
			<id>f2c04372-d264-42fa-b0b4-534035888ad7</id>
			<name>Paralyzing Howl</name>
			<category>Paranormal</category>
			<type>P</type>
			<action>Complex</action>
			<range>Special</range>
			<duration>Special</duration>
			<source>RF</source>
			<page>213</page>
		</power>
		<power>
			<id>46ee1218-4b63-458d-b9b9-ec5b2bb607f0</id>
			<name>Psychokinesis</name>
			<category>Paranormal</category>
			<type>P</type>
			<action>Complex</action>
			<range>LOS</range>
			<duration>Sustained</duration>
			<source>RF</source>
			<page>214</page>
		</power>
		<power>
			<id>244ccf0f-fc77-4690-9441-1cfeb7a6dc2a</id>
			<name>Regeneration</name>
			<category>Paranormal</category>
			<type>P</type>
			<action>Auto</action>
			<range>Self</range>
			<duration>Always</duration>
			<source>RF</source>
			<page>215</page>
		</power>
		<power>
			<id>4f694634-7c91-4534-a9ff-7f8ae3002a1e</id>
			<name>Search</name>
			<category>Paranormal</category>
			<type>P</type>
			<action>Complex</action>
			<range>Special</range>
			<duration>Special</duration>
			<source>RF</source>
			<page>215</page>
		</power>
		<power>
			<id>bd881fa0-89e4-4734-816f-7ffe7cf5f35f</id>
			<name>Sapience</name>
			<category>Mundane</category>
			<type>P</type>
			<action>Auto</action>
			<range>Self</range>
			<duration>Always</duration>
			<source>RF</source>
			<page>206</page>
		</power>
		<power>
			<id>5e45dcc0-ec66-4bd5-a855-d3ce577dd2b4</id>
			<name>Venom</name>
			<category>Mundane</category>
			<toxic>yes</toxic>
			<type>P</type>
			<action>Auto</action>
			<range>Touch</range>
			<duration>Instant</duration>
			<source>RF</source>
			<page>208</page>
		</power>
		<power>
			<id>8b460350-fca3-427d-90af-4648666e8723</id>
			<name>Weather Control</name>
			<category>Paranormal</category>
			<type>P</type>
			<action>Complex</action>
			<range>LOS</range>
			<duration>Sustained</duration>
			<bonus>
				<selecttext />
			</bonus>
			<source>RF</source>
			<page>215</page>
		</power>
		<power>
			<id>5dad2b71-d7b0-443f-9871-ea01a381b9d0</id>
			<name>Astral Gateway</name>
			<category>Paranormal</category>
			<type>M</type>
			<action>Complex</action>
			<range>LOS (A)</range>
			<duration>Sustained</duration>
			<source>SM</source>
			<page>98</page>
		</power>
		<power>
			<id>89ad414a-9854-44b0-b505-ad0186ccb29f</id>
			<name>Aura Masking</name>
			<category>Paranormal</category>
			<type>M</type>
			<action>Free</action>
			<range>Self</range>
			<duration>Sustained</duration>
			<source>RF</source>
			<page>208</page>
		</power>
		<power>
			<id>ae00c4e4-c036-44b2-894b-1a5cd3fc8fae</id>
			<name>Banishing Resistance</name>
			<category>Paranormal</category>
			<type>M</type>
			<action>Auto</action>
			<range>Self</range>
			<duration>Special</duration>
			<source>RF</source>
			<page>208</page>
		</power>
		<power>
			<id>c3e2ee0c-7c4d-479f-997d-7079cb4dee7a</id>
			<name>Desire Reflection</name>
			<category>Paranormal</category>
			<type>M</type>
			<action>Complex</action>
			<range>LOS</range>
			<duration>Sustained</duration>
			<source>RF</source>
			<page>209</page>
		</power>
		<power>
			<id>cf03e546-90d9-4c3d-8246-19bf57821731</id>
			<name>Divining</name>
			<category>Paranormal</category>
			<type>M</type>
			<action>Special</action>
			<range>Special</range>
			<duration>Special</duration>
			<source>RF</source>
			<page>210</page>
		</power>
		<power>
			<id>de152825-2002-4a58-b2a7-08247aae72be</id>
			<name>Endowment</name>
			<category>Paranormal</category>
			<type>M</type>
			<action>Complex</action>
			<range>Touch</range>
			<duration>Sustained</duration>
			<source>SM</source>
			<page>99</page>
		</power>
		<power>
			<id>d10138cc-924a-4f2b-a59b-44e0611fb019</id>
			<name>Energy Drain</name>
			<category>Paranormal</category>
			<type>M</type>
			<action>Complex</action>
			<range>Touch or LOS</range>
			<duration>Permanent</duration>
			<source>RF</source>
			<page>210</page>
		</power>
		<power>
			<id>f6fb5ceb-91f8-418b-99ee-413e8c16230e</id>
			<name>Engulf</name>
			<category>Paranormal</category>
			<type>P</type>
			<action>Complex</action>
			<range>Touch</range>
			<duration>Sustained</duration>
			<source>RF</source>
			<page>210</page>
		</power>
		<power>
			<id>30918b00-6dae-4989-9b6e-219c4bd6ac7e</id>
			<name>Inhabitation</name>
			<category>Paranormal</category>
			<type>P</type>
			<action>Auto</action>
			<range>Self</range>
			<duration>Special</duration>
			<source>SM</source>
			<page>100</page>
		</power>
		<power>
			<id>f5a654a0-91e3-4555-aa22-792d012348b8</id>
			<name>Magical Guard</name>
			<category>Paranormal</category>
			<type>M</type>
			<action>Free</action>
			<range>LOS</range>
			<duration>Instant</duration>
			<source>RF</source>
			<page>213</page>
		</power>
		<power>
			<id>033185f0-bade-4824-8569-8604a734e02b</id>
			<name>Mind Link</name>
			<category>Paranormal</category>
			<type>M</type>
			<action>Simple</action>
			<range>LOS</range>
			<duration>Sustained</duration>
			<source>RF</source>
			<page>213</page>
		</power>
		<power>
			<id>a142b612-2f4c-4c97-8b1b-fd15c9f68866</id>
			<name>Possession</name>
			<category>Paranormal</category>
			<type>P</type>
			<action>Complex</action>
			<range>Self</range>
			<duration>Sustained</duration>
			<source>RF</source>
			<page>214</page>
		</power>
		<power>
			<id>21768675-ea17-48f4-abdc-301c3441bf8c</id>
			<name>Quake</name>
			<category>Paranormal</category>
			<type>P</type>
			<action>Complex</action>
			<range>Special</range>
			<duration>Instant</duration>
			<source>RF</source>
			<page>214</page>
		</power>
		<power>
			<id>2381a322-1b0c-4282-b3af-b28828cdf786</id>
			<name>Realistic Form</name>
			<category>Paranormal</category>
			<type>P</type>
			<action>Auto</action>
			<range>Self</range>
			<duration>Special</duration>
			<source>RF</source>
			<page>215</page>
		</power>
		<power>
			<id>c9045794-c7f7-4517-9156-b74438a2d5f1</id>
			<name>Shadow Cloak</name>
			<category>Paranormal</category>
			<type>P</type>
			<action>Free</action>
			<range>Self</range>
			<duration>Sustained</duration>
			<source>RF</source>
			<page>215</page>
		</power>
		<power>
			<id>4881c2cc-1e45-43ad-89df-9e5b264648f2</id>
			<name>Silence</name>
			<category>Paranormal</category>
			<type>P</type>
			<action>Complex</action>
			<range>Special</range>
			<duration>Sustained</duration>
			<source>RF</source>
			<page>215</page>
		</power>
		<power>
			<id>ea7d01c8-50f5-4d2a-9fac-a750b189ca36</id>
			<name>Storm</name>
			<category>Paranormal</category>
			<type>P</type>
			<action>Complex</action>
			<range>Special</range>
			<duration>Special</duration>
			<source>RF</source>
			<page>215</page>
		</power>
		<power>
			<id>f1750d16-5dc2-4c4e-afae-1ad86c520fc6</id>
			<name>Astral Projection</name>
			<category>Free Spirit</category>
			<type>M</type>
			<action>Complex</action>
			<range>Self</range>
			<duration>Special</duration>
			<source>SM</source>
			<page>109</page>
		</power>
		<power>
			<id>189ab2b7-9688-414b-b8ec-35a01db372d4</id>
			<name>Mutable Form</name>
			<category>Paranormal</category>
			<type>P</type>
			<action>Auto</action>
			<range>Self</range>
			<duration>Special</duration>
			<source>RF</source>
			<page>213</page>
		</power>
		<power>
			<id>37a152ee-83ce-4a32-b81b-31e79b42c970</id>
			<name>Personal Domain</name>
			<category>Paranormal</category>
			<type>M</type>
			<action>Auto</action>
			<range>LOS</range>
			<duration>Sustained</duration>
			<source>RF</source>
			<page>214</page>
		</power>
		<power>
			<id>8e1d96d9-53c9-4924-855c-059815ef973c</id>
			<name>Spirit Pact</name>
			<category>Free Spirit</category>
			<type>M</type>
			<action>Special</action>
			<range>Special</range>
			<duration>Special</duration>
			<source>SM</source>
			<page>110</page>
		</power>
		<power>
			<id>e6add326-0ed1-41bd-9d00-40ad5b17a35d</id>
			<name>Hidden Life</name>
			<category>Paranormal</category>
			<type>P</type>
			<action>Complex</action>
			<range>Touch</range>
			<duration>Permanent</duration>
			<source>RF</source>
			<page>212</page>
		</power>
		<power>
			<id>9942f3f2-b486-44ff-ad34-c56fd9453d41</id>
			<name>Vessel Trading</name>
			<category>Free Spirit</category>
			<type>P</type>
			<action>Complex</action>
			<range>Touch</range>
			<duration>Instant</duration>
			<source>SM</source>
			<page>110</page>
		</power>
		<power>
			<id>ad40556c-6632-4287-bd69-94ff25c7280e</id>
			<name>Wealth</name>
			<category>Paranormal</category>
			<type>P</type>
			<action>Complex</action>
			<range>LOS</range>
			<duration>Special</duration>
			<source>RF</source>
			<page>216</page>
		</power>
		<power>
			<id>44dd8deb-891e-4361-bc0c-47c4258ea6fd</id>
			<name>Anaphylaxis</name>
			<category>Paranormal</category>
			<toxic>yes</toxic>
			<type>P</type>
			<action>Complex</action>
			<range>Touch</range>
			<duration>Instant</duration>
			<source>RF</source>
			<page>208</page>
		</power>
		<power>
			<id>3c6b961c-cac8-4e45-91ec-03cf612ac3c3</id>
			<name>Mutagen</name>
			<category>Paranormal</category>
			<toxic>yes</toxic>
			<type>P</type>
			<action>Complex</action>
			<range>Self</range>
			<duration>Sustained</duration>
			<source>RF</source>
			<page>213</page>
		</power>
		<power>
			<id>e525a62b-5762-477d-b242-6e166fdcd6e9</id>
			<name>Devouring</name>
			<category>Paranormal</category>
			<toxic>yes</toxic>
			<type>P</type>
			<action>Complex</action>
			<range>Touch</range>
			<duration>Sustained</duration>
			<source>RF</source>
			<page>209</page>
		</power>
		<power>
			<id>ea6c345d-1df6-42b9-92bb-b94fef3360f7</id>
			<name>Hive Mind</name>
			<category>Paranormal</category>
			<type>M</type>
			<action>Auto</action>
			<range>Special</range>
			<duration>Always</duration>
			<source>SM</source>
			<page>154</page>
		</power>
		<power>
			<id>ecbab218-1ba9-41b6-9add-897ccbbf1d52</id>
			<name>Pestilence</name>
			<category>Mundane</category>
			<toxic>yes</toxic>
			<type>P</type>
			<action>Auto</action>
			<range>Touch</range>
			<duration>Instant</duration>
			<source>RF</source>
			<page>206</page>
		</power>
		<power>
			<id>e5859447-89ad-40f1-aea0-8c5f1e53e9de</id>
			<name>Reinforcement</name>
			<category>Paranormal</category>
			<type>P</type>
			<action>Complex</action>
			<range>Touch</range>
			<duration>Special</duration>
			<source>SM</source>
			<page>154</page>
		</power>
		<power>
			<id>d9fdc768-9ce4-4c19-8744-b46833349cea</id>
			<name>Sonic Projection</name>
			<category>Paranroaml</category>
			<type>P</type>
			<action>Complex</action>
			<range>Special</range>
			<duration>Sustained</duration>
			<source>RF</source>
			<page>215</page>
		</power>
		<power>
			<id>ffd80da4-dd7f-40e3-9374-7ccbfe19ada2</id>
			<name>Adaptive Camouflage</name>
			<category>Mundane</category>
			<type>P</type>
			<action>Auto</action>
			<range>Self</range>
			<duration>Always</duration>
			<source>RF</source>
			<page>204</page>
		</power>
		<power>
			<id>94e58008-2ab1-41ed-886c-74773ec60067</id>
			<name>Gestalt Consciousness</name>
			<category>Mundane</category>
			<type>P</type>
			<action>Auto</action>
			<range>Self</range>
			<duration>Always</duration>
			<source>RF</source>
			<page>205</page>
		</power>
		<power>
			<id>c5a7a660-a036-4b52-a8ab-1e9d7705e65d</id>
			<name>Gills</name>
			<category>Mundane</category>
			<type>P</type>
			<action>Auto</action>
			<range>Self</range>
			<duration>Always</duration>
			<source>RF</source>
			<page>205</page>
		</power>
		<power>
			<id>224f6093-af49-4fd4-a30a-b0c38673ffb7</id>
			<name>Substance Extrusion</name>
			<category>Mundane</category>
			<type>P</type>
			<action>Auto</action>
			<range>Self</range>
			<duration>Always</duration>
			<bonus>
				<selecttext />
			</bonus>
			<source>RF</source>
			<page>207</page>
		</power>
		<power>
			<id>7cdbe90b-b16a-43c0-a20e-b4a54b83c6ed</id>
			<name>Wall Walking</name>
			<category>Mundane</category>
			<type>P</type>
			<action>Auto</action>
			<range>Self</range>
			<duration>Always</duration>
			<source>RF</source>
			<page>208</page>
		</power>
		<power>
			<id>7f98220b-95c4-4b76-aca7-6f0308cf25a7</id>
			<name>Adaptive Coloration</name>
			<category>Paranormal</category>
			<type>P</type>
			<action>Auto</action>
			<range>Self</range>
			<duration>Always</duration>
			<source>RF</source>
			<page>208</page>
		</power>
		<power>
			<id>71a78fd2-c75a-46a8-a0f3-320e268a9b4d</id>
			<name>Binding</name>
			<category>Paranormal</category>
			<toxic>yes</toxic>
			<type>P</type>
			<action>Complex</action>
			<range>LOS</range>
			<duration>Instant</duration>
			<source>RF</source>
			<page>209</page>
		</power>
		<power>
			<id>73b0e681-fa65-4253-9010-4bac1f7c3179</id>
			<name>Control Focus</name>
			<category>Paranormal</category>
			<type>M</type>
			<action>Auto</action>
			<range>Special</range>
			<duration>Special</duration>
			<source>RF</source>
			<page>209</page>
		</power>
		<power>
			<id>43599de0-dd30-4525-b524-9952283aeb42</id>
			<name>Corrosive Secretions</name>
			<category>Paranormal</category>
			<toxic>yes</toxic>
			<type>P</type>
			<action>Auto</action>
			<range>Self</range>
			<duration>Always</duration>
			<source>RF</source>
			<page>209</page>
		</power>
		<power>
			<id>f654869b-d381-4f90-82d6-835f5a4aa0ab</id>
			<name>Deathly Aura</name>
			<category>Paranormal</category>
			<type>P</type>
			<action>Simple</action>
			<range>Special</range>
			<duration>Sustained</duration>
			<source>RF</source>
			<page>209</page>
		</power>
		<power>
			<id>6bd7dbfd-1603-4333-86aa-b4b798caf9d1</id>
			<name>Dragonspeech</name>
			<category>Paranormal</category>
			<type>M</type>
			<action>Auto</action>
			<range>LOS</range>
			<duration>Instant</duration>
			<source>RF</source>
			<page>210</page>
		</power>
		<power>
			<id>8df0b8ba-ef4e-41ea-a571-8c21f221cfde</id>
			<name>Empathy</name>
			<category>Paranormal</category>
			<type>M</type>
			<action>Complex</action>
			<range>LOS</range>
			<duration>Sustained</duration>
			<source>RF</source>
			<page>210</page>
		</power>
		<power>
			<id>ca80b896-a524-435f-a787-8df807567de8</id>
			<name>Fey Glamour</name>
			<category>Paranormal</category>
			<type>M</type>
			<action>Complex</action>
			<range>Special</range>
			<duration>Sustained</duration>
			<source>RF</source>
			<page>212</page>
		</power>
		<power>
			<id>e36812c9-c918-4d38-a71f-79f04a77a924</id>
			<name>Magic Sense</name>
			<category>Paranormal</category>
			<toxic>yes</toxic>
			<type>M</type>
			<action>Auto</action>
			<range>LOS</range>
			<duration>Sustained</duration>
			<source>RF</source>
			<page>213</page>
		</power>
		<power>
			<id>525746a4-bd59-4150-8861-2eb2fc7665ac</id>
			<name>Metahuman Form</name>
			<category>Paranormal</category>
			<type>P</type>
			<action>Complex</action>
			<range>Self</range>
			<duration>Sustained</duration>
			<source>RF</source>
			<page>213</page>
		</power>
		<power>
			<id>39442943-8367-4322-b7d2-3575061df3fa</id>
			<name>Paralyzing Touch</name>
			<category>Paranormal</category>
			<type>P</type>
			<action>Complex</action>
			<range>Touch</range>
			<duration>Special</duration>
			<source>RF</source>
			<page>214</page>
		</power>
		<power>
			<id>90c79eb4-665a-4844-90f3-e495f8cd3e61</id>
			<name>Petrification</name>
			<category>Paranormal</category>
			<type>P</type>
			<action>Complex</action>
			<range>LOS</range>
			<duration>Sustained</duration>
			<source>RF</source>
			<page>214</page>
		</power>
		<power>
			<id>775ee1b0-9e70-4006-8e5c-c1588ac9bfd6</id>
			<name>Phasing</name>
			<category>Paranormal</category>
			<type>P</type>
			<action>Complex</action>
			<range>Self</range>
			<duration>Sustained</duration>
			<source>RF</source>
			<page>214</page>
		</power>
		<power>
			<id>2cadebe7-a32d-4852-ac94-e8b86ca3619a</id>
			<name>Spirit Pact</name>
			<category>Paranormal</category>
			<type>M</type>
			<action>Special</action>
			<range>Special</range>
			<duration>Special</duration>
			<source>RF</source>
			<page>215</page>
		</power>
		<power>
			<id>fb19be93-d1dc-408f-86ca-bc57f25e4790</id>
			<name>Taint</name>
			<category>Paranormal</category>
			<toxic>yes</toxic>
			<type>M</type>
			<action>Complex</action>
			<range>Special</range>
			<duration>Special</duration>
			<source>RF</source>
			<page>215</page>
		</power>
		<power>
			<id>a8090271-057c-41d5-bd68-df117ea15b7d</id>
			<name>Vanishing</name>
			<category>Paranormal</category>
			<type>M</type>
			<action>Free</action>
			<range>Self</range>
			<duration>Special</duration>
			<source>RF</source>
			<page>215</page>
		</power>
		<power>
			<id>4998785a-154e-48f4-98db-c36d3b8f28a3</id>
			<name>Anthropomorphism</name>
			<category>Emergent</category>
			<type />
			<action />
			<range />
			<duration />
			<source>RF</source>
			<page>216</page>
		</power>
		<power>
			<id>bfe55ba6-5625-425d-ad5c-08dd84ef07ca</id>
			<name>AR-Parallelism</name>
			<category>Emergent</category>
			<type />
			<action />
			<range />
			<duration />
			<source>RF</source>
			<page>216</page>
		</power>
		<power>
			<id>818bf01a-b959-4bb9-b202-45efd3b9819b</id>
			<name>Blend</name>
			<category>Emergent</category>
			<type />
			<action />
			<range />
			<duration />
			<source>RF</source>
			<page>216</page>
		</power>
		<power>
			<id>5aa8f042-2180-43f9-8f46-7053a20cbe45</id>
			<name>Cozenage</name>
			<category>Emergent</category>
			<type />
			<action />
			<range />
			<duration />
			<source>RF</source>
			<page>216</page>
		</power>
		<power>
			<id>b561f86f-683c-4ae3-b867-9c628d5f8953</id>
			<name>Diagnostics</name>
			<category>Emergent</category>
			<type />
			<action />
			<range />
			<duration />
			<source>RF</source>
			<page>216</page>
		</power>
		<power>
			<id>4dc7af87-675c-4014-aa05-de6246fc8c14</id>
			<name>E-Hive</name>
			<category>Emergent</category>
			<type />
			<action />
			<range />
			<duration />
			<source>RF</source>
			<page>216</page>
		</power>
		<power>
			<id>f8ae2d3f-cd93-47d3-bf4c-652464a871ba</id>
			<name>Gremlins</name>
			<category>Emergent</category>
			<type />
			<action />
			<range />
			<duration />
			<source>RF</source>
			<page>217</page>
		</power>
		<power>
			<id>c04021ed-c7c8-4138-881f-30c86f01e43c</id>
			<name>Hardening</name>
			<category>Emergent</category>
			<type />
			<action />
			<range />
			<duration />
			<source>RF</source>
			<page>217</page>
		</power>
		<power>
			<id>f66e1630-7b3a-4595-868a-9143b372e6f4</id>
			<name>Holographic Concealment</name>
			<category>Emergent</category>
			<type />
			<action />
			<range />
			<duration />
			<source>RF</source>
			<page>217</page>
		</power>
		<power>
			<id>fb24283f-c6d2-4f06-a380-16edb6982cb2</id>
			<name>Resonance Bond</name>
			<category>Emergent</category>
			<type />
			<action />
			<range />
			<duration />
			<source>RF</source>
			<page>217</page>
		</power>
		<power>
			<id>adc687c3-1af1-430d-bdbb-53b4f4bc943b</id>
			<name>Resonant Conditioning</name>
			<category>Emergent</category>
			<type />
			<action />
			<range />
			<duration />
			<source>RF</source>
			<page>217</page>
		</power>
		<power>
			<id>cf509fe7-6b69-4996-8e79-8105e02c2855</id>
			<name>Spraying</name>
			<category>Emergent</category>
			<type />
			<action />
			<range />
			<duration />
			<source>RF</source>
			<page>218</page>
		</power>
		<power>
			<id>f4026d71-afcb-430f-9336-56a280a77d36</id>
			<name>Suppression</name>
			<category>Emergent</category>
			<type />
			<action />
			<range />
			<duration />
			<source>RF</source>
			<page>218</page>
		</power>
		<power>
			<id>faa5e5c8-aa8a-45d5-b3f5-dd18c454ba07</id>
			<name>Technovantage [Echo]</name>
			<category>Emergent</category>
			<type />
			<action />
			<range />
			<duration />
			<bonus>
				<selecttext />
			</bonus>
			<source>RF</source>
			<page>218</page>
		</power>
		<power>
			<id>1629d45d-f64e-4a39-a2d4-a07f7844f1e4</id>
			<name>Traceroute</name>
			<category>Emergent</category>
			<type />
			<action />
			<range />
			<duration />
			<source>RF</source>
			<page>218</page>
		</power>
		<power>
			<id>7a2a318f-4c30-46e0-9603-7b58dcb48150</id>
			<name>Tunnel</name>
			<category>Emergent</category>
			<type />
			<action />
			<range />
			<duration />
			<source>RF</source>
			<page>218</page>
		</power>
		<power>
			<id>e08eeffc-6350-4e4d-9365-6f8530801d12</id>
			<name>Venomous Code</name>
			<category>Emergent</category>
			<type />
			<action />
			<range />
			<duration />
			<source>RF</source>
			<page>218</page>
		</power>
		<power>
			<id>25316188-db17-4504-b422-07332e908d07</id>
			<name>Virtual Mimicry</name>
			<category>Emergent</category>
			<type />
			<action />
			<range />
			<duration />
			<source>RF</source>
			<page>218</page>
		</power>
		<power>
			<id>cc29cf63-fd2b-47bc-8f68-c0c84c4e2986</id>
			<name>Assault</name>
			<category>Emergent</category>
			<type />
			<action />
			<range />
			<duration />
			<source>UN</source>
			<page>156</page>
		</power>
		<power>
			<id>98f09b44-476f-4017-b2b0-7424756e4398</id>
			<name>Castling</name>
			<category>Emergent</category>
			<type />
			<action />
			<range />
			<duration />
			<source>UN</source>
			<page>156</page>
		</power>
		<power>
			<id>de9a0dab-6477-4b1d-965d-b24cec5c22c9</id>
			<name>Info Sortilege</name>
			<category>Emergent</category>
			<type />
			<action />
			<range />
			<duration />
			<source>UN</source>
			<page>156</page>
		</power>
		<power>
			<id>b3e30f26-869b-4e41-bca5-da062adb62cd</id>
			<name>Probability Distribution</name>
			<category>Emergent</category>
			<type />
			<action />
			<range />
			<duration />
			<source>UN</source>
			<page>156</page>
		</power>
		<power>
			<id>1f096d1f-02bc-4fc6-a6d9-810edb8da58e</id>
			<name>Proficiency</name>
			<category>Emergent</category>
			<type />
			<action />
			<range />
			<duration />
			<source>UN</source>
			<page>156</page>
		</power>
		<power>
			<id>20af1748-e083-4e46-89ec-48b4023f402b</id>
			<name>Transfer</name>
			<category>Emergent</category>
			<type />
			<action />
			<range />
			<duration />
			<source>UN</source>
			<page>157</page>
		</power>
		<power>
			<id>dc7ed88c-ee5d-4817-bf45-5f3b3431eb63</id>
			<name>Credit</name>
			<category>Emergent</category>
			<type />
			<action />
			<range />
			<duration />
			<source>UN</source>
			<page>160</page>
		</power>
		<power>
			<id>c2899500-5932-4c39-81a8-fa64b08fa916</id>
			<name>Denial</name>
			<category>Emergent</category>
			<type />
			<action />
			<range />
			<duration />
			<source>UN</source>
			<page>160</page>
		</power>
		<power>
			<id>9448e4a2-544d-4e09-bcd6-6a7db747be85</id>
			<name>Doorstop</name>
			<category>Emergent</category>
			<type />
			<action />
			<range />
			<duration />
			<source>UN</source>
			<page>160</page>
		</power>
		<power>
			<id>5c5361a9-565f-4873-91c2-f30c19634e4d</id>
			<name>Resonance Rift</name>
			<category>Emergent</category>
			<type />
			<action />
			<range />
			<duration />
			<source>UN</source>
			<page>160</page>
		</power>
		<power>
			<id>f5c90e81-cb15-4548-90bb-e403138f6dc3</id>
			<name>Datavore</name>
			<category>Emergent</category>
			<type />
			<action />
			<range />
			<duration />
			<source>UN</source>
			<page>181</page>
		</power>
		<power>
			<id>e07fca99-f35f-4dcf-8f93-4f84c5e76d51</id>
			<name>Distortion</name>
			<category>Emergent</category>
			<type />
			<action />
			<range />
			<duration />
			<source>UN</source>
			<page>181</page>
		</power>
		<power>
			<id>468b08d0-ee40-4205-b947-ec793ad4e320</id>
			<name>Peak</name>
			<category>Emergent</category>
			<type />
			<action />
			<range />
			<duration />
			<source>UN</source>
			<page>181</page>
		</power>
		<power>
			<id>27525302-faa6-4a2b-a714-9ba74c7b5924</id>
			<name>Resonance Drain</name>
			<category>Emergent</category>
			<type />
			<action />
			<range />
			<duration />
			<source>UN</source>
			<page>181</page>
		</power>
		<power>
			<id>9ab8f26f-f427-4fd6-ab7c-2dd0b96a8eda</id>
			<name>Siphon</name>
			<category>Emergent</category>
			<type />
			<action />
			<range />
			<duration />
			<source>UN</source>
			<page>181</page>
		</power>
		<power>
			<id>3c918bc9-de6b-42c4-82b3-52c9c1044078</id>
			<name>Sparky</name>
			<category>Emergent</category>
			<type />
			<action />
			<range />
			<duration />
			<source>UN</source>
			<page>181</page>
		</power>
		<power>
			<id>ea50163f-5dcf-4306-9ec9-1927bbbecf59</id>
			<name>Surge</name>
			<category>Emergent</category>
			<type />
			<action />
			<range />
			<duration />
			<source>UN</source>
			<page>181</page>
		</power>
		<power>
			<id>bfaee929-a5f6-4d6c-9512-6fb29d5a8b0a</id>
			<name>Virulence</name>
			<category>Emergent</category>
			<type />
			<action />
			<range />
			<duration />
			<source>UN</source>
			<page>181</page>
		</power>
		<power>
			<id>67e02cc6-5099-473d-b185-3cd357af3e6f</id>
			<name>Allergy</name>
			<category>Weakness</category>
			<type />
			<action />
			<range />
			<duration />
			<bonus>
				<selecttext />
			</bonus>
			<source>RF</source>
			<page>219</page>
		</power>
		<power>
			<id>f4de6eca-de5c-436b-955d-b322a9ce1a08</id>
			<name>Dietary Requirement</name>
			<category>Weakness</category>
			<type />
			<action />
			<range />
			<duration />
			<bonus>
				<selecttext />
			</bonus>
			<source>RF</source>
			<page>219</page>
		</power>
		<power>
			<id>f4865138-c3f0-46e8-8010-6003b1491b96</id>
			<name>Essence Loss</name>
			<category>Weakness</category>
			<type />
			<action />
			<range />
			<duration />
			<source>RF</source>
			<page>219</page>
		</power>
		<power>
			<id>95dcc093-88b8-4182-b62a-575428b84c84</id>
			<name>Evanescence</name>
			<category>Weakness</category>
			<type />
			<action />
			<range />
			<duration />
			<source>RF</source>
			<page>219</page>
		</power>
		<power>
			<id>031c2ae5-80d4-4cda-a2ce-65525970f281</id>
			<name>Fragile</name>
			<category>Weakness</category>
			<type />
			<action />
			<range />
			<duration />
			<bonus>
				<conditionmonitor>
					<physical>Rating * -2</physical>
					<stun>Rating * -2</stun>
				</conditionmonitor>
			</bonus>
			<source>RF</source>
			<page>219</page>
		</power>
		<power>
			<id>e44f268f-de46-4a03-93e8-69570dd7a2eb</id>
			<name>Reduced Senses</name>
			<category>Weakness</category>
			<type />
			<action />
			<range />
			<duration />
			<bonus>
				<selecttext />
			</bonus>
			<source>RF</source>
			<page>219</page>
		</power>
		<power>
			<id>a38a6e6e-c8be-477b-91a9-f285ec1941fa</id>
			<name>Uneducated</name>
			<category>Weakness</category>
			<type />
			<action />
			<range />
			<duration />
			<bonus>
				<uneducated />
			</bonus>
			<source>RF</source>
			<page>219</page>
		</power>
		<power>
			<id>cc5d600e-c1fd-47d2-affd-38a939cc21ab</id>
			<name>Vulnerability</name>
			<category>Weakness</category>
			<type />
			<action />
			<range />
			<duration />
			<bonus>
				<selecttext />
			</bonus>
			<source>RF</source>
			<page>219</page>
		</power>
		<power>
			<id>dc81347f-7516-42b2-a3fb-e2676dedec1f</id>
			<name>Twist Fate</name>
			<category>Dracoforms</category>
			<type />
			<action />
			<range />
			<duration />
			<source>SR4</source>
			<page>304</page>
		</power>
		<power>
			<id>fc132915-118e-4fd2-a443-2f9799a83b4a</id>
			<name>Cookie</name>
			<category>Emergent</category>
			<type />
			<action>OT</action>
			<range>Node</range>
			<duration>Predetermined by Sprite</duration>
			<source>SR4</source>
			<page>242</page>
		</power>
		<power>
			<id>db290d50-c208-4de6-ad30-85b1b078370c</id>
			<name>Electron Storm</name>
			<category>Emergent</category>
			<type>S</type>
			<action>C</action>
			<range>Node</range>
			<duration>Instant</duration>
			<source>SR4</source>
			<page>242</page>
		</power>
		<power>
			<id>93507c52-d8fc-4b03-9e27-b24048d87526</id>
			<name>Hash</name>
			<category>Emergent</category>
			<type />
			<action>Complex</action>
			<range>Node</range>
			<duration>Sustained</duration>
			<source>SR4</source>
			<page>243</page>
		</power>
		<power>
			<id>384dd7b0-d639-4eeb-894b-31fdc1cbf578</id>
			<name>Steganography</name>
			<category>Emergent</category>
			<type />
			<action>Complex</action>
			<range>Node</range>
			<duration>Indefinate</duration>
			<source>SR4</source>
			<page>243</page>
		</power>
		<power>
			<id>b733200f-9911-489d-b555-ebacd16110b0</id>
			<name>Stability</name>
			<category>Emergent</category>
			<type />
			<action>Complex</action>
			<range>Node</range>
			<duration>Sustained</duration>
			<source>SR4</source>
			<page>243</page>
		</power>
		<power>
			<id>c8840b92-07ae-40a3-bd04-20152bae16b8</id>
			<name>Watermark</name>
			<category>Emergent</category>
			<type />
			<action>Complex</action>
			<range>Node</range>
			<duration>Indefinate</duration>
			<source>SR4</source>
			<page>243</page>
		</power>
		<power>
			<id>a94dba2a-7699-4eb4-80a8-862f07beb6f6</id>
			<name>Shift (Human)</name>
			<category>Shapeshifter</category>
			<type>M</type>
			<action>Complex</action>
			<range>Self</range>
			<duration>Special</duration>
			<source>RC</source>
			<page>85</page>
		</power>
		<power>
			<id>9f4e4ee5-5d7b-4360-b91a-15a0c97b2fd9</id>
			<name>Shift (Elf)</name>
			<category>Shapeshifter</category>
			<type>M</type>
			<action>Complex</action>
			<range>Self</range>
			<duration>Special</duration>
			<source>RC</source>
			<page>85</page>
		</power>
		<power>
			<id>6b9cb5f4-cf9a-4cf2-bfd1-dc585f96e66d</id>
			<name>Shift (Dwarf)</name>
			<category>Shapeshifter</category>
			<type>M</type>
			<action>Complex</action>
			<range>Self</range>
			<duration>Special</duration>
			<source>RC</source>
			<page>85</page>
		</power>
		<power>
			<id>3215688d-7c67-46da-ab78-d7c6c6196e65</id>
			<name>Shift (Ork)</name>
			<category>Shapeshifter</category>
			<type>M</type>
			<action>Complex</action>
			<range>Self</range>
			<duration>Special</duration>
			<source>RC</source>
			<page>85</page>
		</power>
		<power>
			<id>6c64785b-f9f7-4f6b-80de-4065867a9a74</id>
			<name>Shift (Troll)</name>
			<category>Shapeshifter</category>
			<type>M</type>
			<action>Complex</action>
			<range>Self</range>
			<duration>Special</duration>
			<source>RC</source>
			<page>85</page>
		</power>
		<power>
			<id>14d33e71-88c5-4fdb-8456-0b61ab70e8f4</id>
			<name>Shift (Drake)</name>
			<category>Shapeshifter</category>
			<type>M</type>
			<action>Complex</action>
			<range>Self</range>
			<duration>Special</duration>
			<source>RC</source>
			<page>76</page>
		</power>
		<power>
			<id>2c0e624f-b1e7-4519-ab11-509406e53b19</id>
			<name>Induced Dormancy</name>
			<category>Weakness</category>
			<type />
			<action />
			<range />
			<duration />
			<bonus>
				<selecttext />
			</bonus>
			<source>RC</source>
			<page>83</page>
		</power>
		<power>
			<id>e6ca8880-91eb-4a09-acee-478bddca145a</id>
			<name>Vanish</name>
			<category>Weakness</category>
			<type />
			<action />
			<range />
			<duration />
			<source>RC</source>
			<page>85</page>
		</power>
		<power>
			<id>f266d2fe-21c7-4ea5-88b2-b346021f26bb</id>
			<name>Attribute Enhancement</name>
			<category>Mundane</category>
			<type>P</type>
			<action>Special</action>
			<range>Special</range>
			<duration>Special</duration>
			<bonus>
				<selectattribute />
			</bonus>
			<source>RF</source>
			<page>28</page>
		</power>
		<power>
			<id>425bdf7b-8587-4506-8c78-f3d4ba959b5a</id>
			<name>Skill Enhancement</name>
			<category>Mundane</category>
			<type>P</type>
			<action>Special</action>
			<range>Special</range>
			<duration>Special</duration>
			<bonus>
				<selectskill>
					<val>2</val>
				</selectskill>
			</bonus>
			<source>RF</source>
			<page>28</page>
		</power>
		<power>
			<id>52211b54-9dd0-4eed-9737-643b993c06aa</id>
			<name>Thicker Hide</name>
			<category>Mundane</category>
			<type>P</type>
			<action>Special</action>
			<range>Special</range>
			<duration>Special</duration>
			<bonus />
			<source>RF</source>
			<page>28</page>
		</power>
		<power>
			<id>66620f18-d1aa-4496-a4c2-3dc538f84a5f</id>
			<name>Pheromone Coding</name>
			<category>Mundane</category>
			<type>P</type>
			<action>Special</action>
			<range>Special</range>
			<duration>Special</duration>
			<bonus />
			<source>RF</source>
			<page>28</page>
		</power>
		<power>
			<id>f991778b-a46f-42cc-a05d-826aa926e0cb</id>
			<name>Potent Venom</name>
			<category>Mundane</category>
			<type>P</type>
			<action>Special</action>
			<range>Special</range>
			<duration>Special</duration>
			<bonus />
			<source>RF</source>
			<page>28</page>
		</power>
		<power>
			<id>7e387a67-9e03-4054-aa58-32cafeb2b6f9</id>
			<name>Chimeric Ability</name>
			<category>Mundane</category>
			<type>P</type>
			<action>Special</action>
			<range>Special</range>
			<duration>Special</duration>
			<bonus />
			<source>RF</source>
			<page>28</page>
		</power>
		<power>
			<id>e5500bd1-bb07-42bc-b69f-cfc4116548bd</id>
			<name>Firewall Upgrade</name>
			<category>Echoes</category>
			<type>P</type>
			<action>Special</action>
			<range>Special</range>
			<duration>Special</duration>
			<bonus>
				<livingpersona>
					<firewall>1</firewall>
				</livingpersona>
			</bonus>
			<source>SR4</source>
			<page>243</page>
		</power>
		<power>
			<id>9c5bcd33-ef29-487a-8f3d-5c4f3b314723</id>
			<name>NeuroFilter</name>
			<category>Echoes</category>
			<type>P</type>
			<action>Special</action>
			<range>Special</range>
			<duration>Special</duration>
			<bonus>
				<livingpersona>
					<biofeedback>1</biofeedback>
				</livingpersona>
			</bonus>
			<source>SR4</source>
			<page>243</page>
		</power>
		<power>
			<id>16cd3fa6-e4c8-4980-90d5-59bfeb41b5e5</id>
			<name>Overclocking</name>
			<category>Echoes</category>
			<type>P</type>
			<action>Special</action>
			<range>Special</range>
			<duration>Special</duration>
			<bonus>
				<livingpersona>
					<response>1</response>
				</livingpersona>
				<matrixinitiativepassadd>1</matrixinitiativepassadd>
			</bonus>
			<source>SR4</source>
			<page>244</page>
		</power>
		<power>
			<id>a6d7482a-2cef-4ab9-8d45-71c0926003bb</id>
			<name>Resonance Link</name>
			<category>Echoes</category>
			<type>P</type>
			<action>Special</action>
			<range>Special</range>
			<duration>Special</duration>
			<bonus />
			<source>SR4</source>
			<page>244</page>
		</power>
		<power>
			<id>c3306789-1ac8-4162-819b-709457b21470</id>
			<name>System Upgrade</name>
			<category>Echoes</category>
			<type>P</type>
			<action>Special</action>
			<range>Special</range>
			<duration>Special</duration>
			<bonus>
				<livingpersona>
					<system>1</system>
				</livingpersona>
			</bonus>
			<source>SR4</source>
			<page>244</page>
		</power>
		<power>
			<id>749f73b1-f131-4a3d-82d9-9d952bc7e16c</id>
			<name>Amplification</name>
			<category>Echoes</category>
			<type>P</type>
			<action>Special</action>
			<range>Special</range>
			<duration>Special</duration>
			<bonus>
				<livingpersona>
					<signal>1</signal>
				</livingpersona>
			</bonus>
			<source>UN</source>
			<page>145</page>
		</power>
		<power>
			<id>39e8b6b2-165f-4c3b-ab67-c61166c4d331</id>
			<name>Biowire</name>
			<category>Echoes</category>
			<type>P</type>
			<action>Special</action>
			<range>Special</range>
			<duration>Special</duration>
			<bonus>
				<skillwire>Rating</skillwire>
			</bonus>
			<source>UN</source>
			<page>145</page>
		</power>
		<power>
			<id>b2a4a9b7-fe37-4a03-8fd5-21b497d3bf8e</id>
			<name>Blur</name>
			<category>Echoes</category>
			<type>P</type>
			<action>Special</action>
			<range>Special</range>
			<duration>Special</duration>
			<bonus />
			<source>UN</source>
			<page>145</page>
		</power>
		<power>
			<id>7fa1db24-93cd-45dd-866a-66bb6940f0a4</id>
			<name>Coenesthesia</name>
			<category>Echoes</category>
			<type>P</type>
			<action>Special</action>
			<range>Special</range>
			<duration>Special</duration>
			<bonus />
			<source>UN</source>
			<page>145</page>
		</power>
		<power>
			<id>bb21e7d0-0415-4e0e-8ab0-12b866c44d70</id>
			<name>Defragmentation</name>
			<category>Echoes</category>
			<type>P</type>
			<action>Special</action>
			<range>Special</range>
			<duration>Special</duration>
			<bonus />
			<source>UN</source>
			<page>145</page>
		</power>
		<power>
			<id>3c3c2ac3-9d6a-4a29-8d93-4749dfdde03a</id>
			<name>E-sensing</name>
			<category>Echoes</category>
			<type>P</type>
			<action>Special</action>
			<range>Special</range>
			<duration>Special</duration>
			<bonus />
			<source>UN</source>
			<page>146</page>
		</power>
		<power>
			<id>d4aaf380-eeae-4ee7-a7c3-6004e0fb52c6</id>
			<name>Flexible Touch</name>
			<category>Echoes</category>
			<type>P</type>
			<action>Special</action>
			<range>Special</range>
			<duration>Special</duration>
			<bonus />
			<source>UN</source>
			<page>146</page>
		</power>
		<power>
			<id>ce6d38b3-fdb3-4829-979d-381249cc4f18</id>
			<name>Immersion</name>
			<category>Echoes</category>
			<type>P</type>
			<action>Special</action>
			<range>Special</range>
			<duration>Special</duration>
			<bonus />
			<source>UN</source>
			<page>146</page>
		</power>
		<power>
			<id>32f639a6-4e1a-4077-ad59-965efc42daeb</id>
			<name>Living ECM</name>
			<category>Echoes</category>
			<type>P</type>
			<action>Special</action>
			<range>Special</range>
			<duration>Special</duration>
			<bonus />
			<source>UN</source>
			<page>146</page>
		</power>
		<power>
			<id>35c92b6e-d409-41f9-aa2e-2dafbfbc184b</id>
			<name>Macro</name>
			<category>Echoes</category>
			<type>P</type>
			<action>Special</action>
			<range>Special</range>
			<duration>Special</duration>
			<bonus />
			<source>UN</source>
			<page>146</page>
		</power>
		<power>
			<id>94fb2fed-bc9d-4090-b103-7f8b0ea86d24</id>
			<name>Multiprocessing</name>
			<category>Echoes</category>
			<type>P</type>
			<action>Special</action>
			<range>Special</range>
			<duration>Special</duration>
			<bonus />
			<source>UN</source>
			<page>146</page>
		</power>
		<power>
			<id>16c51017-0e50-413d-bd17-889f7d35e5a7</id>
			<name>Sift</name>
			<category>Echoes</category>
			<type>P</type>
			<action>Special</action>
			<range>Special</range>
			<duration>Special</duration>
			<bonus />
			<source>UN</source>
			<page>147</page>
		</power>
		<power>
			<id>b804f306-b023-4431-811f-22825167165e</id>
			<name>Skinlink</name>
			<category>Echoes</category>
			<type>P</type>
			<action>Special</action>
			<range>Special</range>
			<duration>Special</duration>
			<bonus />
			<source>UN</source>
			<page>147</page>
		</power>
		<power>
			<id>2330af39-6e97-49c0-927a-d23633170e5d</id>
			<name>Sprite Link</name>
			<category>Echoes</category>
			<type>P</type>
			<action>Special</action>
			<range>Special</range>
			<duration>Special</duration>
			<bonus>
				<selectsprite />
			</bonus>
			<source>UN</source>
			<page>147</page>
		</power>
		<power>
			<id>04f8ba5a-2e12-46b7-a032-7e826658dbca</id>
			<name>Swap</name>
			<category>Echoes</category>
			<type>P</type>
			<action>Special</action>
			<range>Special</range>
			<duration>Special</duration>
			<bonus />
			<source>UN</source>
			<page>147</page>
		</power>
		<power>
			<id>5b3b3212-1ca5-4a82-9ac3-d2a31b8c34c1</id>
			<name>Widget Crafting</name>
			<category>Echoes</category>
			<type>P</type>
			<action>Special</action>
			<range>Special</range>
			<duration>Special</duration>
			<bonus />
			<source>UN</source>
			<page>147</page>
		</power>
		<power>
			<id>0f0b2ab2-3f71-43e6-b815-d9f6f5c6ed60</id>
			<name>Acceleration</name>
			<category>Echoes</category>
			<type>P</type>
			<action>Special</action>
			<range>Special</range>
			<duration>Special</duration>
			<bonus>
				<initiativepassadd>1</initiativepassadd>
			</bonus>
			<source>UN</source>
			<page>147</page>
		</power>
		<power>
			<id>728df266-8d80-4da5-bcd8-7085958ea083</id>
			<name>Advanced Overclocking</name>
			<category>Echoes</category>
			<type>P</type>
			<action>Special</action>
			<range>Special</range>
			<duration>Special</duration>
			<bonus>
				<livingpersona>
					<response>1</response>
				</livingpersona>
				<matrixinitiativepassadd>1</matrixinitiativepassadd>
			</bonus>
			<source>UN</source>
			<page>147</page>
		</power>
		<power>
			<id>1a192b38-0a18-41b2-9c49-8fa183c9a4c9</id>
			<name>Enhanced Resonance Link</name>
			<category>Echoes</category>
			<type>P</type>
			<action>Special</action>
			<range>Special</range>
			<duration>Special</duration>
			<bonus />
			<source>UN</source>
			<page>147</page>
		</power>
		<power>
			<id>f8dd2f09-e3e8-417c-a42b-69355f7777ff</id>
			<name>Mesh Reality</name>
			<category>Echoes</category>
			<type>P</type>
			<action>Special</action>
			<range>Special</range>
			<duration>Special</duration>
			<bonus />
			<source>UN</source>
			<page>147</page>
		</power>
		<power>
			<id>ba6c1006-ab3a-4424-b803-eff2813ba392</id>
			<name>Mind Over Machine</name>
			<category>Echoes</category>
			<type>P</type>
			<action>Special</action>
			<range>Special</range>
			<duration>Special</duration>
			<bonus />
			<source>UN</source>
			<page>148</page>
		</power>
		<power>
			<id>bfb370b9-0ee7-4107-a87a-0dbc33205851</id>
			<name>Resonance Exchange</name>
			<category>Echoes</category>
			<type>P</type>
			<action>Special</action>
			<range>Special</range>
			<duration>Special</duration>
			<bonus />
			<source>UN</source>
			<page>148</page>
		</power>
		<power>
			<id>7a9c3d97-22b3-4a74-b19a-490eab195100</id>
			<name>Resonance Trodes</name>
			<category>Echoes</category>
			<type>P</type>
			<action>Special</action>
			<range>Special</range>
			<duration>Special</duration>
			<bonus />
			<source>UN</source>
			<page>148</page>
		</power>
		<power>
			<id>57538d5d-7355-4a93-8849-c67068af9e73</id>
			<name>Connectivity</name>
			<category>Echoes</category>
			<type>P</type>
			<action>Special</action>
			<range>Special</range>
			<duration>Special</duration>
			<bonus />
			<source>WAR</source>
			<page>179</page>
		</power>
		<power>
			<id>4077198b-f469-4e7d-b16b-1db046378780</id>
			<name>Feral Resonance</name>
			<category>Echoes</category>
			<type>P</type>
			<action>Special</action>
			<range>Special</range>
			<duration>Special</duration>
			<bonus />
			<source>WAR</source>
			<page>179</page>
		</power>
		<power>
			<id>17b23235-76e1-491d-9c8a-b7a043537427</id>
			<name>Bio-Radar</name>
			<category>Echoes</category>
			<type>P</type>
			<action>Special</action>
			<range>Special</range>
			<duration>Special</duration>
			<bonus />
			<source>WAR</source>
			<page>179</page>
		</power>
		<power>
			<id>97e0ae7e-3dce-4782-8d7e-3dfb93bd42ad</id>
			<name>Contaminate</name>
			<category>Echoes</category>
			<type>P</type>
			<action>Special</action>
			<range>Special</range>
			<duration>Special</duration>
			<bonus />
			<source>UN</source>
			<page>178</page>
		</power>
		<power>
			<id>cd285642-e0db-47fe-8f55-2f85c8a5ec1c</id>
			<name>Malfunction</name>
			<category>Echoes</category>
			<type>P</type>
			<action>Special</action>
			<range>Special</range>
			<duration>Special</duration>
			<bonus />
			<source>UN</source>
			<page>179</page>
		</power>
		<power>
			<id>80d66ca5-a96a-43de-bad3-84ab78231a57</id>
			<name>Pryon</name>
			<category>Echoes</category>
			<type>P</type>
			<action>Special</action>
			<range>Special</range>
			<duration>Special</duration>
			<bonus />
			<source>UN</source>
			<page>179</page>
		</power>
		<power>
			<id>df67deb5-91e4-47bc-9af8-baf60fc2311d</id>
			<name>Concealment (Self Only)</name>
			<category>Paranormal</category>
			<type>P</type>
			<action>Simple</action>
			<range>Self</range>
			<duration>Sustained</duration>
			<source>SR5</source>
			<page>395</page>
		</power>
		<power>
			<id>d6729bdf-9300-40fe-97a8-9966d295af33</id>
			<name>Armor</name>
			<category>Mundane</category>
			<type>P</type>
			<action>Auto</action>
			<range>Self</range>
			<bonus>
				<armor>Rating</armor>
			</bonus>
			<duration>Always</duration>
			<source>SR5</source>
			<page>394</page>
		</power>	
	</powers>
</chummer>