﻿<?xml version="1.0" encoding="utf-8"?>
<chummer>
	<version>-350</version>
	<grades>
		<grade>
			<id>23382221-fd16-44ec-8da7-9b935ed2c1ee</id>
			<name>Standard</name>
			<ess>1</ess>
			<cost>1</cost>
			<avail>0</avail>
			<source>SR5</source>
			<page>451</page>
		</grade>
		<grade>
			<id>62dd61be-f1c4-4310-8545-73a4a4645393</id>
			<name>Standard (Burnout's Way)</name>
			<ess>0.8</ess>
			<cost>1</cost>
			<avail>0</avail>
			<source>SG</source>
			<page>177</page>
		</grade>
		<grade>
			<id>a9aec622-410a-444a-a569-c8d8cc0457b4</id>
			<name>Used</name>
			<ess>1.25</ess>
			<cost>0.75</cost>
			<avail>-4</avail>
			<source>SR5</source>
			<page>451</page>
		</grade>
		<grade>
			<id>75da0ff2-4137-4990-85e6-331977564712</id>
			<name>Alphaware</name>
			<ess>0.8</ess>
			<cost>1.2</cost>
			<avail>+2</avail>
			<source>SR5</source>
			<page>451</page>
		</grade>
		<grade>
			<id>b1b679e8-72ff-46b5-bd9d-652914731b17</id>
			<name>Betaware</name>
			<ess>0.7</ess>
			<cost>1.5</cost>
			<avail>+4</avail>
			<source>SR5</source>
			<page>451</page>
		</grade>
		<grade>
			<id>7ea3a157-867f-4c66-9f62-66b14b36b763</id>
			<name>Deltaware</name>
			<ess>0.5</ess>
			<cost>2.5</cost>
			<avail>+8</avail>
			<source>SR5</source>
			<page>451</page>
		</grade>
		<grade>
			<id>81b6d909-699b-4fa5-8bb8-a5b2f3996da7</id>
			<name>Gammaware</name>
			<ess>0.4</ess>
			<cost>5</cost>
			<avail>+12</avail>
			<source>CF</source>
			<page>72</page>
		</grade>
		<grade>
			<id>dcecd7e5-8cf1-4f83-89fa-177e28cfba03</id>
			<name>Omegaware</name>
			<ess>1.0</ess>
			<cost>0.75</cost>
			<avail>-4</avail>
			<bonus>
				<selecttext />
			</bonus>
			<source>CF</source>
			<page>72</page>
		</grade>
	</grades>
	<categories>
		<category>Bodyware</category>
		<category>Cosmetic Enhancement</category>
		<category>Cyberlimb</category>
		<category>Cyberlimb Accessory</category>
		<category>Cyberlimb Enhancement</category>
		<category>Cyber Implant Weapon</category>
		<category>Earware</category>
		<category>Eyeware</category>
		<category>Hard Nanoware</category>
		<category>Headware</category>
		<category>Nanocybernetics</category>
	</categories>
	<cyberwares>
		<!-- Region Shadowrun 5 -->
		<cyberware>
			<name>Essence Hole</name>
			<id>b57eadaa-7c3b-4b80-8d79-cbbd922c1196</id>
			<category>Bodyware</category>
			<rating>600</rating>
			<ess>Rating * 0.01</ess>
			<capacity>0</capacity>
			<avail>0</avail>
			<cost>0</cost>
			<source>SR5</source>
			<page>0</page>
		</cyberware>
		<cyberware>
			<id>961eac53-0c43-4b19-8741-2872177a3a4c</id>
			<name>Essence Antihole</name>
			<category>Bodyware</category>
			<rating>600</rating>
			<ess>Rating * -0.01</ess>
			<capacity>0</capacity>
			<avail>0</avail>
			<cost>0</cost>
			<source>SR5</source>
			<page>0</page>
		</cyberware>
		<cyberware>
			<id>6b219dfa-310a-45ab-98af-40a62e2431cf</id>
			<name>Commlink</name>
			<category>Headware</category>
			<ess>0.2</ess>
			<capacity>[2]</capacity>
			<avail>0</avail>
			<cost>2000</cost>
			<allowgear>
				<gearcategory>Commlinks</gearcategory>
			</allowgear>
			<source>SR5</source>
			<page>451</page>
		</cyberware>
		<cyberware>
			<id>16b45886-2916-48eb-aea5-ecb74da835bd</id>
			<name>Control Rig</name>
			<category>Headware</category>
			<rating>3</rating>
			<ess>Rating * 1</ess>
			<avail>Rating * 5</avail>
			<capacity>0</capacity>
			<cost>FixedValues(43000,97000,208000)</cost>
			<source>SR5</source>
			<page>452</page>
		</cyberware>
		<cyberware>
			<id>56e37c9d-9191-4f19-a733-33580888a560</id>
			<name>Cranial Bomb - Kink Bomb</name>
			<category>Headware</category>
			<ess>0</ess>
			<capacity>[1]</capacity>
			<avail>12F</avail>
			<cost>10000</cost>
			<source>SR5</source>
			<page>452</page>
		</cyberware>
		<cyberware>
			<id>ff8b165b-1b43-479e-b9d7-87d9a341ef71</id>
			<name>Cranial Bomb - Microbomb</name>
			<category>Headware</category>
			<ess>0</ess>
			<capacity>[2]</capacity>
			<avail>16F</avail>
			<cost>25000</cost>
			<source>SR5</source>
			<page>452</page>
		</cyberware>
		<cyberware>
			<id>7af78ea8-2b19-4dee-a07f-194393a4a65b</id>
			<name>Cranial Bomb - Area Bomb</name>
			<category>Headware</category>
			<ess>0</ess>
			<capacity>[3]</capacity>
			<avail>20F</avail>
			<cost>40000</cost>
			<source>SR5</source>
			<page>452</page>
		</cyberware>
		<cyberware>
			<id>754a2083-9d89-4034-b43f-31bd5bb43595</id>
			<name>Cyberdeck</name>
			<category>Headware</category>
			<ess>0.4</ess>
			<capacity>[4]</capacity>
			<avail>5R</avail>
			<allowgear>
				<gearcategory>Cyberdecks</gearcategory>
			</allowgear>
			<cost>5000</cost>
			<source>SR5</source>
			<page>452</page>
		</cyberware>
		<cyberware>
			<id>47c48542-48c3-417e-91f0-b5a456183f05</id>
			<name>Datajack</name>
			<category>Headware</category>
			<ess>0.1</ess>
			<capacity>0</capacity>
			<avail>2</avail>
			<cost>1000</cost>
			<source>SR5</source>
			<page>452</page>
		</cyberware>
		<cyberware>
			<id>eb9e691a-8002-4138-ac8d-d9714d398b1e</id>
			<name>Data Lock</name>
			<category>Headware</category>
			<rating>12</rating>
			<ess>0.1</ess>
			<capacity>[1]</capacity>
			<avail>Rating * 2</avail>
			<cost>Rating * 1000</cost>
			<source>SR5</source>
			<page>452</page>
		</cyberware>
		<cyberware>
			<id>e9136c81-f8d5-4e7f-be2d-3be7ff6d1673</id>
			<name>Olfactory Booster</name>
			<category>Headware</category>
			<rating>6</rating>
			<ess>0.2</ess>
			<capacity>0</capacity>
			<avail>Rating * 3</avail>
			<cost>Rating * 4000</cost>
			<source>SR5</source>
			<page>452</page>
		</cyberware>
		<cyberware>
			<id>ed88f785-7d61-43ec-b4ed-0ebb94736f5e</id>
			<name>Simrig</name>
			<category>Headware</category>
			<ess>0.2</ess>
			<capacity>0</capacity>
			<avail>12R</avail>
			<cost>4000</cost>
			<source>SR5</source>
			<page>452</page>
		</cyberware>
		<cyberware>
			<id>d31497dd-2be9-4b8a-808f-3ced36287c0c</id>
			<name>Skilljack</name>
			<category>Headware</category>
			<rating>6</rating>
			<ess>Rating * 0.1</ess>
			<capacity>0</capacity>
			<avail>Rating * 2</avail>
			<cost>Rating * 10000</cost>
			<bonus>
				<skillsoftaccess />
			</bonus>
			<source>SR5</source>
			<page>452</page>
		</cyberware>
		<cyberware>
			<id>c533c0db-3a04-4fdd-95f9-d4d9781a3e79</id>
			<name>Skilljack (German)</name>
			<category>Headware</category>
			<rating>6</rating>
			<ess>Rating * 0.1</ess>
			<capacity>0</capacity>
			<avail>Rating * 2</avail>
			<cost>Rating * 1000</cost>
			<bonus>
				<skillsoftaccess />
			</bonus>
			<source>SR5G</source>
			<page>452</page>
		</cyberware>
		<cyberware>
			<id>99128200-57f7-4ea1-ba48-7bae7215d6bb</id>
			<name>Taste Booster</name>
			<category>Headware</category>
			<rating>6</rating>
			<ess>0.2</ess>
			<capacity>0</capacity>
			<avail>Rating * 3</avail>
			<cost>Rating * 3000</cost>
			<source>SR5</source>
			<page>452</page>
		</cyberware>
		<cyberware>
			<id>7924a873-341c-43a7-be03-f92895e0dc34</id>
			<name>Tooth Compartment, Storage</name>
			<category>Headware</category>
			<ess>0</ess>
			<capacity>0</capacity>
			<avail>8</avail>
			<cost>800</cost>
			<source>SR5</source>
			<page>452</page>
		</cyberware>
		<cyberware>
			<id>cd113e17-8412-4d93-80d0-91d6212646f0</id>
			<name>Tooth Compartment, Breakable</name>
			<category>Headware</category>
			<ess>0</ess>
			<capacity>0</capacity>
			<avail>8</avail>
			<cost>800</cost>
			<source>SR5</source>
			<page>452</page>
		</cyberware>
		<cyberware>
			<id>92e9d8e5-b9aa-4786-add3-a1d1f82b8ec0</id>
			<name>Ultrasound Sensor</name>
			<category>Headware</category>
			<rating>6</rating>
			<ess>0.25</ess>
			<capacity>[2]</capacity>
			<avail>10</avail>
			<cost>Rating * 12000</cost>
			<source>SR5</source>
			<page>452</page>
		</cyberware>
		<cyberware>
			<id>ebc25387-655f-4a24-8ae7-81548c097dac</id>
			<name>Voice Modulator</name>
			<category>Headware</category>
			<rating>6</rating>
			<ess>0.2</ess>
			<capacity>0</capacity>
			<avail>Rating * 3F</avail>
			<cost>Rating * 5000</cost>
			<source>SR5</source>
			<page>452</page>
		</cyberware>
		<cyberware>
			<id>8e414ade-2764-4dc7-bdc4-83bb4a086034</id>
			<name>Cybereyes Basic System</name>
			<category>Eyeware</category>
			<rating>4</rating>
			<ess>(Rating * 0.1) + 0.1</ess>
			<capacity>(Rating * 4)</capacity>
			<avail>(Rating * 3)</avail>
			<cost>FixedValues(4000,6000,10000,14000)</cost>
			<subsystems>
				<subsystem>Eyeware</subsystem>
			</subsystems>
			<allowgear>Vision Devices</allowgear>
			<source>SR5</source>
			<page>453</page>
		</cyberware>
		<cyberware>
			<id>5921a6ac-1e20-483b-b210-dc84a14d3045</id>
			<name>Flare Compensation</name>
			<category>Eyeware</category>
			<ess>0.1</ess>
			<capacity>[1]</capacity>
			<avail>4</avail>
			<cost>1000</cost>
			<source>SR5</source>
			<page>453</page>
		</cyberware>
		<cyberware>
			<id>e03d454f-4a15-43ce-9cd0-db80e8600eae</id>
			<name>Image Link</name>
			<category>Eyeware</category>
			<ess>0.1</ess>
			<capacity>[*]</capacity>
			<avail>4</avail>
			<cost>1000</cost>
			<source>SR5</source>
			<page>453</page>
		</cyberware>
		<cyberware>
			<id>97910ef7-dc30-4a87-8314-d1e0021dc39c</id>
			<name>Low-Light Vision</name>
			<category>Eyeware</category>
			<ess>0.1</ess>
			<capacity>[2]</capacity>
			<avail>4</avail>
			<cost>1500</cost>
			<source>SR5</source>
			<page>453</page>
		</cyberware>
		<cyberware>
			<id>fde2bfc3-c7a2-435e-a220-4896f49d8ca9</id>
			<name>Ocular Drone</name>
			<category>Eyeware</category>
			<ess>0</ess>
			<capacity>[6]</capacity>
			<avail>6</avail>
			<cost>6000</cost>
			<source>SR5</source>
			<page>453</page>
		</cyberware>
		<cyberware>
			<id>fb0419a3-6f0d-4fbb-8b37-39e853efa195</id>
			<name>Retinal Duplication</name>
			<category>Eyeware</category>
			<rating>6</rating>
			<ess>0.1</ess>
			<capacity>[1]</capacity>
			<avail>16F</avail>
			<cost>Rating * 20000</cost>
			<source>SR5</source>
			<page>453</page>
		</cyberware>
		<cyberware>
			<id>35dba0e2-1d3d-4386-a657-17fedca4622d</id>
			<name>Smartlink</name>
			<category>Eyeware</category>
			<ess>0.2</ess>
			<capacity>[3]</capacity>
			<avail>8R</avail>
			<cost>4000</cost>
			<bonus>
				<smartlink />
			</bonus>
			<source>SR5</source>
			<page>453</page>
		</cyberware>
		<cyberware>
			<id>ba3204d8-3ec5-4da0-b980-44992a3a4a13</id>
			<name>Thermographic Vision</name>
			<category>Eyeware</category>
			<ess>0.1</ess>
			<capacity>[2]</capacity>
			<avail>4</avail>
			<cost>1500</cost>
			<source>SR5</source>
			<page>453</page>
		</cyberware>
		<cyberware>
			<id>35c9c51e-5364-41b4-b3c9-4d1f080bd48c</id>
			<name>Vision Enhancement</name>
			<category>Eyeware</category>
			<rating>3</rating>
			<ess>0.1</ess>
			<capacity>[Rating]</capacity>
			<avail>Rating * 3</avail>
			<cost>Rating * 4000</cost>
			<source>SR5</source>
			<page>453</page>
		</cyberware>
		<cyberware>
			<id>2c578376-1219-468d-b76b-4c0da44dfca2</id>
			<name>Vision Magnification</name>
			<category>Eyeware</category>
			<ess>0.1</ess>
			<capacity>[2]</capacity>
			<avail>4</avail>
			<cost>2000</cost>
			<source>SR5</source>
			<page>453</page>
		</cyberware>
		<cyberware>
			<id>2767fdaf-4f49-4403-a799-e91b9e6c8fa2</id>
			<name>Cyberears</name>
			<category>Earware</category>
			<rating>4</rating>
			<ess>(Rating * 0.1) + 0.1</ess>
			<capacity>Rating * 4</capacity>
			<avail>Rating * 3</avail>
			<cost>FixedValues(3000,4500,7500,11000)</cost>
			<subsystems>
				<subsystem>Earware</subsystem>
			</subsystems>
			<source>SR5</source>
			<page>453</page>
		</cyberware>
		<cyberware>
			<id>9cdee6a3-a04e-40a1-95ce-e509b26b192c</id>
			<name>Audio Enhancement</name>
			<category>Earware</category>
			<rating>3</rating>
			<ess>0.1</ess>
			<capacity>[Rating]</capacity>
			<avail>Rating * 3</avail>
			<cost>Rating * 4000</cost>
			<source>SR5</source>
			<page>453</page>
		</cyberware>
		<cyberware>
			<id>31d82330-4650-4550-aa90-c314a189f897</id>
			<name>Balance Augmenter</name>
			<category>Earware</category>
			<ess>0.1</ess>
			<capacity>[4]</capacity>
			<avail>8</avail>
			<cost>8000</cost>
			<source>SR5</source>
			<page>453</page>
		</cyberware>
		<cyberware>
			<id>3785a2cf-c3df-476a-b7cd-6e224ea77ab0</id>
			<name>Damper</name>
			<category>Earware</category>
			<ess>0.1</ess>
			<capacity>[1]</capacity>
			<avail>6</avail>
			<cost>2250</cost>
			<source>SR5</source>
			<page>454</page>
		</cyberware>
		<cyberware>
			<id>ab2e5330-25c6-4460-bab7-35a9e6b9aeb1</id>
			<name>Select Sound Filter</name>
			<category>Earware</category>
			<rating>6</rating>
			<ess>0.1</ess>
			<capacity>[Rating]</capacity>
			<avail>Rating * 3</avail>
			<cost>Rating * 3500</cost>
			<source>SR5</source>
			<page>454</page>
		</cyberware>
		<cyberware>
			<id>e0212e7e-e690-41d8-a461-4834a668d9c8</id>
			<name>Sound Link</name>
			<category>Earware</category>
			<ess>0.1</ess>
			<capacity>[*]</capacity>
			<avail>4</avail>
			<cost>1000</cost>
			<source>SR5</source>
			<page>454</page>
		</cyberware>
		<cyberware>
			<id>004b7eb4-190e-4903-8308-27fe9b2f626b</id>
			<name>Spatial Recognizer</name>
			<category>Earware</category>
			<ess>0.1</ess>
			<capacity>[2]</capacity>
			<avail>8</avail>
			<cost>4000</cost>
			<source>SR5</source>
			<page>454</page>
		</cyberware>
		<cyberware>
			<id>76523da7-271d-459a-9502-3f7c8d54be6a</id>
			<name>Bone Lacing (Aluminum)</name>
			<category>Bodyware</category>
			<ess>1</ess>
			<notes>Bone Lacing does not increase your BOD score, only tests for resisting damage.</notes>
			<capacity>0</capacity>
			<avail>12R</avail>
			<cost>18000</cost>
			<bonus>
				<armor>2</armor>
				<damageresistance>2</damageresistance>
				<unarmeddv>2</unarmeddv>
				<unarmeddvphysical />
			</bonus>
			<source>SR5</source>
			<page>454</page>
		</cyberware>
		<cyberware>
			<id>4fd033ab-9a43-4ee0-9675-47414af3c8f4</id>
			<name>Bone Lacing (Plastic)</name>
			<category>Bodyware</category>
			<ess>0.5</ess>
			<notes>Bone Lacing does not increase your BOD score, only tests for resisting damage.</notes>
			<capacity>0</capacity>
			<avail>8R</avail>
			<cost>8000</cost>
			<bonus>
				<armor>1</armor>
				<damageresistance>1</damageresistance>
				<unarmeddv>1</unarmeddv>
				<unarmeddvphysical />
			</bonus>
			<source>SR5</source>
			<page>454</page>
		</cyberware>
		<cyberware>
			<id>2ecc8684-5a9f-4523-beb8-d3abc886a233</id>
			<name>Bone Lacing (Titanium)</name>
			<category>Bodyware</category>
			<ess>1.5</ess>
			<notes>Bone Lacing does not increase your BOD score, only tests for resisting damage.</notes>
			<capacity>0</capacity>
			<avail>16R</avail>
			<cost>30000</cost>
			<bonus>
				<armor>3</armor>
				<damageresistance>3</damageresistance>
				<unarmeddv>3</unarmeddv>
				<unarmeddvphysical />
			</bonus>
			<source>SR5</source>
			<page>454</page>
		</cyberware>
		<cyberware>
			<id>6ba5239b-651e-456a-bcc9-f58d975d2397</id>
			<name>Dermal Plating</name>
			<category>Bodyware</category>
			<rating>6</rating>
			<ess>Rating * 0.5</ess>
			<capacity>0</capacity>
			<avail>(Rating * 4)R</avail>
			<cost>Rating * 3000</cost>
			<bonus>
				<armor precedence="0">Rating</armor>
			</bonus>
			<source>SR5</source>
			<page>454</page>
		</cyberware>
		<cyberware>
			<id>be1ed1c6-9a80-4299-9df3-335c59506027</id>
			<name>Fingertip Compartment</name>
			<category>Bodyware</category>
			<ess>0.1</ess>
			<capacity>[1]</capacity>
			<avail>4</avail>
			<cost>3000</cost>
			<allowgear />
			<source>SR5</source>
			<page>454</page>
		</cyberware>
		<cyberware>
			<id>f145d15f-37e7-4961-98ba-38146dc849c9</id>
			<name>Grapple Gun</name>
			<category>Bodyware</category>
			<ess>0.5</ess>
			<capacity>[4]</capacity>
			<avail>8</avail>
			<cost>5000</cost>
			<source>SR5</source>
			<page>455</page>
		</cyberware>
		<cyberware>
			<id>02ae9eca-ad70-4c27-8c1d-dec355265b8f</id>
			<name>Internal Air Tank</name>
			<category>Bodyware</category>
			<rating>3</rating>
			<ess>0.25</ess>
			<capacity>[3]</capacity>
			<avail>Rating</avail>
			<cost>Rating * 4500</cost>
			<source>SR5</source>
			<page>455</page>
		</cyberware>
		<cyberware>
			<id>46f80a44-80ae-41d7-a7c8-a119c4cff70f</id>
			<name>Muscle Replacement</name>
			<category>Bodyware</category>
			<rating>4</rating>
			<ess>Rating * 1</ess>
			<capacity>0</capacity>
			<avail>(Rating * 5)R</avail>
			<cost>Rating * 25000</cost>
			<bonus>
				<specificattribute>
					<name precedence="1">AGI</name>
					<val>Rating</val>
				</specificattribute>
				<specificattribute>
					<name precedence="1">STR</name>
					<val>Rating</val>
				</specificattribute>
			</bonus>
			<source>SR5</source>
			<page>455</page>
		</cyberware>
		<cyberware>
			<id>4cef53aa-13ea-4f28-8fbf-e3b254248247</id>
			<name>Reaction Enhancers</name>
			<category>Bodyware</category>
			<rating>3</rating>
			<ess>Rating * 0.3</ess>
			<capacity>0</capacity>
			<avail>(Rating * 5)R</avail>
			<cost>Rating * 13000</cost>
			<bonus>
				<specificattribute>
					<name precedence="1">REA</name>
					<val>Rating</val>
				</specificattribute>
			</bonus>
			<source>SR5</source>
			<page>455</page>
		</cyberware>
		<cyberware>
			<id>60485c4e-042f-44f6-ad89-324003223f73</id>
			<name>Skillwires</name>
			<category>Bodyware</category>
			<rating>6</rating>
			<ess>Rating * 0.2</ess>
			<capacity>0</capacity>
			<avail>(Rating * 3)</avail>
			<cost>Rating * 20000</cost>
			<bonus>
				<skillwire>Rating</skillwire>
			</bonus>
			<source>SR5</source>
			<page>455</page>
		</cyberware>
		<cyberware>
			<id>21055f0b-4f4d-4286-8cfb-e251e5898c04</id>
			<name>Smuggling Compartment</name>
			<category>Bodyware</category>
			<ess>0.2</ess>
			<capacity>[2]</capacity>
			<avail>6</avail>
			<cost>7500</cost>
			<allowgear />
			<source>SR5</source>
			<page>455</page>
		</cyberware>
		<cyberware>
			<id>bea0ded3-821f-449c-9507-815088f68b86</id>
			<name>Wired Reflexes</name>
			<category>Bodyware</category>
			<rating>3</rating>
			<ess>FixedValues(2,3,5)</ess>
			<capacity>0</capacity>
			<avail>FixedValues(8R,12R,20R)</avail>
			<cost>FixedValues(39000,149000,217000)</cost>
			<bonus>
				<initiativepass precedence="1">Rating</initiativepass>
				<specificattribute>
					<name precedence="1">REA</name>
					<val>Rating</val>
				</specificattribute>
			</bonus>
			<source>SR5</source>
			<page>455</page>
		</cyberware>
		<cyberware>
			<id>df01eed6-a019-4198-b88d-4ba8f9aaefdf</id>
			<name>Obvious Full Arm</name>
			<category>Cyberlimb</category>
			<limbslot>arm</limbslot>
			<ess>1</ess>
			<capacity>15</capacity>
			<avail>4</avail>
			<cost>15000</cost>
			<bonus>
				<conditionmonitor>
					<physical>1</physical>
				</conditionmonitor>
				<selectside />
			</bonus>
			<subsystems>
				<subsystem>Bodyware</subsystem>
				<subsystem>Cyberlimb Enhancement</subsystem>
				<subsystem>Cyberlimb Accessory</subsystem>
				<subsystem>Cyber Implant Weapon</subsystem>
			</subsystems>
			<source>SR5</source>
			<page>456</page>
		</cyberware>
		<cyberware>
			<id>c7b88f7e-4e3c-4c29-9f86-a4e244ec5066</id>
			<name>Obvious Full Leg</name>
			<category>Cyberlimb</category>
			<limbslot>leg</limbslot>
			<ess>1</ess>
			<capacity>20</capacity>
			<avail>4</avail>
			<cost>15000</cost>
			<bonus>
				<conditionmonitor>
					<physical>1</physical>
				</conditionmonitor>
				<selectside />
			</bonus>
			<subsystems>
				<subsystem>Bodyware</subsystem>
				<subsystem>Cyberlimb Enhancement</subsystem>
				<subsystem>Cyberlimb Accessory</subsystem>
				<subsystem>Cyber Implant Weapon</subsystem>
			</subsystems>
			<source>SR5</source>
			<page>456</page>
		</cyberware>
		<cyberware>
			<id>eee044c5-3586-4f04-9577-5e290466c485</id>
			<name>Obvious Foot</name>
			<category>Cyberlimb</category>
			<ess>0.25</ess>
			<capacity>4</capacity>
			<avail>2</avail>
			<cost>5000</cost>
			<bonus>
				<conditionmonitor>
					<physical>1</physical>
				</conditionmonitor>
				<selectside />
			</bonus>
			<subsystems>
				<subsystem>Bodyware</subsystem>
				<subsystem>Cyberlimb Enhancement</subsystem>
				<subsystem>Cyberlimb Accessory</subsystem>
				<subsystem>Cyber Implant Weapon</subsystem>
			</subsystems>
			<source>SR5</source>
			<page>456</page>
		</cyberware>
		<cyberware>
			<id>cc503281-ff05-4e22-9121-09116a4a8306</id>
			<name>Obvious Hand</name>
			<category>Cyberlimb</category>
			<ess>0.25</ess>
			<capacity>4</capacity>
			<avail>2</avail>
			<cost>5000</cost>
			<bonus>
				<conditionmonitor>
					<physical>1</physical>
				</conditionmonitor>
				<selectside />
			</bonus>
			<subsystems>
				<subsystem>Bodyware</subsystem>
				<subsystem>Cyberlimb Enhancement</subsystem>
				<subsystem>Cyberlimb Accessory</subsystem>
				<subsystem>Cyber Implant Weapon</subsystem>
			</subsystems>
			<source>SR5</source>
			<page>456</page>
		</cyberware>
		<cyberware>
			<id>fdb0ef96-2234-46fa-9d51-55c7d1164b7a</id>
			<name>Obvious Lower Arm</name>
			<category>Cyberlimb</category>
			<ess>0.45</ess>
			<capacity>10</capacity>
			<avail>4</avail>
			<cost>10000</cost>
			<bonus>
				<conditionmonitor>
					<physical>1</physical>
				</conditionmonitor>
				<selectside />
			</bonus>
			<subsystems>
				<subsystem>Bodyware</subsystem>
				<subsystem>Cyberlimb Enhancement</subsystem>
				<subsystem>Cyberlimb Accessory</subsystem>
				<subsystem>Cyber Implant Weapon</subsystem>
			</subsystems>
			<source>SR5</source>
			<page>456</page>
		</cyberware>
		<cyberware>
			<id>f769235c-c295-4c31-9843-e9d413d77adf</id>
			<name>Obvious Lower Leg</name>
			<category>Cyberlimb</category>
			<ess>0.45</ess>
			<capacity>12</capacity>
			<avail>4</avail>
			<cost>10000</cost>
			<bonus>
				<conditionmonitor>
					<physical>1</physical>
				</conditionmonitor>
				<selectside />
			</bonus>
			<subsystems>
				<subsystem>Bodyware</subsystem>
				<subsystem>Cyberlimb Enhancement</subsystem>
				<subsystem>Cyberlimb Accessory</subsystem>
				<subsystem>Cyber Implant Weapon</subsystem>
			</subsystems>
			<source>SR5</source>
			<page>456</page>
		</cyberware>
		<cyberware>
			<id>48e490fb-fe6a-482c-a47d-40cb04985897</id>
			<name>Obvious Torso</name>
			<category>Cyberlimb</category>
			<limbslot>torso</limbslot>
			<ess>1.5</ess>
			<capacity>10</capacity>
			<avail>12</avail>
			<cost>20000</cost>
			<bonus>
				<conditionmonitor>
					<physical>1</physical>
				</conditionmonitor>
			</bonus>
			<subsystems>
				<subsystem>Bodyware</subsystem>
				<subsystem>Cyberlimb Enhancement</subsystem>
				<subsystem>Cyberlimb Accessory</subsystem>
				<subsystem>Cyber Implant Weapon</subsystem>
			</subsystems>
			<source>SR5</source>
			<page>456</page>
		</cyberware>
		<cyberware>
			<id>ea676290-1859-4a56-86f8-a3fb90decc32</id>
			<name>Obvious Skull</name>
			<category>Cyberlimb</category>
			<limbslot>skull</limbslot>
			<ess>0.75</ess>
			<capacity>4</capacity>
			<avail>16</avail>
			<cost>10000</cost>
			<bonus>
				<conditionmonitor>
					<physical>1</physical>
				</conditionmonitor>
			</bonus>
			<subsystems>
				<subsystem>Headware</subsystem>
				<subsystem>Cyberlimb Enhancement</subsystem>
				<subsystem>Cyberlimb Accessory</subsystem>
				<subsystem>Cyber Implant Weapon</subsystem>
			</subsystems>
			<source>SR5</source>
			<page>456</page>
		</cyberware>
		<cyberware>
			<id>f4a48c40-29df-4435-8d09-b1f3153d61ee</id>
			<name>Synthetic Full Arm</name>
			<category>Cyberlimb</category>
			<limbslot>arm</limbslot>
			<ess>1</ess>
			<capacity>8</capacity>
			<avail>4</avail>
			<cost>20000</cost>
			<bonus>
				<conditionmonitor>
					<physical>1</physical>
				</conditionmonitor>
				<selectside />
			</bonus>
			<subsystems>
				<subsystem>Bodyware</subsystem>
				<subsystem>Cyberlimb Enhancement</subsystem>
				<subsystem>Cyberlimb Accessory</subsystem>
				<subsystem>Cyber Implant Weapon</subsystem>
			</subsystems>
			<source>SR5</source>
			<page>456</page>
		</cyberware>
		<cyberware>
			<id>bf29ff5e-839a-4fd3-8063-371ce05065d6</id>
			<name>Synthetic Full Leg</name>
			<category>Cyberlimb</category>
			<limbslot>leg</limbslot>
			<ess>1</ess>
			<capacity>10</capacity>
			<avail>4</avail>
			<cost>20000</cost>
			<bonus>
				<conditionmonitor>
					<physical>1</physical>
				</conditionmonitor>
				<selectside />
			</bonus>
			<subsystems>
				<subsystem>Bodyware</subsystem>
				<subsystem>Cyberlimb Enhancement</subsystem>
				<subsystem>Cyberlimb Accessory</subsystem>
				<subsystem>Cyber Implant Weapon</subsystem>
			</subsystems>
			<source>SR5</source>
			<page>456</page>
		</cyberware>
		<cyberware>
			<id>1e511ad7-4806-4862-8685-a04887b1bec9</id>
			<name>Synthetic Foot</name>
			<category>Cyberlimb</category>
			<ess>0.25</ess>
			<capacity>2</capacity>
			<avail>2</avail>
			<cost>6000</cost>
			<bonus>
				<conditionmonitor>
					<physical>1</physical>
				</conditionmonitor>
				<selectside />
			</bonus>
			<subsystems>
				<subsystem>Bodyware</subsystem>
				<subsystem>Cyberlimb Enhancement</subsystem>
				<subsystem>Cyberlimb Accessory</subsystem>
				<subsystem>Cyber Implant Weapon</subsystem>
			</subsystems>
			<source>SR5</source>
			<page>456</page>
		</cyberware>
		<cyberware>
			<id>a1591e59-d859-40fc-aaf8-30fde5cf6a42</id>
			<name>Synthetic Hand</name>
			<category>Cyberlimb</category>
			<ess>0.25</ess>
			<capacity>2</capacity>
			<avail>2</avail>
			<cost>6000</cost>
			<bonus>
				<conditionmonitor>
					<physical>1</physical>
				</conditionmonitor>
				<selectside />
			</bonus>
			<subsystems>
				<subsystem>Bodyware</subsystem>
				<subsystem>Cyberlimb Enhancement</subsystem>
				<subsystem>Cyberlimb Accessory</subsystem>
				<subsystem>Cyber Implant Weapon</subsystem>
			</subsystems>
			<source>SR5</source>
			<page>456</page>
		</cyberware>
		<cyberware>
			<id>4e8c4c99-b0bf-494f-b82c-1ab15ec26eb7</id>
			<name>Synthetic Lower Arm</name>
			<category>Cyberlimb</category>
			<ess>0.45</ess>
			<capacity>5</capacity>
			<avail>4</avail>
			<cost>12000</cost>
			<bonus>
				<conditionmonitor>
					<physical>1</physical>
				</conditionmonitor>
				<selectside />
			</bonus>
			<subsystems>
				<subsystem>Bodyware</subsystem>
				<subsystem>Cyberlimb Enhancement</subsystem>
				<subsystem>Cyberlimb Accessory</subsystem>
				<subsystem>Cyber Implant Weapon</subsystem>
			</subsystems>
			<source>SR5</source>
			<page>456</page>
		</cyberware>
		<cyberware>
			<id>d3a7e6f2-cb8c-42c0-9aef-c88b26648859</id>
			<name>Synthetic Lower Leg</name>
			<category>Cyberlimb</category>
			<ess>0.45</ess>
			<capacity>6</capacity>
			<avail>4</avail>
			<cost>12000</cost>
			<bonus>
				<conditionmonitor>
					<physical>1</physical>
				</conditionmonitor>
				<selectside />
			</bonus>
			<subsystems>
				<subsystem>Bodyware</subsystem>
				<subsystem>Cyberlimb Enhancement</subsystem>
				<subsystem>Cyberlimb Accessory</subsystem>
				<subsystem>Cyber Implant Weapon</subsystem>
			</subsystems>
			<source>SR5</source>
			<page>456</page>
		</cyberware>
		<cyberware>
			<id>40878e5d-cabc-4980-ad87-0dd5d5f5c037</id>
			<name>Synthetic Torso</name>
			<category>Cyberlimb</category>
			<limbslot>torso</limbslot>
			<ess>1.5</ess>
			<capacity>5</capacity>
			<avail>12</avail>
			<cost>25000</cost>
			<bonus>
				<conditionmonitor>
					<physical>1</physical>
				</conditionmonitor>
			</bonus>
			<subsystems>
				<subsystem>Bodyware</subsystem>
				<subsystem>Cyberlimb Enhancement</subsystem>
				<subsystem>Cyberlimb Accessory</subsystem>
				<subsystem>Cyber Implant Weapon</subsystem>
			</subsystems>
			<source>SR5</source>
			<page>456</page>
		</cyberware>
		<cyberware>
			<id>992fbf6b-8f9a-4c27-a527-8705ecc3341f</id>
			<name>Synthetic Skull</name>
			<category>Cyberlimb</category>
			<limbslot>skull</limbslot>
			<ess>0.75</ess>
			<capacity>2</capacity>
			<avail>16</avail>
			<cost>15000</cost>
			<bonus>
				<conditionmonitor>
					<physical>1</physical>
				</conditionmonitor>
			</bonus>
			<subsystems>
				<subsystem>Headware</subsystem>
				<subsystem>Cyberlimb Enhancement</subsystem>
				<subsystem>Cyberlimb Accessory</subsystem>
				<subsystem>Cyber Implant Weapon</subsystem>
			</subsystems>
			<source>SR5</source>
			<page>456</page>
		</cyberware>
		<cyberware>
			<id>8ea736c6-5a90-471c-9320-18432ec9aaf0</id>
			<name>Armor</name>
			<category>Cyberlimb Enhancement</category>
			<rating>3</rating>
			<ess>0</ess>
			<capacity>[Rating]</capacity>
			<avail>Rating * 5</avail>
			<cost>Rating * 3000</cost>
			<bonus>
				<armor>Rating</armor>
			</bonus>
			<source>SR5</source>
			<page>456</page>
		</cyberware>
		<cyberware>
			<id>7d61f860-0637-4214-914d-c68022361d24</id>
			<name>Customized Strength</name>
			<category>Cyberlimb Enhancement</category>
			<rating>20</rating>
			<minrating>4</minrating>
			<ess>0</ess>
			<capacity>[0]</capacity>
			<avail>+(Rating - 3)</avail>
			<cost>(Rating - 3) * 5000</cost>
			<bonus />
			<source>SR5</source>
			<page>456</page>
		</cyberware>
		<cyberware>
			<id>7afb23c7-435f-450c-9d1c-f7a0e7e631a6</id>
			<name>Customized Agility</name>
			<category>Cyberlimb Enhancement</category>
			<rating>20</rating>
			<minrating>4</minrating>
			<ess>0</ess>
			<capacity>[0]</capacity>
			<avail>+(Rating - 3)</avail>
			<cost>(Rating - 3) * 5000</cost>
			<bonus />
			<source>SR5</source>
			<page>456</page>
		</cyberware>
		<cyberware>
			<id>a9f4efd4-b86c-4e90-b0f7-aefa32c3b9de</id>
			<name>Enhanced Strength</name>
			<category>Cyberlimb Enhancement</category>
			<rating>3</rating>
			<ess>0</ess>
			<capacity>[Rating * 1]</capacity>
			<avail>(Rating * 3)R</avail>
			<cost>Rating * 6500</cost>
			<bonus />
			<source>SR5</source>
			<page>456</page>
		</cyberware>
		<cyberware>
			<id>2c50d5c1-f2ff-4c7b-bf5e-46925e808648</id>
			<name>Enhanced Agility</name>
			<category>Cyberlimb Enhancement</category>
			<rating>3</rating>
			<ess>0</ess>
			<capacity>[Rating * 1]</capacity>
			<avail>(Rating * 3)R</avail>
			<cost>Rating * 6500</cost>
			<bonus />
			<source>SR5</source>
			<page>456</page>
		</cyberware>
		<cyberware>
			<id>eea42123-0449-4c20-8c0b-ae766025b72b</id>
			<name>Cyber Holster</name>
			<category>Cyberlimb Accessory</category>
			<ess>0</ess>
			<capacity>[5]</capacity>
			<avail>8R</avail>
			<cost>2000</cost>
			<source>SR5</source>
			<page>457</page>
		</cyberware>
		<cyberware>
			<id>816fbe31-0bfb-455f-a939-fca85b968bd2</id>
			<name>Cyberarm Gyromount</name>
			<category>Cyberlimb Accessory</category>
			<ess>0</ess>
			<capacity>[8]</capacity>
			<avail>12F</avail>
			<cost>6000</cost>
			<source>SR5</source>
			<page>456</page>
		</cyberware>
		<cyberware>
			<id>17e0bf0e-db82-4db7-ad85-d88e9945f5a7</id>
			<name>Cyberarm Slide</name>
			<category>Cyberlimb Accessory</category>
			<ess>0</ess>
			<capacity>[3]</capacity>
			<avail>12R</avail>
			<cost>3000</cost>
			<source>SR5</source>
			<page>456</page>
		</cyberware>
		<cyberware>
			<id>c7a55431-c54c-41ba-8468-0d9c3028010a</id>
			<name>Hydraulic Jacks</name>
			<category>Cyberlimb Accessory</category>
			<rating>6</rating>
			<ess>0</ess>
			<capacity>[Rating]</capacity>
			<avail>9</avail>
			<cost>Rating * 2500</cost>
			<source>SR5</source>
			<page>457</page>
		</cyberware>
		<cyberware>
			<id>32096cc1-25c0-4b29-a53d-92528f352d2f</id>
			<name>Large Smuggling Compartment</name>
			<category>Cyberlimb Accessory</category>
			<ess>0</ess>
			<capacity>[5]</capacity>
			<avail>6</avail>
			<cost>8000</cost>
			<allowgear />
			<source>SR5</source>
			<page>457</page>
		</cyberware>
		<cyberware>
			<id>ec5ed166-d1dc-4afe-80a1-71bc315f7d75</id>
			<name>External Clip Port</name>
			<category>Cyber Implant Weapon</category>
			<ess>0.1</ess>
			<capacity>[1]</capacity>
			<avail>0</avail>
			<cost>1000</cost>
			<source>SR5</source>
			<page>458</page>
		</cyberware>
		<cyberware>
			<id>c7ba7834-7337-452c-90e4-d1dd4abcbca5</id>
			<name>Grenade Launcher</name>
			<category>Cyber Implant Weapon</category>
			<ess>1.5</ess>
			<capacity>[15]</capacity>
			<avail>20F</avail>
			<addweapon>Cyber Microgrenade Launcher</addweapon>
			<cost>30000</cost>
			<source>SR5</source>
			<page>458</page>
		</cyberware>
		<cyberware>
			<id>ba93ab8d-fd7f-4fc4-bfa3-5f987fd15d77</id>
			<name>Hand Blade</name>
			<category>Cyber Implant Weapon</category>
			<ess>0.25</ess>
			<capacity>[2]</capacity>
			<avail>10F</avail>
			<addweapon>Hand Blade</addweapon>
			<cost>2500</cost>
			<source>SR5</source>
			<page>458</page>
		</cyberware>
		<cyberware>
			<id>923d1629-5267-4093-a978-34eb4543cb15</id>
			<name>Hand Razors</name>
			<category>Cyber Implant Weapon</category>
			<ess>0.2</ess>
			<capacity>[2]</capacity>
			<avail>10F</avail>
			<addweapon>Hand Razors</addweapon>
			<cost>1250</cost>
			<source>SR5</source>
			<page>458</page>
		</cyberware>
		<cyberware>
			<id>e2997f83-e2a7-4f15-92a2-be9b5081ed59</id>
			<name>Heavy Pistol</name>
			<category>Cyber Implant Weapon</category>
			<ess>0.5</ess>
			<capacity>[6]</capacity>
			<avail>12R</avail>
			<addweapon>Heavy Cyber Pistol</addweapon>
			<cost>4300</cost>
			<source>SR5</source>
			<page>458</page>
		</cyberware>
		<cyberware>
			<id>abe607f4-ba21-4d7f-b6e1-327f03fab901</id>
			<name>Holdout Pistol</name>
			<category>Cyber Implant Weapon</category>
			<ess>0.1</ess>
			<capacity>[2]</capacity>
			<avail>8R</avail>
			<addweapon>Cyber Hold-Out</addweapon>
			<cost>2000</cost>
			<source>SR5</source>
			<page>458</page>
		</cyberware>
		<cyberware>
			<id>c8df9efc-e88e-4dec-becf-0453f20cdb34</id>
			<name>Laser Sight</name>
			<category>Cyber Implant Weapon</category>
			<ess>0</ess>
			<capacity>[1]</capacity>
			<avail>0</avail>
			<cost>1000</cost>
			<source>SR5</source>
			<page>458</page>
		</cyberware>
		<cyberware>
			<id>45a32fd5-6db3-4e1d-aa34-76d1e299ae8b</id>
			<name>Light Pistol</name>
			<category>Cyber Implant Weapon</category>
			<ess>0.25</ess>
			<capacity>[4]</capacity>
			<avail>10R</avail>
			<addweapon>Light Cyber Pistol</addweapon>
			<cost>3900</cost>
			<source>SR5</source>
			<page>458</page>
		</cyberware>
		<cyberware>
			<id>b6e0d583-33e8-4711-8304-a1d8de86d391</id>
			<name>Machine Pistol</name>
			<category>Cyber Implant Weapon</category>
			<ess>0.5</ess>
			<capacity>[6]</capacity>
			<avail>12R</avail>
			<addweapon>Cyber Machine Pistol</addweapon>
			<cost>3500</cost>
			<source>SR5</source>
			<page>458</page>
		</cyberware>
		<cyberware>
			<id>1aa7fe36-10ab-4c3c-9a4f-f26e8460c0a8</id>
			<name>Shock Hand</name>
			<category>Cyber Implant Weapon</category>
			<ess>0.25</ess>
			<capacity>[4]</capacity>
			<avail>8R</avail>
			<addweapon>Shock Hand</addweapon>
			<cost>5000</cost>
			<source>SR5</source>
			<page>458</page>
		</cyberware>
		<cyberware>
			<id>841cac06-6839-4041-a8dc-2050048df076</id>
			<name>Shotgun</name>
			<category>Cyber Implant Weapon</category>
			<ess>1.25</ess>
			<capacity>[10]</capacity>
			<avail>12R</avail>
			<addweapon>Cyber Shotgun</addweapon>
			<cost>8500</cost>
			<source>SR5</source>
			<page>458</page>
		</cyberware>
		<cyberware>
			<id>8b9541a9-e10a-488d-a076-4e5b1c469839</id>
			<name>Silencer</name>
			<category>Cyber Implant Weapon</category>
			<ess>0</ess>
			<capacity>[2]</capacity>
			<avail>0</avail>
			<cost>1000</cost>
			<source>SR5</source>
			<page>458</page>
		</cyberware>
		<cyberware>
			<id>e8fad85e-01c7-4fda-a5e0-73af457f4cf7</id>
			<name>Sound Suppressor</name>
			<category>Cyber Implant Weapon</category>
			<ess>0</ess>
			<capacity>[2]</capacity>
			<avail>0</avail>
			<cost>1000</cost>
			<source>SR5</source>
			<page>458</page>
		</cyberware>
		<cyberware>
			<id>c9e4a11f-ef4f-4cb6-9392-ce7378456d82</id>
			<name>Spurs</name>
			<category>Cyber Implant Weapon</category>
			<ess>0.3</ess>
			<capacity>[3]</capacity>
			<avail>12F</avail>
			<addweapon>Spurs</addweapon>
			<cost>5000</cost>
			<source>SR5</source>
			<page>458</page>
		</cyberware>
		<cyberware>
			<id>13841067-a929-4e8d-b7e3-e8eb68a0dec1</id>
			<name>Submachine Gun</name>
			<category>Cyber Implant Weapon</category>
			<ess>1</ess>
			<capacity>[8]</capacity>
			<avail>12R</avail>
			<addweapon>Cyber Submachine Gun</addweapon>
			<cost>4800</cost>
			<source>SR5</source>
			<page>458</page>
		</cyberware>
		<!-- End Region -->
		<!-- Region Chrome Flesh -->
		<!-- Region Headware-->
		<cyberware>
			<id>15471288-0cf2-497c-86bf-75fb24a1ce05</id>
			<name>Attention Coprocessor</name>
			<category>Headware</category>
			<ess>0.3</ess>
			<capacity>[1]</capacity>
			<avail>8</avail>
			<cost>3000</cost>
			<source>CF</source>
			<page>78</page>
		</cyberware>
		<cyberware>
			<id>80ba030a-7be4-4edb-96d6-c5cfd85806d5</id>
			<name>Chipjack</name>
			<category>Headware</category>
			<rating>6</rating>
			<ess>Rating * 0.05</ess>
			<capacity>0</capacity>
			<avail>Rating * 2</avail>
			<cost>Rating * 1000</cost>
			<source>CF</source>
			<page>79</page>
		</cyberware>
		<cyberware>
			<id>326e3b7b-db1e-4c40-81ce-3fb7be46ce99</id>
			<name>Dream Link</name>
			<category>Headware</category>
			<ess>0.1</ess>
			<capacity>0</capacity>
			<avail>8</avail>
			<cost>1000</cost>
			<source>CF</source>
			<page>79</page>
		</cyberware>
		<cyberware>
			<id>0bf88be2-4339-4861-90c8-97fc417eb1ce</id>
			<name>False Face</name>
			<category>Headware</category>
			<ess>0.5</ess>
			<capacity>0</capacity>
			<avail>12R</avail>
			<cost>20000</cost>
			<source>CF</source>
			<page>79</page>
		</cyberware>
		<cyberware>
			<id>56a5fcc1-5da7-4728-aae9-073c92f67c2b</id>
			<name>Knowledge Hardwires</name>
			<category>Headware</category>
			<rating>6</rating>
			<ess>Rating * 0.05</ess>
			<capacity>0</capacity>
			<avail>Rating</avail>
			<cost>Rating * 2000</cost>
			<source>CF</source>
			<page>80</page>
		</cyberware>
		<cyberware>
			<id>75c6b715-a593-41cc-aed9-8e3002ee60f2</id>
			<name>Math SPU</name>
			<category>Headware</category>
			<ess>0.1</ess>
			<capacity>[1]</capacity>
			<avail>8</avail>
			<cost>2000</cost>
			<source>CF</source>
			<page>80</page>
		</cyberware>
		<cyberware>
			<id>465b70d6-a7b8-437c-9391-e419492fbcaf</id>
			<name>Orientation System</name>
			<category>Headware</category>
			<ess>0.2</ess>
			<capacity>[1]</capacity>
			<avail>4</avail>
			<cost>500</cost>
			<source>CF</source>
			<page>80</page>
		</cyberware>
		<cyberware>
			<id>1b0084ee-6334-4a66-bee3-8b45c5cc63d2</id>
			<name>Radar Sensor</name>
			<category>Headware</category>
			<rating>4</rating>
			<ess>Rating * 0.25</ess>
			<capacity>[Rating]</capacity>
			<avail>Rating * 3</avail>
			<cost>Rating * 4000</cost>
			<source>CF</source>
			<page>81</page>
		</cyberware>
		<cyberware>
			<id>c8e3f859-a445-4df7-9e0c-37bdb815a319</id>
			<name>Synthlink</name>
			<category>Headware</category>
			<ess>0.1</ess>
			<capacity>[1]</capacity>
			<avail>4</avail>
			<cost>1000</cost>
			<source>CF</source>
			<page>81</page>
		</cyberware>
		<cyberware>
			<id>967133e4-76bf-468a-a4b8-c8be1e667186</id>
			<name>Visualizer</name>
			<category>Headware</category>
			<ess>0.1</ess>
			<capacity>0</capacity>
			<avail>8</avail>
			<cost>2000</cost>
			<source>CF</source>
			<page>81</page>
		</cyberware>
		<cyberware>
			<id>fa1a9948-901f-4f42-ae56-6b7e66556490</id>
			<name>Voice Mask</name>
			<category>Headware</category>
			<ess>0.1</ess>
			<capacity>0</capacity>
			<avail>8F</avail>
			<cost>2000</cost>
			<source>CF</source>
			<page>81</page>
		</cyberware>
		<!-- End Region -->
		<!-- Region Eyeware -->
		<cyberware>
			<id>27aad555-301b-4dfa-826c-40c9c489d6a0</id>
			<name>Additional Eye Mount</name>
			<category>Eyeware</category>
			<ess>0.2</ess>
			<capacity>[2]</capacity>
			<avail>8</avail>
			<cost>1000</cost>
			<source>CF</source>
			<page>75</page>
		</cyberware>
		<cyberware>
			<id>f51aeeaf-dc86-420e-a078-b50a45de600c</id>
			<name>Eye Light System</name>
			<category>Eyeware</category>
			<ess>0.1</ess>
			<capacity>[2]</capacity>
			<avail>2</avail>
			<cost>500</cost>
			<source>CF</source>
			<page>76</page>
		</cyberware>
		<cyberware>
			<id>02e45643-b577-4d31-8f98-18102eb4a600</id>
			<name>Eye Protectors (Plastic)</name>
			<category>Eyeware</category>
			<ess>0.1</ess>
			<capacity>[2]</capacity>
			<avail>0</avail>
			<cost>100</cost>
			<source>CF</source>
			<page>76</page>
		</cyberware>
		<cyberware>
			<id>19cea27d-b57b-46b1-9604-3362974f68ff</id>
			<name>Eye Protectors (Ballistic Glass)</name>
			<category>Eyeware</category>
			<ess>0.1</ess>
			<capacity>[2]</capacity>
			<avail>0</avail>
			<cost>100</cost>
			<source>CF</source>
			<page>76</page>
		</cyberware>
		<cyberware>
			<id>686b15f5-e661-4813-ab3a-96c1eba33452</id>
			<name>Microscopic Lenses</name>
			<category>Eyeware</category>
			<ess>0.2</ess>
			<capacity>[3]</capacity>
			<avail>4</avail>
			<cost>1000</cost>
			<source>CF</source>
			<page>76</page>
		</cyberware>
		<cyberware>
			<id>10c1db9e-ce52-4b3c-877d-f0fb4c8442a8</id>
			<name>Spider Eyes</name>
			<category>Eyeware</category>
			<ess>0.2</ess>
			<capacity>2</capacity>
			<avail>8</avail>
			<cost>2000</cost>
			<source>CF</source>
			<page>76</page>
		</cyberware>
		<cyberware>
			<id>a8a5cc69-c4c9-4923-a391-ec22d19033fd</id>
			<name>Targeting Laser</name>
			<category>Eyeware</category>
			<ess>0.2</ess>
			<capacity>[4]</capacity>
			<avail>4</avail>
			<cost>1000</cost>
			<source>CF</source>
			<page>77</page>
		</cyberware>
		<cyberware>
			<id>7f2231a0-1aad-47b9-b3d7-d9a1f2a12b0f</id>
			<name>Targeting Laser (Infrared)</name>
			<category>Eyeware</category>
			<ess>0.2</ess>
			<capacity>[4]</capacity>
			<avail>6</avail>
			<cost>1000</cost>
			<source>CF</source>
			<page>77</page>
		</cyberware>
		<!-- End Region -->
		<!-- Region Earware -->
		<cyberware>
			<id>40830ce9-b279-4951-adf2-05a69dd41d77</id>
			<name>Antennae</name>
			<category>Earware</category>
			<ess>0.1</ess>
			<capacity>[1]</capacity>
			<avail>2</avail>
			<cost>500</cost>
			<source>CF</source>
			<page>74</page>
		</cyberware>
		<cyberware>
			<id>843c9594-ea28-45dd-8b22-fa27479fb141</id>
			<name>Ear protector</name>
			<category>Earware</category>
			<ess>0.05</ess>
			<capacity>[1]</capacity>
			<avail>0</avail>
			<cost>250</cost>
			<source>CF</source>
			<page>75</page>
		</cyberware>
		<cyberware>
			<id>ecd0ab64-ffc8-426f-96cb-bda47e7afc11</id>
			<name>Increased Hearing Spectrum</name>
			<category>Earware</category>
			<ess>0.1</ess>
			<capacity>[1]</capacity>
			<avail>6</avail>
			<cost>500</cost>
			<source>CF</source>
			<page>75</page>
		</cyberware>
		<cyberware>
			<id>cf0adced-d9e8-49bb-952f-3b7b339761fa</id>
			<name>Modular Mount</name>
			<category>Earware</category>
			<ess>0.1</ess>
			<capacity>[1]</capacity>
			<avail>4</avail>
			<cost>250</cost>
			<source>CF</source>
			<page>75</page>
		</cyberware>
		<cyberware>
			<id>c84aac08-a1bc-4953-aaba-3a395dd0359a</id>
			<name>Translat-ear</name>
			<category>Earware</category>
			<ess>0.1</ess>
			<rating>6</rating>
			<capacity>[1]</capacity>
			<avail>8</avail>
			<cost>Rating * 2000</cost>
			<source>CF</source>
			<page>75</page>
		</cyberware>
		<cyberware>
			<id>be8956ed-ebf6-4a66-9953-89417eb2005c</id>
			<name>Audio Analyzer</name>
			<category>Earware</category>
			<ess>0.1</ess>
			<capacity>[1]</capacity>
			<avail>4</avail>
			<cost>1000</cost>
			<bonus>
				<limitmodifier>
					<limit>Social</limit>
					<value>1</value>
					<condition>For musical performances</condition>
				</limitmodifier>
			</bonus>
			<source>CF</source>
			<page>75</page>
		</cyberware>
		<!-- End Region Earware -->
		<!-- Region Bodyware -->
		<cyberware>
			<id>894766dd-d7c5-4fd9-be8e-0578ab09c8d8</id>
			<name>Auto Injector</name>
			<category>Bodyware</category>
			<ess>0.05</ess>
			<capacity>0</capacity>
			<avail>2</avail>
			<cost>500</cost>
			<source>CF</source>
			<page>82</page>
		</cyberware>
		<cyberware>
			<id>AA9BD255-2FA0-4FFF-826E-1DAE3377AE6E</id>
			<name>Auto Injector Expansion</name>
			<category>Bodyware</category>
			<ess>0.05</ess>
			<capacity>0</capacity>
			<avail>4</avail>
			<cost>250</cost>
			<source>CF</source>
			<page>82</page>
		</cyberware>
		<cyberware>
			<id>b2f64852-6fa5-4d7a-bb21-dddee2fb885f</id>
			<name>Auto Injector Killswitch</name>
			<category>Bodyware</category>
			<ess>0.01</ess>
			<capacity>0</capacity>
			<avail>8F</avail>
			<cost>750</cost>
			<source>CF</source>
			<page>82</page>
		</cyberware>
		<cyberware>
			<id>c14b3ca9-d1a0-4f4b-b368-4b8cf8d88bdb</id>
			<name>Balance Tail</name>
			<category>Bodyware</category>
			<ess>0.25</ess>
			<capacity>0</capacity>
			<avail>8</avail>
			<cost>2000</cost>
			<bonus>
				<limitmodifier>
					<limit>Physical</limit>
					<value>1</value>
					<condition>For climbing, jumping, running, or knockdown resist.</condition>
				</limitmodifier>
			</bonus>
			<source>CF</source>
			<page>82</page>
		</cyberware>
		<cyberware>
			<id>8ead959d-8382-414e-a2db-d2c0605e20e6</id>
			<name>Biomonitor</name>
			<category>Bodyware</category>
			<ess>0.1</ess>
			<capacity>[1]</capacity>
			<avail>2</avail>
			<cost>500</cost>
			<source>CF</source>
			<page>82</page>
		</cyberware>
		<cyberware>
			<id>cf6b44bf-c62f-4456-b429-22f45ecd6e08</id>
			<name>Biowaste Storage</name>
			<category>Bodyware</category>
			<rating>6</rating>
			<ess>Rating * 0.1</ess>
			<capacity>[Rating]</capacity>
			<avail>8</avail>
			<cost>Rating * 500</cost>
			<source>CF</source>
			<page>82</page>
		</cyberware>
		<cyberware>
			<id>4A82E5B3-D7AA-4894-AF18-D90B8245A9C9</id>
			<name>Cyberfins</name>
			<category>Bodyware</category>
			<ess>0.1</ess>
			<capacity>[1]</capacity>
			<avail>8</avail>
			<cost>500</cost>
			<source>CF</source>
			<page>83</page>
		</cyberware>
		<cyberware>
			<id>80c4f377-0dfd-4abc-8481-79667a8255ac</id>
			<name>Cybersafety</name>
			<category>Bodyware</category>
			<ess>0</ess>
			<capacity>[1]</capacity>
			<avail>4</avail>
			<cost>100</cost>
			<source>CF</source>
			<page>83</page>
		</cyberware>
		<cyberware>
			<id>3ff89fbd-1a75-4415-928f-43fb57910ba7</id>
			<name>Flex Hand</name>
			<category>Bodyware</category>
			<ess>0.15</ess>
			<capacity>0</capacity>
			<avail>4</avail>
			<cost>2000</cost>
			<source>CF</source>
			<page>83</page>
		</cyberware>
		<cyberware>
			<id>7cc7acff-1418-47a7-95b7-5b18a52d0c36</id>
			<name>Foot Anchor</name>
			<category>Bodyware</category>
			<ess>0.25</ess>
			<capacity>[3]</capacity>
			<avail>10</avail>
			<cost>2000</cost>
			<source>CF</source>
			<page>84</page>
		</cyberware>
		<cyberware>
			<id>3170d4e0-0369-49f3-9b73-95e07ec3d8d1</id>
			<name>Gastric Neurostimulator</name>
			<category>Bodyware</category>
			<ess>0.2</ess>
			<capacity>0</capacity>
			<avail>4</avail>
			<cost>2000</cost>
			<source>CF</source>
			<page>84</page>
		</cyberware>
		<cyberware>
			<id>675a4dfe-e0c2-45dc-8c22-6629dd23f95a</id>
			<name>Internal Router</name>
			<category>Bodyware</category>
			<ess>0.7</ess>
			<capacity>0</capacity>
			<avail>4</avail>
			<cost>15000</cost>
			<source>CF</source>
			<page>84</page>
		</cyberware>
		<cyberware>
			<id>824e0f41-dba2-40f2-bf98-41128f7bf657</id>
			<name>Magnetic System</name>
			<category>Bodyware</category>
			<ess>0.25</ess>
			<capacity>[2]</capacity>
			<avail>8</avail>
			<cost>1000</cost>
			<source>CF</source>
			<page>84</page>
		</cyberware>
		<cyberware>
			<id>ce171c84-9ea0-473f-90ce-2651cfd9c97d</id>
			<name>OXSYS Cybergill</name>
			<category>Bodyware</category>
			<ess>0.25</ess>
			<capacity>0</capacity>
			<avail>4</avail>
			<cost>2000</cost>
			<source>CF</source>
			<page>85</page>
		</cyberware>
		<cyberware>
			<id>91e3abfd-8c74-4026-82d6-2d1884424dae</id>
			<name>Retractable Climbing Claws</name>
			<category>Bodyware</category>
			<ess>0.2</ess>
			<capacity>[2]</capacity>
			<avail>8</avail>
			<cost>2000</cost>
			<source>CF</source>
			<page>86</page>
		</cyberware>
		<cyberware>
			<id>a35e5b3f-c6a9-4c2e-a8e6-b7ed58d656c9</id>
			<name>Smart Articulation</name>
			<category>Bodyware</category>
			<ess>0.5</ess>
			<capacity>0</capacity>
			<avail>8</avail>
			<cost>6000</cost>
			<source>CF</source>
			<page>86</page>
		</cyberware>
		<cyberware>
			<id>d1ad534a-9b28-4925-bfa2-1baa6ef708ed</id>
			<name>Touch Link</name>
			<category>Bodyware</category>
			<ess>0.1</ess>
			<capacity>0</capacity>
			<avail>8</avail>
			<cost>1000</cost>
			<source>CF</source>
			<page>86</page>
		</cyberware>
		<cyberware>
			<id>31d32ab0-107c-4410-9148-7b2501db12be</id>
			<name>Move-by-Wire System</name>
			<rating>3</rating>
			<category>Bodyware</category>
			<ess>FixedValues(3,4,5)</ess>
			<capacity>0</capacity>
			<avail>FixedValues(12F,18F,24F)</avail>
			<cost>FixedValues(43000,97000,208000)</cost>
			<bonus>
				<initiativepass precedence="1">FixedValues(0,1,1)</initiativepass>
				<initiative precedence="1">FixedValues(3,6,9)</initiative> 
				<specificattribute>
					<name precedence="1">REA</name>
					<val>Rating</val>
				</specificattribute>
			</bonus>
			<source>CF</source>
			<page>84</page>
		</cyberware>
		<cyberware>
			<id>b330ed31-20d4-4e5a-823b-4ef6d6270685</id>
			<name>Active Hardwires</name>
			<category>Bodyware</category>
			<rating>6</rating>
			<bonus>
				<hardwires excludecategory="Magical Active,Resonance Active">Rating</hardwires>
			</bonus>
			<ess>Rating * 0.05</ess>
			<capacity>0</capacity>
			<avail>(Rating * 2)</avail>
			<cost>Rating * 4000</cost>
			<source>CF</source>
			<page>81</page>
		</cyberware>
		<cyberware>
			<id>4a24de70-b3fc-48e7-b3b6-ec033a6ece22</id>
			<name>Nutrition Storage System</name>
			<category>Bodyware</category>
			<rating>6</rating>
			<ess>Rating * 0.1</ess>
			<capacity>[Rating]</capacity>
			<avail>4</avail>
			<cost>Rating * 500</cost>
			<source>CF</source>
			<page>84</page>
		</cyberware>
		<!-- End Region -->
		<!-- Region Cosmetic Enhancement -->
		<cyberware>
			<id>8f5a6813-b87a-4915-ab91-1c416ef25b23</id>
			<name>Casemod</name>
			<capacity>0</capacity>
			<category>Cosmetic Enhancement</category>
			<ess>0</ess>
			<avail>Rating</avail>
			<rating>4</rating>
			<cost>Variable(0-10000)</cost>
			<source>CF</source>
			<page>72</page>
		</cyberware>
		<cyberware>
			<id>b7ec08aa-a328-46a0-9b41-4c9a4bfc13b2</id>
			<name>Fiberoptic Hair</name>
			<category>Cosmetic Enhancement</category>
			<rating>10</rating>
			<ess>0.1</ess>
			<capacity>[1]</capacity>
			<avail>0</avail>
			<cost>Rating * 100</cost>
			<source>CF</source>
			<page>73</page>
		</cyberware>
		<cyberware>
			<id>cb86075d-7d60-4618-9698-9e9268a28989</id>
			<name>Breast implant</name>
			<category>Cosmetic Enhancement</category>
			<ess>0.05</ess>
			<capacity>0</capacity>
			<avail>2</avail>
			<cost>250</cost>
			<source>CF</source>
			<page>73</page>
		</cyberware>
		<cyberware>
			<id>21953b9b-43e8-41a9-af03-5af71797585b</id>
			<name>Breast implant 2.0</name>
			<category>Cosmetic Enhancement</category>
			<ess>0.1</ess>
			<capacity>[1]</capacity>
			<avail>4</avail>
			<cost>1000</cost>
			<source>CF</source>
			<page>73</page>
		</cyberware>
		<cyberware>
			<id>b969bb55-23ab-48a0-b92f-645185853d53</id>
			<name>Cyber Genitalia</name>
			<category>Cosmetic Enhancement</category>
			<ess>0.25</ess>
			<capacity>[1]</capacity>
			<avail>6</avail>
			<cost>2000</cost>
			<source>CF</source>
			<page>73</page>
		</cyberware>
		<cyberware>
			<id>1c89a29c-ce58-483f-8777-b5b1f6a733c1</id>
			<name>Small LED Tatoo</name>
			<category>Cosmetic Enhancement</category>
			<ess>0.05</ess>
			<capacity>1</capacity>
			<avail>0</avail>
			<cost>100</cost>
			<source>CF</source>
			<page>73</page>
		</cyberware>
		<cyberware>
			<id>a5eac202-c61b-4757-826b-f4ae00c8b87f</id>
			<name>Medium LED Tatoo</name>
			<category>Cosmetic Enhancement</category>
			<ess>0.1</ess>
			<capacity>2</capacity>
			<avail>4</avail>
			<cost>500</cost>
			<source>CF</source>
			<page>73</page>
		</cyberware>
		<cyberware>
			<id>5578f51e-fb72-4247-9126-a4b626a12308</id>
			<name>Large LED Tatoo</name>
			<category>Cosmetic Enhancement</category>
			<ess>0.2</ess>
			<capacity>[4]</capacity>
			<avail>8</avail>
			<cost>1000</cost>
			<source>CF</source>
			<page>73</page>
		</cyberware>
		<cyberware>
			<id>0F1F1D88-523B-4A0B-AF89-C6A1F8ABCF8E</id>
			<name>Metatype Reduction (Ork)</name>
			<category>Cosmetic Enhancement</category>
			<ess>0.3</ess>
			<bonus>
				<freepositivequalities>-6</freepositivequalities>
			</bonus>
			<required>
				<oneof>
					<metatype>Ork</metatype>
				</oneof>
			</required>
			<addqualities>
				<addquality>Human-Looking</addquality>
			</addqualities>
			<capacity>0</capacity>
			<avail>4</avail>
			<cost>6000</cost>
			<source>CF</source>
			<page>73</page>
		</cyberware>
		<cyberware>
			<id>11973d09-1457-4b3d-8460-42822df721b9</id>
			<name>Metatype Reduction (Troll)</name>
			<category>Cosmetic Enhancement</category>
			<ess>0.3</ess>
			<required>
				<oneof>
					<metatype>Troll</metatype>
				</oneof>
			</required>
			<bonus>
				<specificattribute>
					<name>CHA</name>
					<max>1</max>
				</specificattribute>
			</bonus>
			<capacity>0</capacity>
			<avail>4</avail>
			<cost>6000</cost>
			<source>CF</source>
			<page>73</page>
		</cyberware>
		<cyberware>
			<id>3779c8ac-6a6a-4d1f-8b9b-92202a451dd7</id>
			<name>Skin Toner</name>
			<category>Cosmetic Enhancement</category>
			<ess>0.5</ess>
			<capacity>0</capacity>
			<avail>4</avail>
			<cost>2000</cost>
			<source>CF</source>
			<page>74</page>
		</cyberware>
		<cyberware>
			<id>cb0b533f-6157-4d64-86be-ad9a389a336b</id>
			<name>Chameleon Processor</name>
			<category>Cosmetic Enhancement</category>
			<ess>0.3</ess>
			<capacity>[2]</capacity>
			<avail>12R</avail>
			<cost>8000</cost>
			<source>CF</source>
			<page>74</page>
		</cyberware>
		<cyberware>
			<id>e01ae784-7f20-499c-919b-181a483d4dc4</id>
			<name>Steamers</name>
			<category>Cosmetic Enhancement</category>
			<ess>0.1</ess>
			<capacity>[1]</capacity>
			<avail>4</avail>
			<cost>500</cost>
			<source>CF</source>
			<page>74</page>
		</cyberware>
		<cyberware>
			<id>17cc08c7-be7e-445a-9619-7492aea3433a</id>
			<name>Cosmetic Surgery</name>
			<category>Cosmetic Enhancement</category>
			<rating>200</rating>
			<ess>0.1</ess>
			<capacity>0</capacity>
			<avail>2</avail>
			<cost>Rating * 100</cost>
			<source>CF</source>
			<page>72</page>
		</cyberware>
		<!-- End Region -->
		<!-- Region Cyberlimb -->
		<cyberware>
			<name>Primitive Prosthetic Full Arm</name>
			<category>Cyberlimb</category>
			<limbslot>arm</limbslot>
			<bonus>
				<selectside />
			</bonus>
			<ess>0</ess>
			<capacity>0</capacity>
			<avail>0</avail>
			<cost>250</cost>
			<source>CF</source>
			<page>86</page>
		</cyberware>
		<cyberware>
			<id>a504a785-4ae8-4a47-9845-e55c9a6e52c9</id>
			<name>Primitive Prosthetic Lower Arm</name>
			<category>Cyberlimb</category>
			<limbslot>arm</limbslot>
			<bonus>
				<selectside />
			</bonus>
			<ess>0</ess>
			<capacity>0</capacity>
			<avail>0</avail>
			<cost>100</cost>
			<source>CF</source>
			<page>86</page>
		</cyberware>
		<cyberware>
			<id>a169d4c6-71c2-4fa9-8857-e69158216e32</id>
			<name>Primitive Prosthetic Hand</name>
			<category>Cyberlimb</category>
			<limbslot>arm</limbslot>
			<bonus>
				<selectside />
			</bonus>
			<ess>0</ess>
			<capacity>0</capacity>
			<avail>0</avail>
			<cost>20</cost>
			<source>CF</source>
			<page>86</page>
		</cyberware>
		<cyberware>
			<id>d99e66fe-85b9-47ac-8ef6-8a27211175b5</id>
			<name>Primitive Prosthetic Full Leg</name>
			<category>Cyberlimb</category>
			<limbslot>arm</limbslot>
			<bonus>
				<selectside />
			</bonus>
			<ess>0</ess>
			<capacity>0</capacity>
			<avail>0</avail>
			<cost>250</cost>
			<source>CF</source>
			<page>86</page>
		</cyberware>
		<cyberware>
			<id>bd5d3479-7482-422d-a0dc-16357cf43275</id>
			<name>Primitive Prosthetic Lower Leg</name>
			<category>Cyberlimb</category>
			<limbslot>arm</limbslot>
			<bonus>
				<selectside />
			</bonus>
			<ess>0</ess>
			<capacity>0</capacity>
			<avail>0</avail>
			<cost>100</cost>
			<source>CF</source>
			<page>86</page>
		</cyberware>
		<cyberware>
			<id>d7c9f80e-247a-44f3-ad1d-96851a4d6c25</id>
			<name>Primitive Prosthetic Foot</name>
			<category>Cyberlimb</category>
			<limbslot>arm</limbslot>
			<bonus>
				<selectside />
			</bonus>
			<ess>0</ess>
			<capacity>0</capacity>
			<avail>0</avail>
			<cost>20</cost>
			<source>CF</source>
			<page>86</page>
		</cyberware>
		<!-- End Region-->
		<!-- Region Cyberlimb Enhancement -->
		<cyberware>
			<id>196c7cc2-a39a-4750-a3bc-3c1be77900a1</id>
			<name>Built-in Medkit</name>
			<category>Cyberlimb Enhancement</category>
			<ess>0.45</ess>
			<capacity>[10]</capacity>
			<avail>8</avail>
			<cost>1000</cost>
			<source>CF</source>
			<page>86</page>
		</cyberware>
		<cyberware>
			<id>3e90ac38-367e-48fe-a3d1-633570d061ab</id>
			<name>Built-in Toolkit</name>
			<category>Cyberlimb Enhancement</category>
			<ess>0.45</ess>
			<capacity>[10]</capacity>
			<avail>4</avail>
			<cost>2000</cost>
			<source>CF</source>
			<page>86</page>
		</cyberware>
		<cyberware>
			<id>e9a0b651-fb8a-4fc3-81a5-b3eab900c1f8</id>
			<name>Cyberfinger</name>
			<category>Cyberlimb Enhancement</category>
			<ess>0.05</ess>
			<bonus>
				<selectside />
			</bonus>
			<capacity>[1]</capacity>
			<avail>2</avail>
			<cost>500</cost>
			<source>CF</source>
			<page>86</page>
		</cyberware>
		<cyberware>
			<id>87475df7-b371-4a89-8623-2582137b5906</id>
			<name>Digigrade Legs</name>
			<category>Cyberlimb Enhancement</category>
			<ess>0.25</ess>
			<bonus>
				<selectside />
			</bonus>
			<capacity>[4]</capacity>
			<avail>+4</avail>
			<cost>5000</cost>
			<source>CF</source>
			<page>87</page>
		</cyberware>
		<cyberware>
			<id>17c37ef7-1557-4ea4-90bf-6bbe5bc52a1a</id>
			<name>Grapple Hand</name>
			<category>Cyberlimb Enhancement</category>
			<ess>0.45</ess>
			<bonus>
				<selectside />
			</bonus>
			<capacity>[10]</capacity>
			<addweapon>Grapple Fist</addweapon>
			<avail>12R</avail>
			<cost>2000</cost>
			<source>CF</source>
			<page>87</page>
		</cyberware>
		<cyberware>
			<id>17c37ef7-1557-4ea4-90bf-6bbe5bc52a1a</id>
			<name>Remote Cyberhand</name>
			<category>Cyberlimb Enhancement</category>
			<ess>0.25</ess>
			<bonus>
				<selectside />
			</bonus>
			<capacity>[5]</capacity>
			<avail>8</avail>
			<cost>8000</cost>
			<source>R5</source>
			<page>130</page>
		</cyberware>
		<cyberware>
			<id>f8baf2a8-2941-4eec-9bac-430e30b8f40c</id>
			<name>Monkey Foot</name>
			<category>Cyberlimb Enhancement</category>
			<ess>0.3</ess>
			<bonus>
				<selectside />
			</bonus>
			<capacity>[2]</capacity>
			<avail>8</avail>
			<cost>6000</cost>
			<source>CF</source>
			<page>88</page>
		</cyberware>
		<cyberware>
			<id>71323559-408e-441f-b53b-d9ffaa49e4c6</id>
			<name>Raptor Foot</name>
			<category>Cyberlimb Enhancement</category>
			<ess>0.5</ess>
			<bonus>
				<selectside />
			</bonus>
			<addweapon>Raptor Foot</addweapon>
			<capacity>[4]</capacity>
			<avail>8R</avail>
			<cost>8000</cost>
			<source>CF</source>
			<page>88</page>
		</cyberware>
		<cyberware>
			<id>f7ff7a58-ac0e-49a9-8cbe-741df59a33e5</id>
			<name>Skates</name>
			<category>Cyberlimb Enhancement</category>
			<ess>0</ess>
			<bonus>
				<selectside />
			</bonus>
			<capacity>[2]</capacity>
			<avail>4</avail>
			<cost>250</cost>
			<source>CF</source>
			<page>88</page>
		</cyberware>
		<cyberware>
			<id>fe394e6c-c9b4-492e-91a3-65b5e63692ed</id>
			<name>Skimmers</name>
			<category>Cyberlimb Enhancement</category>
			<ess>0</ess>
			<bonus>
				<limitmodifier>
					<limit>Physical</limit>
					<value>-2</value>
				</limitmodifier>
				<selectside />
			</bonus>
			<capacity>[4]</capacity>
			<avail>8</avail>
			<cost>2000</cost>
			<source>CF</source>
			<page>88</page>
		</cyberware>
		<cyberware>
			<id>edb2fd85-6bd8-4c34-be9a-eb9f21a0b8df</id>
			<name>Snake Fingers</name>
			<category>Cyberlimb Enhancement</category>
			<ess>0</ess>
			<bonus>
				<selectside />
			</bonus>
			<capacity>[2]</capacity>
			<avail>6</avail>
			<cost>1000</cost>
			<source>CF</source>
			<page>88</page>
		</cyberware>
		<cyberware>
			<id>ff29d933-7ef5-4b15-96d2-8e56aa70796d</id>
			<name>Modular Component (Hand/Foot)</name>
			<category>Cyberlimb Enhancement</category>
			<ess>0</ess>
			<bonus>
				<selectside />
			</bonus>
			<capacity>[1]</capacity>
			<avail>+2</avail>
			<cost>1000</cost>
			<source>CF</source>
			<page>88</page>
		</cyberware>
		<cyberware>
			<id>02604fc4-e03a-4c4c-8998-f283f2528a64</id>
			<name>Modular Component (Partial Arm/Leg)</name>
			<category>Cyberlimb Enhancement</category>
			<ess>0</ess>
			<capacity>[2]</capacity>
			<avail>+2</avail>
			<cost>2000</cost>
			<source>CF</source>
			<page>88</page>
		</cyberware>
		<cyberware>
			<id>fcae214b-4fbe-40f7-b5e0-61473d6b9a2e</id>
			<name>Modular Component (Full Arm/Leg)</name>
			<category>Cyberlimb Enhancement</category>
			<ess>0</ess>
			<capacity>[3]</capacity>
			<avail>+2</avail>
			<cost>3000</cost>
			<source>CF</source>
			<page>88</page>
		</cyberware>
		<cyberware>
			<id>a40cbc72-7dc6-4f8f-a9ff-e5e3f471b895</id>
			<name>Telescoping Limb</name>
			<category>Cyberlimb Enhancement</category>
			<rating>2</rating>
			<ess>0</ess>
			<bonus>
				<selectside />
			</bonus>
			<capacity>[Rating * 3]</capacity>
			<avail>Rating * 4</avail>
			<cost>Rating * 1000</cost>
			<source>CF</source>
			<page>90</page>
		</cyberware>
		<cyberware>
			<id>f6b19dab-872b-423a-8cd3-f5811ff3ba00</id>
			<name>Water Jet</name>
			<bonus>
				<selectside />
			</bonus>
			<category>Cyberlimb Enhancement</category>
			<ess>0</ess>
			<capacity>[4]</capacity>
			<avail>8</avail>
			<cost>1000</cost>
			<source>CF</source>
			<page>90</page>
		</cyberware>
		<cyberware>
			<id>4f7794ce-fd49-48f2-bde7-3501b1799814</id>
			<name>Modular Connector, Wrist/Ankle</name>
			<category>Cyberlimb Enhancement</category>
			<ess>0.1</ess>
			<capacity>[5]</capacity>
			<avail>4</avail>
			<cost>2000</cost>
			<source>CF</source>
			<page>88</page>
		</cyberware>
		<cyberware>
			<id>251f792a-8887-4276-a5a9-0e01fec594ac</id>
			<name>Modular Connector, Elbow/Knee</name>
			<category>Cyberlimb Enhancement</category>
			<ess>0.2</ess>
			<capacity>[10]</capacity>
			<avail>8</avail>
			<cost>4000</cost>
			<source>CF</source>
			<page>88</page>
		</cyberware>
		<cyberware>
			<id>d4d12624-1754-4a67-8e5e-f41817cfc875</id>
			<name>Modular Connector, Shoulder/Hip</name>
			<category>Cyberlimb Enhancement</category>
			<ess>0.3</ess>
			<capacity>0</capacity>
			<avail>12</avail>
			<cost>6000</cost>
			<source>CF</source>
			<page>88</page>
		</cyberware>
		<cyberware>
			<id>4630313c-aca9-4aa3-8fce-ba064423b1c7</id>
			<name>Partial Cyberskull</name>
			<category>Cyberlimb</category>
			<ess>0.4</ess>
			<capacity>4</capacity>
			<avail>12</avail>
			<cost>8000</cost>
			<source>CF</source>
			<page>88</page>
		</cyberware>
		<cyberware>
			<id>7232f861-ccba-4ebf-95ef-c5baa76afb1b</id>
			<name>Improved Synthskin</name>
			<category>Cyberlimb Enhancement</category>
			<rating>6</rating>
			<ess>0</ess>
			<capacity>[Rating * 2]</capacity>
			<avail>Rating * 4</avail>
			<cost>Rating * 5000</cost>
			<source>CF</source>
			<page>87</page>
		</cyberware>
		<cyberware>
			<id>b4394ee8-0490-4a56-8b30-8503351a3c58</id>
			<name>Liminal Body, Centaur</name>
			<category>Cyberlimb</category>
			<ess>3</ess>
			<subsystems>
				<subsystem>Cyberlimb</subsystem>
			</subsystems>
			<capacity>80</capacity>
			<avail>12</avail>
			<cost>80000</cost>
			<source>CF</source>
			<page>87</page>
		</cyberware>
		<cyberware>
			<id>6ea02e91-9787-4a9d-ad6f-5e1af6b54bdb</id>
			<name>Liminal Body, Wheeled</name>
			<category>Cyberlimb</category>
			<ess>2.5</ess>
			<capacity>40</capacity>
			<avail>8</avail>
			<cost>40000</cost>
			<source>CF</source>
			<page>87</page>
		</cyberware>
		<cyberware>
			<id>e2aedbc2-188e-4efb-9616-bd271d9a9122</id>
			<name>Liminal Body, Tank</name>
			<category>Cyberlimb</category>
			<ess>3</ess>
			<capacity>60</capacity>
			<avail>12R</avail>
			<cost>50000</cost>
			<source>CF</source>
			<page>87</page>
		</cyberware>
		<cyberware>
			<id>2a6ab1b1-f008-4c92-83d9-a298a5dad855</id>
			<name>Cyberlimb Optimization</name>
			<category>Cyberlimb Enhancement</category>
			<ess>0</ess>
			<capacity>[2]</capacity>
			<avail>+2</avail>
			<bonus>
				<selecttext />
			</bonus>
			<cost>2000</cost>
			<source>CF</source>
			<page>87</page>
		</cyberware>
		<cyberware>
			<id>85bd6c32-d0c3-4d1b-99ad-833aad376a54</id>
			<name>Bulk Modification</name>
			<category>Cyberlimb Enhancement</category>
			<rating>6</rating>
			<ess>0</ess>
			<capacity>[-Rating]</capacity>
			<avail>+Rating</avail>
			<cost>Rating * 500</cost>
			<source>CF</source>
			<page>86</page>
		</cyberware>
		<!-- End Region -->
		<!-- Region Cyber Implant Weaponry -->
		<cyberware>
			<id>5329c8e6-0b37-4c71-85dc-94911e8f8f92</id>
			<name>Custom Grenade Launcher</name>
			<category>Cyber Implant Weapon</category>
			<ess>1.5</ess>
			<capacity>[15]</capacity>
			<avail>0</avail>
			<cost>20000</cost>
			<source>CF</source>
			<page>90</page>
		</cyberware>
		<cyberware>
			<id>0260f9dd-7f5b-4ed7-b2d5-bd89f3ada24f</id>
			<name>Custom Heavy Pistol</name>
			<category>Cyber Implant Weapon</category>
			<ess>0.5</ess>
			<capacity>[6]</capacity>
			<avail>0</avail>
			<cost>3800</cost>
			<source>CF</source>
			<page>90</page>
		</cyberware>
		<cyberware>
			<id>f965a86c-9022-48e1-a349-14ee74473507</id>
			<name>Custom Holdout Pistol</name>
			<category>Cyber Implant Weapon</category>
			<ess>0.1</ess>
			<capacity>[2]</capacity>
			<avail>0</avail>
			<cost>1800</cost>
			<source>CF</source>
			<page>90</page>
		</cyberware>
		<cyberware>
			<id>40926566-7004-4996-922c-408ea2317511</id>
			<name>Custom Light Pistol</name>
			<category>Cyber Implant Weapon</category>
			<ess>0.25</ess>
			<capacity>[4]</capacity>
			<avail>0</avail>
			<cost>3500</cost>
			<source>CF</source>
			<page>90</page>
		</cyberware>
		<cyberware>
			<id>25900e3b-d523-4bae-932c-d199a7c00d0f</id>
			<name>Custom Machine Pistol</name>
			<category>Cyber Implant Weapon</category>
			<ess>0.5</ess>
			<capacity>[6]</capacity>
			<avail>0</avail>
			<cost>3000</cost>
			<source>CF</source>
			<page>90</page>
		</cyberware>
		<cyberware>
			<id>2aede5f8-9c4f-4afb-9e33-ecb34cffdef2</id>
			<name>Extreme Cyberimplant Weapon</name>
			<category>Cyber Implant Weapon</category>
			<ess>0.5</ess>
			<capacity>[5]</capacity>
			<avail>8F</avail>
			<bonus>
				<selecttext />
			</bonus>
			<addweapon>Extreme Cyberimplant</addweapon>
			<cost>2000</cost>
			<source>CF</source>
			<page>90</page>
		</cyberware>
		<cyberware>
			<id>56f1ca37-a6fb-416c-aa38-9dcc02c9c868</id>
			<name>Custom Shotgun</name>
			<category>Cyber Implant Weapon</category>
			<ess>1.25</ess>
			<capacity>[10]</capacity>
			<avail>12R</avail>
			<cost>7000</cost>
			<source>CF</source>
			<page>90</page>
		</cyberware>
		<cyberware>
			<id>7784dca8-7196-4c73-a5b2-86b0c1c7153d</id>
			<name>Cyberfangs</name>
			<category>Cyber Implant Weapon</category>
			<ess>0.1</ess>
			<capacity>[1]</capacity>
			<avail>6</avail>
			<addweapon>Cyberfangs</addweapon>
			<cost>200</cost>
			<source>CF</source>
			<page>90</page>
		</cyberware>
		<cyberware>
			<id>4887ede8-dbfa-4e09-9ce5-ecaeee31ada3</id>
			<name>Oral Slasher</name>
			<category>Cyber Implant Weapon</category>
			<ess>0.25</ess>
			<capacity>[3]</capacity>
			<avail>12R</avail>
			<addweapon>Oral Slasher</addweapon>
			<cost>750</cost>
			<source>CF</source>
			<page>92</page>
		</cyberware>
		<cyberware>
			<id>a086de85-fd2c-4d87-8658-92ce2967cb96</id>
			<name>Weapon Launcher</name>
			<category>Cyber Implant Weapon</category>
			<ess>0.2</ess>
			<capacity>[2]</capacity>
			<avail>12F</avail>
			<cost>500</cost>
			<source>CF</source>
			<page>92</page>
		</cyberware>
		<cyberware>
			<id>8e5c5340-e5f0-490e-9655-b664badc94d9</id>
			<name>Junkyard Jaw</name>
			<category>Cyber Implant Weapon</category>
			<ess>0.75</ess>
			<capacity>[6]</capacity>
			<avail>8F</avail>
			<addweapon>Junkyard Jaw</addweapon>
			<cost>2000</cost>
			<bonus>
				<conditionmonitor>
					<physical>1</physical>
				</conditionmonitor>
			</bonus>
			<source>CF</source>
			<page>91</page>
		</cyberware>
		<cyberware>
			<id>6683716f-d70a-484c-b6f3-842e6de12ea2</id>
			<name>Cyberfangs, Retractable</name>
			<category>Cyber Implant Weapon</category>
			<ess>0.15</ess>
			<capacity>[2]</capacity>
			<avail>8</avail>
			<addweapon>Cyberfangs</addweapon>
			<cost>500</cost>
			<source>CF</source>
			<page>90</page>
		</cyberware>
		<cyberware>
			<id>6b167278-501e-4876-8e16-28f9e86064ba</id>
			<name>Flametosser</name>
			<category>Cyber Implant Weapon</category>
			<ess>1</ess>
			<capacity>[8]</capacity>
			<avail>12F</avail>
			<addweapon>Flametosser</addweapon>
			<cost>4000</cost>
			<source>CF</source>
			<page>91</page>
		</cyberware>
		<cyberware>
			<id>1c2e5421-84f6-4963-bcac-b2fca6001f35</id>
			<name>Flametosser, Expanded Tank</name>
			<category>Cyber Implant Weapon</category>
			<ess>0.2</ess>
			<capacity>[2]</capacity>
			<avail>12F</avail>
			<cost>500</cost>
			<source>CF</source>
			<page>91</page>
		</cyberware>
		<cyberware>
			<id>1619b516-2909-46db-90f3-4ac1784acad5</id>
			<name>Custom Submachine Gun</name>
			<category>Cyber Implant Weapon</category>
			<ess>1</ess>
			<capacity>[8]</capacity>
			<avail>0</avail>
			<cost>4000</cost>
			<source>CF</source>
			<page>90</page>
		</cyberware>
		<!-- End Region -->
		<!-- Region Nanocybernetics -->
		<cyberware>
			<id>a1337cab-c70e-4e49-b722-83b26f5fbde3</id>
			<name>Voice Mimic</name>
			<category>Nanocybernetics</category>
			<ess>0.2</ess>
			<rating>6</rating>
			<capacity>0</capacity>
			<avail>16F</avail>
			<cost>Rating * 20000</cost>
			<source>CF</source>
			<page>151</page>
		</cyberware>
		<cyberware>
			<id>2b7745f6-96ca-4f15-ad32-db216e7d5aac</id>
			<name>Dynamic Handprints</name>
			<category>Nanocybernetics</category>
			<ess>0.2</ess>
			<capacity>0</capacity>
			<avail>12F</avail>
			<cost>21000</cost>
			<source>CF</source>
			<page>151</page>
		</cyberware>
		<cyberware>
			<id>7b2accbc-7f6b-4362-ba7f-52a76fccf043</id>
			<name>Flashback System</name>
			<category>Nanocybernetics</category>
			<ess>0.3</ess>
			<capacity>0</capacity>
			<avail>8R</avail>
			<cost>6000</cost>
			<source>CF</source>
			<page>151</page>
		</cyberware>
		<cyberware>
			<id>c94f0f0f-f201-49b1-9b4b-d921f4228140</id>
			<name>Nanohive, Hard</name>
			<rating>6</rating>
			<category>Nanocybernetics</category>
			<ess>Rating * 0.25</ess>
			<capacity>[2]</capacity>
			<avail>(Rating * 5)R</avail>
			<cost>Rating * 12000</cost>
			<bonus>
				<selecttext />
			</bonus>
			<source>CF</source>
			<page>151</page>
		</cyberware>
		<cyberware>
			<id>52d76c1a-2918-4531-b6ad-5ea732a1e6ea</id>
			<name>Nanohive, Soft</name>
			<rating>6</rating>
			<category>Nanocybernetics</category>
			<ess>Rating * 0.2</ess>
			<capacity>0</capacity>
			<avail>(Rating * 5)R</avail>
			<cost>Rating * 10000</cost>
			<bonus>
				<selecttext />
			</bonus>
			<source>CF</source>
			<page>151</page>
		</cyberware>
		<cyberware>
			<id>5089640b-99fd-45c5-922c-2f26aa925847</id>
			<name>Retinal Adjusters</name>
			<category>Nanocybernetics</category>
			<ess>0.2</ess>
			<capacity>0</capacity>
			<avail>16F</avail>
			<cost>19000</cost>
			<source>CF</source>
			<page>151</page>
		</cyberware>
		<cyberware>
			<id>c6067916-5df2-4663-aeec-85c8fecb5ad2</id>
			<name>Smartskin</name>
			<category>Nanocybernetics</category>
			<ess>Rating * 0.5</ess>
			<rating>6</rating>
			<capacity>0</capacity>
			<avail>(Rating * 5)F</avail>
			<cost>Rating * 5000</cost>
			<source>CF</source>
			<page>151</page>
		</cyberware>
		<!-- End Region -->
		<!-- End Region -->
		<!-- Region Hard Targets -->
		<cyberware>
			<id>2e533c08-7403-42de-a9cc-97ded71fe142</id>
			<name>Cybergland</name>
			<category>Bodyware</category>
			<rating>4</rating>
			<ess>Rating * 0.2</ess>
			<capacity>[Rating]</capacity>
			<avail>(Rating * 4)R</avail>
			<cost>Rating * 12000</cost>
			<source>HT</source>
			<page>186</page>
		</cyberware>
		<cyberware>
			<id>fc8df59c-c4HT-4035-b99c-0a5550f4534c</id>
			<name>Infrasonic Generator</name>
			<category>Bodyware</category>
			<rating>4</rating>
			<bonus>
				<specificskill>
					<name>Intimidation</name>
					<bonus>1</bonus>
					<applytorating>no</applytorating>
				</specificskill>
			</bonus>
			<ess>0.2</ess>
			<capacity>[2]</capacity>
			<avail>(Rating * 3)F</avail>
			<cost>Rating * 4000</cost>
			<source>HT</source>
			<page>186</page>
		</cyberware>
		<cyberware>
			<id>b5eef094-72b7-48f5-99fa-73d4680f71cb</id>
			<name>Cyberarm Reloading Slide</name>
			<category>Cyberlimb Accessory</category>
			<ess>0</ess>
			<capacity>[3]</capacity>
			<avail>10R</avail>
			<cost>2750</cost>
			<source>HT</source>
			<page>187</page>
		</cyberware>
		<cyberware>
			<id>4dcc6d9d-824e-4e4a-a0cb-86810838f587</id>
			<name>Cybertorso Reloading Rail</name>
			<category>Cyberlimb Accessory</category>
			<ess>0</ess>
			<capacity>[5]</capacity>
			<avail>7R</avail>
			<cost>3500</cost>
			<source>HT</source>
			<page>187</page>
		</cyberware>
		<cyberware>
			<id>370546a7-25e8-4a98-9467-d2dec2b3e968</id>
			<name>Cyberfinger (Credstick)</name>
			<category>Cyberlimb Enhancement</category>
			<ess>0.05</ess>
			<capacity>[1]</capacity>
			<avail>4</avail>
			<cost>500</cost>
			<source>HT</source>
			<page>186</page>
		</cyberware>
		<cyberware>
			<id>f8c23c23-ce74-4942-968d-85896f8f17f2</id>
			<name>Cyberfinger (Glass Cutter)</name>
			<category>Cyberlimb Enhancement</category>
			<ess>0.05</ess>
			<capacity>[1]</capacity>
			<avail>4</avail>
			<cost>550</cost>
			<source>HT</source>
			<page>186</page>
		</cyberware>
		<cyberware>
			<id>7ff8850b-d343-42fc-8bef-10acbe46daaa</id>
			<name>Cyberfinger (Injector)</name>
			<category>Cyberlimb Enhancement</category>
			<ess>0.05</ess>
			<capacity>[1]</capacity>
			<avail>8F</avail>
			<cost>650</cost>
			<source>HT</source>
			<page>186</page>
		</cyberware>
		<cyberware>
			<id>75d4bef0-b29c-4c77-a2f1-e5955b67fd31</id>
			<name>Cyberfinger (Lockpick)</name>
			<category>Cyberlimb Enhancement</category>
			<ess>0.05</ess>
			<capacity>[1]</capacity>
			<avail>6R</avail>
			<cost>750</cost>
			<source>HT</source>
			<page>186</page>
		</cyberware>
		<cyberware>
			<id>e709cb79-e351-41ce-b305-58720993d2c1</id>
			<name>Implant Medic</name>
			<category>Hard Nanoware</category>
			<rating>6</rating>
			<avail>12F</avail>
			<ess>0</ess>
			<capacity>[0]</capacity>
			<cost>Parent Cost * 0.10</cost>
			<source>CF</source>
			<page>147</page>
		</cyberware>
		<!-- End Region -->
	</cyberwares>
</chummer>