﻿<?xml version="1.0" encoding="utf-8"?>
<chummer>
	<version>-300</version>
	<gameplayoptions>
		<gameplayoption>
			<id>054559be-d80a-42b9-a0a9-d6957d2b3c55</id>
			<name>Standard</name>
			<karma>25</karma>
			<maxavailability>12</maxavailability>
			<maxnuyen>10</maxnuyen>
			<contactmultiplier>3</contactmultiplier>
			<default>yes</default>
		</gameplayoption>
		<gameplayoption>
			<id>5b1281c0-466d-441d-a844-5a2bc93d9843</id>
			<name>Prime Runner</name>
			<karma>35</karma>
			<maxavailability>15</maxavailability>
			<maxnuyen>25</maxnuyen>
			<contactmultiplier>6</contactmultiplier>
		</gameplayoption>
		<gameplayoption>
			<id>def8a6aa-4bfa-4c73-a20f-2a8e80d2b1df</id>
			<name>Street Level</name>
			<karma>13</karma>
			<maxavailability>10</maxavailability>
			<maxnuyen>5</maxnuyen>
			<contactmultiplier>3</contactmultiplier>
		</gameplayoption>
		<gameplayoption>
			<id>b9d5c0ae-0d2c-4e86-9e09-f42a23ab27a6</id>
			<name>Street Scum</name>
			<karma>13</karma>
			<maxavailability>10</maxavailability>
			<maxnuyen>5</maxnuyen>
			<contactmultiplier>3</contactmultiplier>
		</gameplayoption>
	</gameplayoptions>
</chummer>