﻿<?xml version="1.0" encoding="utf-8"?>
<chummer>
  <version>-400</version>
  <improvements>
    <improvement>
      <name>Attribute</name>
      <id>specificattribute</id>
      <internal>specificattribute</internal>
      <fields>
        <field>SelectAttribute</field>
        <field>val</field>
        <field>min</field>
        <field>max</field>
      </fields>
      <xml><![CDATA[<name>{select}</name><val>{val}</val><min>{min}</min><max>{max}</max><aug>0</aug>]]></xml>
      <page>Adjusts the values for one of the character's Attributes. Positive numbers increase an Attribute. Negative numbers decrease an Attribute. Select an Attribute to affect by clicking the Select Value button. Value adjusts the Attribute's current value. Minimum adjusts the Metatype's minimum value for the Attribute. Maximum adjusts the Metatype's maximum value for the Attribute. Metatype augmented maximum values are automatically adjusted based on the new Metatype maximum. Fields may be left at 0 if you do not want to affect that particular aspect of the Attribute.</page>
    </improvement>
    <improvement>
      <name>Condition Monitor, Physical</name>
      <id>conditionmonitorphysical</id>
      <internal>conditionmonitor</internal>
      <fields>
        <field>val</field>
      </fields>
      <xml><![CDATA[<physical>{val}</physical>]]></xml>
      <page>Adjusts the number of boxes the character has in their Physical Condition Monitor. Positive numbers increase the number of boxes in the Condition Monitor. Negative numbers reduce the number of boxes in the Condition Monitor.</page>
    </improvement>
    <improvement>
      <name>Condition Monitor, Stun</name>
      <id>conditionmonitorstun</id>
      <internal>conditionmonitor</internal>
      <fields>
        <field>val</field>
      </fields>
      <xml><![CDATA[<stun>{val}</stun>]]></xml>
      <page>Adjusts the number of boxes the character has in their Stun Condition Monitor. Positive numbers increase the number of boxes in the Condition Monitor. Negative numbers reduce the number of boxes in the Condition Monitor.</page>
    </improvement>
    <improvement>
      <name>Condition Monitor, Threshold</name>
      <id>conditionmonitorthreshold</id>
      <internal>conditionmonitor</internal>
      <fields>
        <field>val</field>
      </fields>
      <xml><![CDATA[<threshold>{val}</threshold>]]></xml>
      <page>Adjusts the number of boxes between each Condition Monitor Threshold. Positive numbers increase the number of boxes between each Threshold. Negative numbers reduce the number of boxes between each Threshold.</page>
    </improvement>
    <improvement>
      <name>Condition Monitor, Threshold Offset</name>
      <id>conditionmonitoroffset</id>
      <internal>conditionmonitor</internal>
      <fields>
        <field>val</field>
      </fields>
      <xml><![CDATA[<thresholdoffset>{val}</thresholdoffset>]]></xml>
      <page>Adjusts the number of boxes between the start of each Condition Monitor and the first Threshold. Positive numbers increase the starting position of the first Threshold. Negative numbers reduce the starting position of each Threshold.</page>
    </improvement>
    <improvement>
      <name>Living Persona, Biofeedback Filter</name>
      <id>livingpersonabiofeedback</id>
      <internal>livingpersona</internal>
      <fields>
        <field>val</field>
      </fields>
      <xml><![CDATA[<biofeedback>{val}</biofeedback>]]></xml>
      <page>Adjusts the Living Persona's Biofeedback Filter Rating by the value entered. Positive numbers improve the Biofeedback Filter Rating. Negative numbers reduce the Biofeedback Filter Rating. This has no effect on characters that do not have a Living Persona.</page>
    </improvement>
    <improvement>
      <name>Living Persona, Firewall</name>
      <id>livingpersonafirewall</id>
      <internal>livingpersona</internal>
      <fields>
        <field>val</field>
      </fields>
      <xml><![CDATA[<firewall>{val}</firewall>]]></xml>
      <page>Adjusts the Living Persona's Firewall Rating by the value entered. Positive numbers improve the Firewall Rating. Negative numbers reduce the Firewall Rating. This has no effect on characters that do not have a Living Persona.</page>
    </improvement>
    <improvement>
      <name>Living Persona, Response</name>
      <id>livingpersonaresponse</id>
      <internal>livingpersona</internal>
      <fields>
        <field>val</field>
      </fields>
      <xml><![CDATA[<response>{val}</response>]]></xml>
      <page>Adjusts the Living Persona's Response Rating by the value entered. Positive numbers improve the Response Rating. Negative numbers reduce the Response Rating. This has no effect on characters that do not have a Living Persona.</page>
    </improvement>
    <improvement>
      <name>Living Persona, Signal</name>
      <id>livingpersonasignal</id>
      <internal>livingpersona</internal>
      <fields>
        <field>val</field>
      </fields>
      <xml><![CDATA[<signal>{val}</signal>]]></xml>
      <page>Adjusts the Living Persona's Signal Rating by the value entered. Positive numbers improve the Signal Rating. Negative numbers reduce the Signal Rating. This has no effect on characters that do not have a Living Persona.</page>
    </improvement>
    <improvement>
      <name>Living Persona, System</name>
      <id>livingpersonasystem</id>
      <internal>livingpersona</internal>
      <fields>
        <field>val</field>
      </fields>
      <xml><![CDATA[<system>{val}</system>]]></xml>
      <page>Adjusts the Living Persona's System Rating by the value entered. Positive numbers improve the System Rating. Negative numbers reduce the System Rating. This has no effect on characters that do not have a Living Persona.</page>
    </improvement>
    <improvement>
      <name>Skill</name>
      <id>specificskill</id>
      <internal>specificskill</internal>
      <fields>
        <field>SelectSkill</field>
        <field>val</field>
        <field>applytorating</field>
      </fields>
      <xml><![CDATA[<name>{select}</name><bonus>{val}</bonus>{applytorating}]]></xml>
      <page>Adjusts the value for one of the character's Skills by the value entered. Positive numbers increase the Skill. Negative numbers decrease the Skill. Select a Skill to affect by clicking the Select Value button. The modifier can be applied to the Skill's Rating by selecting Apply to Rating, otherwise the modifier is applied as a dice pool modifier.</page>
    </improvement>
    <improvement>
      <name>Skills in Category</name>
      <id>skillcategory</id>
      <internal>skillcategory</internal>
      <fields>
        <field>SelectSkillCategory</field>
        <field>val</field>
        <field>applytorating</field>
      </fields>
      <xml><![CDATA[<name>{select}</name><bonus>{val}</bonus>{applytorating}]]></xml>
      <page>Adjusts the value for all of the Skills in one category by the value entered. Positive numbers increase the Skills. Negative numbers decrease the Skills. Select a Skill category to affect by clicking the Select Value button. The modifier can be applied to the Skills' Ratings by selecting Apply to Rating, otherwise the modifier is applied as a dice pool modifier.</page>
    </improvement>
    <improvement>
      <name>Skills in Group</name>
      <id>skillgroup</id>
      <internal>skillgroup</internal>
      <fields>
        <field>SelectSkillGroup</field>
        <field>val</field>
        <field>applytorating</field>
      </fields>
      <xml><![CDATA[<name>{select}</name><bonus>{val}</bonus>{applytorating}]]></xml>
      <page>Adjusts the value for all of the Skills in a Skill Group by the value entered. Positive numbers increase the Skills. Negative numbers decrease the Skills. Select a Skill Group to affect by clicking the Select Value button. The modifier can be applied to the Skills' Ratings by selecting Apply to Rating, otherwise the modifier is applied as a dice pool modifier.</page>
    </improvement>
    <improvement>
      <name>Skills linked to Attribute</name>
      <id>skillattribute</id>
      <internal>skillattribute</internal>
      <fields>
        <field>SelectAttribute</field>
        <field>val</field>
        <field>applytorating</field>
      </fields>
      <xml><![CDATA[<name>{select}</name><bonus>{val}</bonus>{applytorating}]]></xml>
      <page>Adjusts the value for all of the Skills linked to an Attribute by the value entered. Positive numbers increase the Skills. Negative numbers decrease the Skills. Select a linked Attribute to affect by clicking the Select Value button. The modifier can be applied to the Skills' Ratings by selecting Apply to Rating, otherwise the modifier is applied as a dice pool modifier.</page>
    </improvement>
    <improvement>
      <name>Armor, Ballistic</name>
      <id>armorb</id>
      <internal>armor</internal>
      <fields>
        <field>val</field>
      </fields>
      <xml><![CDATA[<b>{val}</b>]]></xml>
      <page>Adjusts the character's Ballistic Armor Rating by the value entered. Positive numbers improve Ballistic Armor. Negative numbers reduce Ballistic Armor.</page>
    </improvement>
    <improvement>
      <name>Armor, Impact</name>
      <id>armori</id>
      <internal>armor</internal>
      <fields>
        <field>val</field>
      </fields>
      <xml><![CDATA[<i>{val}</i>]]></xml>
      <page>Adjusts the character's Impact Armor Rating by the value entered. Positive numbers improve Impact Armor. Negative numbers reduce Impact Armor.</page>
    </improvement>
    <improvement>
      <name>Reach</name>
      <id>reach</id>
      <internal>reach</internal>
      <fields>
        <field>val</field>
      </fields>
      <xml><![CDATA[{val}]]></xml>
      <page>Adjusts the character's Reach by the value entered. Positive numbers increase Reach. Negative numbers reduce Reach.</page>
    </improvement>
    <improvement>
      <name>Unarmed DV</name>
      <id>unarmeddv</id>
      <internal>unarmeddv</internal>
      <fields>
        <field>val</field>
      </fields>
      <xml><![CDATA[{val}]]></xml>
      <page>Adjusts the Damage Value for a character's Unarmed Attacks by the value entered. Positive numbers increase the Damage Value. Negative numbers decrease the Damage Value.</page>
    </improvement>
    <improvement>
      <name>Unarmed DV Physical</name>
      <id>unarmeddvphysical</id>
      <internal>unarmeddvphysical</internal>
      <xml />
      <page>All of the character's Unarmed Attacks will do Physical damage instead of Stun damage.</page>
    </improvement>
    <improvement>
      <name>Unarmed AP</name>
      <id>unarmedap</id>
      <internal>unarmedap</internal>
      <fields>
        <field>val</field>
      </fields>
      <xml><![CDATA[{val}]]></xml>
      <page>Adjusts the Armor Penetration value for a character's Unarmed Attacks by the value entered. Positive numbers reduce Armor Penetration. Negative numbers increase Armor Penetration.</page>
    </improvement>
    <improvement>
      <name>Initiative</name>
      <id>initiative</id>
      <internal>initiative</internal>
      <fields>
        <field>val</field>
      </fields>
      <xml><![CDATA[{val}]]></xml>
      <page>Adjusts the character's Initiative by the value entered. Positive numbers increase Initiative. Negative numbers reduce Initiative.</page>
    </improvement>
    <improvement>
      <name>Initiative Passes</name>
      <id>initiativepassadd</id>
      <internal>initiativepassadd</internal>
      <fields>
        <field>val</field>
      </fields>
      <xml><![CDATA[{val}]]></xml>
      <page>Adjusts the number of Initiative Passes the character receives by the value entered. Positive numbers increase the number of Initiative Passes. Negative numbers reduce the number of Initiative Passes.</page>
    </improvement>
    <improvement>
      <name>Matrix Initiative</name>
      <id>matrixinitiative</id>
      <internal>matrixinitiative</internal>
      <fields>
        <field>val</field>
      </fields>
      <xml><![CDATA[{val}]]></xml>
      <page>Adjusts the character's Matrix Initiative by the value entered. Positive numbers increase Matrix Initiative. Negative numbers reduce Matrix Initiative.</page>
    </improvement>
    <improvement>
      <name>Matrix Initiative Passes</name>
      <id>matrixinitiativepassadd</id>
      <internal>matrixinitiativepassadd</internal>
      <fields>
        <field>val</field>
      </fields>
      <xml><![CDATA[{val}]]></xml>
      <page>Adjusts the number of Matrix Initiative Passes the character receives by the value entered. Positive numbers increase the number of Matrix Initiative Passes. Negative numbers reduce the number of Matrix Initiative Passes.</page>
    </improvement>
    <improvement>
      <name>Lifestyle Cost</name>
      <id>lifestylecost</id>
      <internal>lifestylecost</internal>
      <fields>
        <field>val</field>
      </fields>
      <xml><![CDATA[{val}]]></xml>
      <page>Adjusts the Nuyen cost of all Lifestyles by the percent value entered. All Lifestyles will now cost an additional X% per month. Positive number increase the Lifestyle's monthly Nuyen cost. Negative numbers reduce the Lifestyle's monthly Nuyen cost.</page>
    </improvement>
    <improvement>
      <name>Genetech Cost</name>
      <id>genetechcostmultiplier</id>
      <internal>genetechcostmultiplier</internal>
      <fields>
        <field>val</field>
      </fields>
      <xml><![CDATA[{val}]]></xml>
      <page>Adjusts the Nuyen cost of Bioware in the Genetech categories by the percent value entered. All Genetech Nuyen costs will now be X% of their original value. Numbers lower than 100 reduce the Nuyen cost. Numbers higher than 100 increase the Nuyen cost.</page>
    </improvement>
    <improvement>
      <name>Transgenics Cost</name>
      <id>transgenicsgenetechcost</id>
      <internal>transgenicsgenetechcost</internal>
      <fields>
        <field>val</field>
      </fields>
      <xml><![CDATA[{val}]]></xml>
      <page>Adjusts the Nuyen cost of Bioware in the Genetech: Transgenics category by the percent value entered. All Transgenics Nuyen costs will now be X% of their original value. Numbers lower than 100 reduce the Nuyen cost. Numbers higher than 100 increase the Nuyen cost.</page>
    </improvement>
    <improvement>
      <name>Basic Bioware Essence Cost</name>
      <id>basicbiowareessmultiplier</id>
      <internal>basicbiowareessmultiplier</internal>
      <fields>
        <field>val</field>
      </fields>
      <xml><![CDATA[{val}]]></xml>
      <page>Adjusts the Essence cost of Bioware in the Basic category by the percent value entered. All Basic Bioware Essence costs will now be X% of their original value. Numbers lower than 100 reduce the Essence cost. Numbers higher than 100 increase the Essence cost.</page>
    </improvement>
    <improvement>
      <name>Bioware Essence Cost</name>
      <id>biowareessmultiplier</id>
      <internal>biowareessmultiplier</internal>
      <fields>
        <field>val</field>
      </fields>
      <xml><![CDATA[{val}]]></xml>
      <page>Adjusts the Essence cost of Bioware by the percent value entered. All Bioware Essence costs will now be X% of their original value. Numbers lower than 100 reduce the Essence cost. Numbers higher than 100 increase the Essence cost.</page>
    </improvement>
    <improvement>
      <name>Cyberware Essence Cost</name>
      <id>cyberwareessmultiplier</id>
      <internal>cyberwareessmultiplier</internal>
      <fields>
        <field>val</field>
      </fields>
      <xml><![CDATA[{val}]]></xml>
      <page>Adjusts the Essence cost of Cyberware by the percent value entered. All Cyberware Essence costs will now be X% of their original value. Numbers lower than 100 reduce the Essence cost. Numbers higher than 100 increase the Essence cost.</page>
    </improvement>
    <improvement>
      <name>Weapon Category DV</name>
      <id>weaponcategorydv</id>
      <internal>weaponcategorydv</internal>
      <fields>
        <field>SelectWeaponCategory</field>
        <field>val</field>
      </fields>
      <xml><![CDATA[<name>{select}</name><bonus>{val}</bonus>]]></xml>
      <page>Adjusts the Damage Value of all Weapons in the selected category by the value entered. Positive numbers increase Weapon Damage Value. Negative numbers decrease Weapon Damage Value.</page>
    </improvement>
    <improvement>
      <name>Movement Percent</name>
      <id>movementpercent</id>
      <internal>movementpercent</internal>
      <fields>
        <field>val</field>
      </fields>
      <xml><![CDATA[{val}]]></xml>
      <page>Adjusts a character's Movement speed by the percent value entered. Positive numbers increase Movement speed. Negative numbers reduce Movement speed. This has no effect on characters that do not have a Movement speed.</page>
    </improvement>
    <improvement>
      <name>Swim Percent</name>
      <id>swimpercent</id>
      <internal>swimpercent</internal>
      <fields>
        <field>val</field>
      </fields>
      <xml><![CDATA[{val}]]></xml>
      <page>Adjusts a character's Swim speed by the percent value entered. Positive numbers increase Swim speed. Negative numbers reduce Swim speed. This has no effect on characters that do not have a Swim speed.</page>
    </improvement>
    <improvement>
      <name>Fly Percent</name>
      <id>flypercent</id>
      <internal>flypercent</internal>
      <fields>
        <field>val</field>
      </fields>
      <xml><![CDATA[{val}]]></xml>
      <page>Adjusts a character's Fly speed by the percent value entered. Positive numbers increase Fly speed. Negative numbers reduce Fly speed. This has no effect on characters that do not have a Fly speed.</page>
    </improvement>
    <improvement>
      <name>Fly Speed</name>
      <id>flyspeed</id>
      <internal>flyspeed</internal>
      <fields>
        <field>val</field>
      </fields>
      <xml><![CDATA[{val}]]></xml>
      <page>Grants a character a Fly speed of the value entered if they do not already have one. This has no effect on characters that already have a Fly speed.</page>
    </improvement>
    <improvement>
      <name>Power Points, Free Spirit</name>
      <id>freespiritpowerpoints</id>
      <internal>freespiritpowerpoints</internal>
      <fields>
        <field>val</field>
      </fields>
      <xml><![CDATA[{val}]]></xml>
      <page>Adjusts the number of Power Points a Free Spirit receives to spend on Critter Powers by the value entered. Positive numbers increase the number of Power Points. Negative numbers decrease the number of Power Points. This has no effect on non-Free Spirit characters.</page>
    </improvement>
    <improvement>
      <name>Power Points, Adept</name>
      <id>adeptpowerpoints</id>
      <internal>adeptpowerpoints</internal>
      <fields>
        <field>val</field>
      </fields>
      <xml><![CDATA[{val}]]></xml>
      <page>Adjusts the number of Power Points an Adept receives to spend on Adept Powers by the value entered. Positive numbers increase the number of Power Points. Negative numbers decrease the number of Power Points. This has no effect on non-Adept characters.</page>
    </improvement>
    <improvement>
      <name>Armor Encumbrance Penalty</name>
      <id>armorencumbrancepenalty</id>
      <internal>armorencumbrancepenalty</internal>
      <fields>
        <field>val</field>
      </fields>
      <xml><![CDATA[{val}]]></xml>
      <page>Adjusts the character's Armor Encumbrance penalty by the value entered. Positive numbers increase the Armor Encumbrance penalty (bad). Negative numbers decrease the Armor Encumbrance penalty (good).</page>
    </improvement>
    <improvement>
      <name>Damage Resistance</name>
      <id>damageresistance</id>
      <internal>damageresistance</internal>
      <fields>
        <field>val</field>
      </fields>
      <xml><![CDATA[{val}]]></xml>
      <page>Adjusts the size of the character's Damage Resistance Test dice pool by the value entered. Positive numbers increase the size of the pool. Negative numbers decrease the size of the pool.</page>
    </improvement>
    <improvement>
      <name>Judge Intentions</name>
      <id>judgeintentions</id>
      <internal>judgeintentions</internal>
      <fields>
        <field>val</field>
      </fields>
      <xml><![CDATA[{val}]]></xml>
      <page>Adjusts the character's Judge Intentions Special Attribute by the value entered. Positive numbers improve Judge Intentions. Negative numbers reduce Judge Intentions.</page>
    </improvement>
    <improvement>
      <name>Composure</name>
      <id>composure</id>
      <internal>composure</internal>
      <fields>
        <field>val</field>
      </fields>
      <xml><![CDATA[{val}]]></xml>
      <page>Adjusts the character's Composure Special Attribute by the value entered. Positive numbers improve Composure. Negative numbers reduce Composure.</page>
    </improvement>
    <improvement>
      <name>Lift and Carry</name>
      <id>liftandcarry</id>
      <internal>liftandcarry</internal>
      <fields>
        <field>val</field>
      </fields>
      <xml><![CDATA[{val}]]></xml>
      <page>Adjusts the character's Lift and Carry Special Attribute by the value entered. Positive numbers improve Lift and Carry. Negative numbers reduce Lift and Carry.</page>
    </improvement>
    <improvement>
      <name>Memory</name>
      <id>memory</id>
      <internal>memory</internal>
      <fields>
        <field>val</field>
      </fields>
      <xml><![CDATA[{val}]]></xml>
      <page>Adjusts the character's Memory Special Attribute by the value entered. Positive numbers improve Memory. Negative numbers reduce Memory.</page>
    </improvement>
    <improvement>
      <name>Concealability</name>
      <id>concealability</id>
      <internal>concealability</internal>
      <fields>
        <field>val</field>
      </fields>
      <xml><![CDATA[{val}]]></xml>
      <page>Adjusts the character's ability to conceal Weapons by the value entered. This bonus applies to the Concealability of all Weapons. Positive values improve Concealability. Negative values reduce Concealability.</page>
    </improvement>
    <improvement>
      <name>Drain Resistance</name>
      <id>drainresist</id>
      <internal>drainresist</internal>
      <fields>
        <field>val</field>
      </fields>
      <xml><![CDATA[{val}]]></xml>
      <page>Adjusts the size of the character's Drain Resistance pool by the value entered. Positive values increase the size of the pool. Negative values decrease the size of the pool.</page>
    </improvement>
    <improvement>
      <name>Fading Resistance</name>
      <id>fadingresist</id>
      <internal>fadingresist</internal>
      <fields>
        <field>val</field>
      </fields>
      <xml><![CDATA[{val}]]></xml>
      <page>Adjusts the size of the character's Fading Resistance pool by the value entered. Positive values increase the size of the pool. Negative values decrease the size of the pool.</page>
    </improvement>
    <improvement>
      <name>Spells in Category</name>
      <id>spellcategory</id>
      <internal>spellcategory</internal>
      <fields>
        <field>SelectSpellCategory</field>
        <field>val</field>
      </fields>
      <xml><![CDATA[<name>{select}</name><val>{val}</val>]]></xml>
      <page>Adjusts the size of the character's Spellcasting pool when casting Spell in the selected category. Positive values improve Spellcasting. Negative values reduce Spellcasting.</page>
    </improvement>
    <improvement>
      <name>Skillsoft Access</name>
      <id>skillsoftaccess</id>
      <internal>skillsoftaccess</internal>
      <xml />
      <page>The character can use Knowsoft and Linguasoft Skillsofts as though they had a direct neural link.</page>
    </improvement>
    <improvement>
      <name>Essence</name>
      <id>essence</id>
      <internal>specificattribute</internal>
      <fields>
        <field>val</field>
      </fields>
      <xml><![CDATA[<name>ESS</name><val>{val}</val><min>0</min><max>0</max><aug>0</aug>]]></xml>
      <page>Adjusts the character's Essence by the value entered. Positive values increase Essence. Negative values decrease Essence.</page>
    </improvement>
    <improvement>
      <name>Essence Maximum</name>
      <id>essencemax</id>
      <internal>essencemax</internal>
      <fields>
        <field>val</field>
      </fields>
      <xml><![CDATA[{val}]]></xml>
      <page>Adjusts the character's Maximum Essence by the value entered. Positive values increase Maximum Essence. Negative values decrease Maximum Essence.</page>
    </improvement>
    <improvement>
      <name>Throwing Weapon Range</name>
      <id>throwrange</id>
      <internal>throwrange</internal>
      <fields>
        <field>val</field>
      </fields>
      <xml><![CDATA[{val}]]></xml>
      <page>Adjusts a character's STR for the purpose of determining the range of Throwing Weapons. Positive numbers increase the character's effective STR. Negative numbers reduce the character's effective STR.</page>
    </improvement>
    <improvement>
      <name>Skillwire Rating</name>
      <id>skillwire</id>
      <internal>skillwire</internal>
      <fields>
        <field>val</field>
      </fields>
      <xml><![CDATA[{val}]]></xml>
      <page>Grants the character access to Skillwires at the specified Rating which limits the effective Rating of all Skillsofts the character takes.</page>
    </improvement>
    <improvement>
      <name>Swap Skill Attribute (Physical for Mental)</name>
      <id>swapskillattribute</id>
      <internal>swapskillattribute</internal>
      <fields>
        <field>SelectPhysicalAttribute</field>
      </fields>
      <xml><![CDATA[<attribute>{select}</attribute>]]></xml>
      <page>Swaps the Physical Attribute used by Active Skills with the corresponding Mental Attribute as described in the Astral Attributes table on SR4 192. (AGI/LOG; BOD/WIL; REA/INT; STR/CHA)</page>
    </improvement>
    <improvement>
      <name>Quickening</name>
      <id>quickeningmetamagic</id>
      <internal>quickeningmetamagic</internal>
      <xml />
      <page>Grants the character access to Quickening in the same manner as the Quickening Metamagic.</page>
    </improvement>
    <improvement>
      <name>Basic Lifestyle Cost</name>
      <id>basiclifestylecost</id>
      <internal>basiclifestylecost</internal>
      <fields>
        <field>val</field>
      </fields>
      <xml><![CDATA[{val}]]></xml>
      <page>Adjusts the Nuyen cost of all basic Lifestyles by the percent value entered. All basic Lifestyles will now cost an additional X% per month. Basic Lifestyles are only those found in the SR4 book and do not include Advanced Lifestyles, Safehouses, or Bolt Holes. Positive number increase the basic Lifestyle's monthly Nuyen cost. Negative numbers reduce the basic Lifestyle's monthly Nuyen cost.</page>
    </improvement>
    <improvement>
      <name>Throwing Weapon STR</name>
      <id>throwstr</id>
      <internal>throwstr</internal>
      <fields>
        <field>val</field>
      </fields>
      <xml><![CDATA[{val}]]></xml>
      <page>Adjusts a character's STR for the purpose of determining the DV of Throwing Weapons. Positive numbers increase the character's effective STR. Negative numbers reduce the character's effective STR.</page>
    </improvement>
    <improvement>
      <name>Knowledge Skill</name>
      <id>specificknowskill</id>
      <internal>specificskill</internal>
      <fields>
        <field>SelectKnowSkill</field>
        <field>val</field>
        <field>applytorating</field>
      </fields>
      <xml><![CDATA[<name>{select}</name><bonus>{val}</bonus>{applytorating}]]></xml>
      <page>Adjusts the value for one of the character's Knowledge Skills by the value entered. Positive numbers increase the Knowledge Skill. Negative numbers decrease the Knowledge Skill. Select a Knowledge Skill to affect by clicking the Select Value button. The modifier can be applied to the Knowledge Skill's Rating by selecting Apply to Rating, otherwise the modifier is applied as a dice pool modifier.</page>
    </improvement>
    <improvement>
      <name>Ignore Condition Monitor Penalty, Stun</name>
      <id>ignorecmpenaltystun</id>
      <internal>ignorecmpenaltystun</internal>
      <xml />
      <page>Reduces the characters Stun Condition Monitor Penalty to 0 while the Improvement is active.</page>
    </improvement>
    <improvement>
      <name>Ignore Condition Monitor Penalty, Physical</name>
      <id>ignorecmpenaltyphysical</id>
      <internal>ignorecmpenaltyphysical</internal>
      <xml />
      <page>Reduces the characters Physical Condition Monitor Penalty to 0 while the Improvement is active.</page>
    </improvement>
  </improvements>
</chummer>