﻿<?xml version="1.0" encoding="UTF-8"?>
<chummer>
  <version>-400</version>
  <licenses>
    <license>Adept License</license>
    <license>Automatic Weapons License</license>
    <license>Blunt Weapons License</license>
    <license>Bodyguard License</license>
    <license>Bounty Hunter's License</license>
    <license>Concealed Carry Permit</license>
    <license>Cyberdeck License</license>
    <license>Driver's License</license>
    <license>Drone License</license>
    <license>Exotic Weapons License</license>
    <license>Explosives License</license>
    <license>Firearms License</license>
    <license>Heavy Weapons License</license>
    <license>Hunting License</license>
    <license>Large Blades License</license>
    <license>Mage License</license>
    <license>Marine License</license>
    <license>Matrix Software License</license>
    <license>Medical License</license>
    <license>Military Ammunition License</license>
    <license>Military Armor License</license>
    <license>Military Weapons License</license>
    <license>Pet License</license>
    <license>Pilot License</license>
    <license>Pistol License</license>
    <license>Private Investigator License</license>
    <license>Projectile License</license>
    <license>Restricted Armor License</license>
    <license>Restricted Bioware License</license>
    <license>Restricted Cyberware License</license>
    <license>Rifle License</license>
    <license>Shotgun License</license>
    <license>Small Blades License</license>
    <license>Summoner License</license>
    <license>Talismonger License</license>
    <license>Weapon License</license>
  </licenses>
</chummer>