﻿<?xml version="1.0" encoding="utf-8"?>
<chummer>
  <version>-400</version>
  <martialarts>
    <martialart>
      <id>de351d4e-4384-4dda-a37f-e0e4537e1445</id>
      <name>52 Blocks</name>
      <techniques>
        <technique>
          <name>Called Shot (Disarm)</name>
        </technique>
        <technique>
          <name>Kick Attack</name>
        </technique>
        <technique>
          <name>Multiple Opponent Defense (Defender has Defended)</name>
        </technique>
        <technique>
          <name>Pouncing Dragon</name>
        </technique>
        <technique>
          <name>Randori (Dirty Trick)</name>
        </technique>
        <technique>
          <name>Rooted Tree</name>
        </technique>
        <technique>
          <name>Neijia</name>
        </technique>
        <technique>
          <name>Strike the Darkness</name>
        </technique>
      </techniques>
      <source>RG</source>
      <page>128</page>
    </martialart>
    <martialart>
      <id>f0b55f24-a184-4d91-a4c2-71b480bace0b</id>
      <name>Aikido</name>
      <techniques>
        <technique>
          <name>Called Shot (Disarm)</name>
        </technique>
        <technique>
          <name>Constrictor's Crush</name>
        </technique>
        <technique>
          <name>Counterstrike</name>
        </technique>
        <technique>
          <name>Throw Person</name>
        </technique>
        <technique>
          <name>Yielding Force (Counterstrike)</name>
        </technique>
        <technique>
          <name>Yielding Force (Throw)</name>
        </technique>
        <technique>
          <name>Neijia</name>
        </technique>
        <technique>
          <name>Strike the Darkness</name>
        </technique>
      </techniques>
      <source>RG</source>
      <page>128</page>
    </martialart>
    <martialart>
      <id>906a51fa-584d-4d5d-8608-f28e08d61902</id>
      <name>Arnis De Mano</name>
      <techniques>
        <technique>
          <name>Close Quarter Defense Against Firearms</name>
        </technique>
        <technique>
          <name>Multiple Opponent Combat</name>
        </technique>
        <technique>
          <name>Opposing Force (Parry)</name>
        </technique>
        <technique>
          <name>Randori (Vitals)</name>
        </technique>
        <technique>
          <name>Two-Weapon Style Attack</name>
        </technique>
        <technique>
          <name>Two-Weapon Style Defense</name>
        </technique>
        <technique>
          <name>Neijia</name>
        </technique>
        <technique>
          <name>Strike the Darkness</name>
        </technique>
      </techniques>
      <source>RG</source>
      <page>128</page>
    </martialart>
    <martialart>
      <id>d866e4b6-01fe-4ec6-b7b9-292d06015fc0</id>
      <name>Bartitsu</name>
      <techniques>
        <technique>
          <name>Ballestra</name>
        </technique>
        <technique>
          <name>Bending of the Reed</name>
        </technique>
        <technique>
          <name>Called Shot (Disarm)</name>
        </technique>
        <technique>
          <name>Kick Attack</name>
        </technique>
        <technique>
          <name>Riposte</name>
        </technique>
        <technique>
          <name>Sweep</name>
        </technique>
        <technique>
          <name>Neijia</name>
        </technique>
        <technique>
          <name>Strike the Darkness</name>
        </technique>
      </techniques>
      <source>RG</source>
      <page>128</page>
    </martialart>
    <martialart>
      <id>03c1ba09-e8b5-492d-8752-bb9fb2ab438d</id>
      <name>Boxing (Brawler Style)</name>
      <techniques>
        <technique>
          <name>Clinch</name>
        </technique>
        <technique>
          <name>Full Offense</name>
        </technique>
        <technique>
          <name>Haymaker</name>
        </technique>
        <technique>
          <name>Opposing Force (Block)</name>
        </technique>
        <technique>
          <name>Stagger</name>
        </technique>
        <technique>
          <name>Thunder Strike</name>
        </technique>
        <technique>
          <name>Neijia</name>
        </technique>
        <technique>
          <name>Strike the Darkness</name>
        </technique>
      </techniques>
      <source>RG</source>
      <page>129</page>
    </martialart>
    <martialart>
      <id>5e02ce33-4cbd-4003-bc93-5d5971749eae</id>
      <name>Boxing (Classic Style)</name>
      <techniques>
        <technique>
          <name>Bending of the Reed</name>
        </technique>
        <technique>
          <name>Called Shot (Feint)</name>
        </technique>
        <technique>
          <name>Haymaker</name>
        </technique>
        <technique>
          <name>Oaken Stance (Defense Against Being Knocked Down)</name>
        </technique>
        <technique>
          <name>Opposing Force (Block)</name>
        </technique>
        <technique>
          <name>Silken Storm</name>
        </technique>
        <technique>
          <name>Neijia</name>
        </technique>
        <technique>
          <name>Strike the Darkness</name>
        </technique>
      </techniques>
      <source>RG</source>
      <page>129</page>
    </martialart>
    <martialart>
      <id>39b7d61b-b95e-4787-b3b0-df3c2a8bec5c</id>
      <name>Boxing (Swarmer Style)</name>
      <techniques>
        <technique>
          <name>Bending of the Reed</name>
        </technique>
        <technique>
          <name>Called Shot (Feint)</name>
        </technique>
        <technique>
          <name>Clinch</name>
        </technique>
        <technique>
          <name>Haymaker</name>
        </technique>
        <technique>
          <name>Silken Storm</name>
        </technique>
        <technique>
          <name>Two-Headed Snake</name>
        </technique>
        <technique>
          <name>Neijia</name>
        </technique>
        <technique>
          <name>Strike the Darkness</name>
        </technique>
      </techniques>
      <source>RG</source>
      <page>129</page>
    </martialart>
    <martialart>
      <id>5debcf68-304d-4ce6-97ee-9c00fc47f449</id>
      <name>Capoeira</name>
      <techniques>
        <technique>
          <name>Bending of the Reed</name>
        </technique>
        <technique>
          <name>Called Shot (Feint)</name>
        </technique>
        <technique>
          <name>Kick Attack</name>
        </technique>
        <technique>
          <name>Kip-Up</name>
        </technique>
        <technique>
          <name>Sweep</name>
        </technique>
        <technique>
          <name>Tricking</name>
        </technique>
        <technique>
          <name>Neijia</name>
        </technique>
        <technique>
          <name>Strike the Darkness</name>
        </technique>
      </techniques>
      <source>RG</source>
      <page>129</page>
    </martialart>
    <martialart>
      <id>6ff0927a-ba0c-44cf-abea-0d180768f73b</id>
      <name>Carromeleg</name>
      <techniques>
        <technique>
          <name>Counterstrike</name>
        </technique>
        <technique>
          <name>Iaijutsu</name>
        </technique>
        <technique>
          <name>Imposing Stone</name>
        </technique>
        <technique>
          <name>Riposte</name>
        </technique>
        <technique>
          <name>Shadow Block</name>
        </technique>
        <technique>
          <name>Stagger</name>
        </technique>
        <technique>
          <name>Neijia</name>
        </technique>
        <technique>
          <name>Strike the Darkness</name>
        </technique>
      </techniques>
      <source>RG</source>
      <page>129</page>
    </martialart>
    <martialart>
      <id>5170a688-54a0-4a71-899a-edfea5dec0a2</id>
      <name>Chakram Fighting</name>
      <techniques>
        <technique>
          <name>Called Shot (Pin)</name>
        </technique>
        <technique>
          <name>Close Quarter Firearms (Thrown Weapons)</name>
        </technique>
        <technique>
          <name>Knucklebreaker (Blast Out of Hands)</name>
        </technique>
        <technique>
          <name>Multiple Opponent Defense (Friends in Melee)</name>
        </technique>
        <technique>
          <name>Opposing Force (Block)</name>
        </technique>
        <technique>
          <name>Ti Khao</name>
        </technique>
        <technique>
          <name>Neijia</name>
        </technique>
        <technique>
          <name>Strike the Darkness</name>
        </technique>
      </techniques>
      <source>RG</source>
      <page>129</page>
    </martialart>
    <martialart>
      <id>2327a330-3b9c-49a9-a392-8f34579e5bce</id>
      <name>Drunken Boxing</name>
      <techniques>
        <technique>
          <name>Called Shot (Disarm)</name>
        </technique>
        <technique>
          <name>Called Shot (Feint)</name>
        </technique>
        <technique>
          <name>Defiant Dance</name>
        </technique>
        <technique>
          <name>Full Offense</name>
        </technique>
        <technique>
          <name>Karmic Response</name>
        </technique>
        <technique>
          <name>Two-Headed Snake</name>
        </technique>
        <technique>
          <name>Neijia</name>
        </technique>
        <technique>
          <name>Strike the Darkness</name>
        </technique>
      </techniques>
      <source>RG</source>
      <page>130</page>
    </martialart>
    <martialart>
      <id>15ea5191-d615-4320-84e5-bffa90f8873e</id>
      <name>Fiore Dei Liberi</name>
      <techniques>
        <technique>
          <name>Called Shot (Break Weapon)</name>
        </technique>
        <technique>
          <name>Opposing Force (Parry)</name>
        </technique>
        <technique>
          <name>Riposte</name>
        </technique>
        <technique>
          <name>Two-Weapon Style Attack</name>
        </technique>
        <technique>
          <name>Two-Weapon Style Defense</name>
        </technique>
        <technique>
          <name>Yielding Force (Riposte)</name>
        </technique>
        <technique>
          <name>Neijia</name>
        </technique>
        <technique>
          <name>Strike the Darkness</name>
        </technique>
      </techniques>
      <source>RG</source>
      <page>130</page>
    </martialart>
    <martialart>
      <id>3a16d253-73cb-41e0-8c52-8f5b79d27a58</id>
      <name>Firefight</name>
      <techniques>
        <technique>
          <name>Clinch</name>
        </technique>
        <technique>
          <name>Close Quarter Defense Against Firearms</name>
        </technique>
        <technique>
          <name>Close Quarter Firearms (Pistols)</name>
        </technique>
        <technique>
          <name>Multiple Opponent Defense (Friends in Melee)</name>
        </technique>
        <technique>
          <name>Oaken Stance (Defense Against Being Knocked Down)</name>
        </technique>
        <technique>
          <name>Oaken Stance (Defense Against Being Charged)</name>
        </technique>
        <technique>
          <name>Neijia</name>
        </technique>
        <technique>
          <name>Strike the Darkness</name>
        </technique>
      </techniques>
      <source>RG</source>
      <page>130</page>
    </martialart>
    <martialart>
      <id>23c0c9dc-da26-40ab-a578-7cd1a2231ba1</id>
      <name>Gun Kata</name>
      <techniques>
        <technique>
          <name>Close Quarter Firearms (Pistols)</name>
        </technique>
        <technique>
          <name>Kip-Up</name>
        </technique>
        <technique>
          <name>Multiple Opponent Defense (Friends in Melee)</name>
        </technique>
        <technique>
          <name>Opposing Force (Block)</name>
        </technique>
        <technique>
          <name>Tricking</name>
        </technique>
        <technique>
          <name>Stagger</name>
        </technique>
        <technique>
          <name>Neijia</name>
        </technique>
        <technique>
          <name>Strike the Darkness</name>
        </technique>
      </techniques>
      <source>RG</source>
      <page>130</page>
    </martialart>
    <martialart>
      <id>8940f70e-e81d-4e64-b8e0-52256ee28cf9</id>
      <name>Jeet Kune Do</name>
      <techniques>
        <technique>
          <name>Bending of the Reed</name>
        </technique>
        <technique>
          <name>Counterstrike</name>
        </technique>
        <technique>
          <name>Kick Attack</name>
        </technique>
        <technique>
          <name>Opposing Force (Block)</name>
        </technique>
        <technique>
          <name>Randori (Vitals)</name>
        </technique>
        <technique>
          <name>Yielding Force (Counterstrike)</name>
        </technique>
        <technique>
          <name>Neijia</name>
        </technique>
        <technique>
          <name>Strike the Darkness</name>
        </technique>
      </techniques>
      <source>RG</source>
      <page>130</page>
    </martialart>
    <martialart>
      <id>fa11a3e1-a658-4353-8d74-71337e3e1f29</id>
      <name>Jogo Du Pau</name>
      <techniques>
        <technique>
          <name>Barbed Hooks</name>
        </technique>
        <technique>
          <name>Herding</name>
        </technique>
        <technique>
          <name>Oaken Stance (Defense Against Being Charged)</name>
        </technique>
        <technique>
          <name>Oaken Stance (Defense Against Being Knocked Down)</name>
        </technique>
        <technique>
          <name>Opposing Force (Parry)</name>
        </technique>
        <technique>
          <name>Pouncing Dragon</name>
        </technique>
        <technique>
          <name>Neijia</name>
        </technique>
        <technique>
          <name>Strike the Darkness</name>
        </technique>
      </techniques>
      <source>RG</source>
      <page>130</page>
    </martialart>
    <martialart>
      <id>7415286a-11b7-41b6-ad18-a4c72067cb71</id>
      <name>Jujitsu</name>
      <techniques>
        <technique>
          <name>Called Shot (Disarm)</name>
        </technique>
        <technique>
          <name>Chin Na</name>
        </technique>
        <technique>
          <name>Clinch</name>
        </technique>
        <technique>
          <name>Sacrificial Throw</name>
        </technique>
        <technique>
          <name>Sweep</name>
        </technique>
        <technique>
          <name>Throw Person</name>
        </technique>
        <technique>
          <name>Neijia</name>
        </technique>
        <technique>
          <name>Strike the Darkness</name>
        </technique>
      </techniques>
      <source>RG</source>
      <page>131</page>
    </martialart>
    <martialart>
      <id>16391532-2476-4a9f-b5d8-ae058b7e0f27</id>
      <name>Karate</name>
      <techniques>
        <technique>
          <name>Counterstrike</name>
        </technique>
        <technique>
          <name>Kick Attack</name>
        </technique>
        <technique>
          <name>Kip-Up</name>
        </technique>
        <technique>
          <name>Opposing Force (Block)</name>
        </technique>
        <technique>
          <name>Sweep</name>
        </technique>
        <technique>
          <name>Yielding Force (Counterstrike)</name>
        </technique>
        <technique>
          <name>Neijia</name>
        </technique>
        <technique>
          <name>Strike the Darkness</name>
        </technique>
      </techniques>
      <source>RG</source>
      <page>131</page>
    </martialart>
    <martialart>
      <id>922b9b42-6e88-4ab6-a255-00fe2b025f2a</id>
      <name>Kenjutsu</name>
      <techniques>
        <technique>
          <name>Bending of the Reed</name>
        </technique>
        <technique>
          <name>Finishing Move</name>
        </technique>
        <technique>
          <name>Iaijutsu</name>
        </technique>
        <technique>
          <name>Multiple Opponent Combat</name>
        </technique>
        <technique>
          <name>Multiple Opponent Defense (Friends in Melee)</name>
        </technique>
        <technique>
          <name>Opposing Force (Parry)</name>
        </technique>
        <technique>
          <name>Neijia</name>
        </technique>
        <technique>
          <name>Strike the Darkness</name>
        </technique>
      </techniques>
      <source>RG</source>
      <page>131</page>
    </martialart>
    <martialart>
      <id>57a1e6dd-a78c-4fb7-94e0-db4a7b8b7f63</id>
      <name>Knight Errant Tactical</name>
      <techniques>
        <technique>
          <name>Barbed Hooks</name>
        </technique>
        <technique>
          <name>Broken Fang</name>
        </technique>
        <technique>
          <name>Called Shot (Break Weapon)</name>
        </technique>
        <technique>
          <name>Close Quarter Defense Against Firearms</name>
        </technique>
        <technique>
          <name>Hammerfist</name>
        </technique>
        <technique>
          <name>Imposing Stone</name>
        </technique>
        <technique>
          <name>Neijia</name>
        </technique>
        <technique>
          <name>Strike the Darkness</name>
        </technique>
      </techniques>
      <source>RG</source>
      <page>132</page>
    </martialart>
    <martialart>
      <id>3b3c2299-5a76-4cf4-962f-160fecbdd38b</id>
      <name>Krav Maga</name>
      <techniques>
        <technique>
          <name>Called Shot (Disarm)</name>
        </technique>
        <technique>
          <name>Clinch</name>
        </technique>
        <technique>
          <name>Constrictor's Crush</name>
        </technique>
        <technique>
          <name>Imposing Stone</name>
        </technique>
        <technique>
          <name>Releasing Talons</name>
        </technique>
        <technique>
          <name>Ti Khao</name>
        </technique>
        <technique>
          <name>Neijia</name>
        </technique>
        <technique>
          <name>Strike the Darkness</name>
        </technique>
      </techniques>
      <source>RG</source>
      <page>132</page>
    </martialart>
    <martialart>
      <id>69097cfa-cfdd-49d9-b65a-e866d2296b7e</id>
      <name>Kunst Des Fechtens</name>
      <techniques>
        <technique>
          <name>Half Sword</name>
        </technique>
        <technique>
          <name>Multiple Opponent Combat</name>
        </technique>
        <technique>
          <name>Opposing Force (Parry)</name>
        </technique>
        <technique>
          <name>Pouncing Dragon</name>
        </technique>
        <technique>
          <name>Riposte</name>
        </technique>
        <technique>
          <name>Yielding Force (Riposte)</name>
        </technique>
        <technique>
          <name>Neijia</name>
        </technique>
        <technique>
          <name>Strike the Darkness</name>
        </technique>
      </techniques>
      <source>RG</source>
      <page>132</page>
    </martialart>
    <martialart>
      <id>7a2eb5f6-fbb5-4952-95dc-352570c00e52</id>
      <name>Kyujutsu</name>
      <techniques>
        <technique>
          <name>Called Shot (Pin)</name>
        </technique>
        <technique>
          <name>Close Quarter Firearms (Archery)</name>
        </technique>
        <technique>
          <name>Hammerfist</name>
        </technique>
        <technique>
          <name>Knucklebreaker (Blast Out of Hands)</name>
        </technique>
        <technique>
          <name>Soaring Shackles</name>
        </technique>
        <technique>
          <name>Tricking</name>
        </technique>
        <technique>
          <name>Neijia</name>
        </technique>
        <technique>
          <name>Strike the Darkness</name>
        </technique>
      </techniques>
      <source>RG</source>
      <page>132</page>
    </martialart>
    <martialart>
      <id>21bc338f-7b28-49df-9d11-e4db076404be</id>
      <name>La Verdadera Destreza</name>
      <techniques>
        <technique>
          <name>Ballestra</name>
        </technique>
        <technique>
          <name>Multiple Opponent Combat</name>
        </technique>
        <technique>
          <name>Multiple Opponent Defense (Friends in Melee)</name>
        </technique>
        <technique>
          <name>Multiple Opponent Defense (Defender has Defended)</name>
        </technique>
        <technique>
          <name>Opposing Force (Parry)</name>
        </technique>
        <technique>
          <name>Riposte</name>
        </technique>
        <technique>
          <name>Yielding Force (Riposte)</name>
        </technique>
        <technique>
          <name>Neijia</name>
        </technique>
        <technique>
          <name>Strike the Darkness</name>
        </technique>
      </techniques>
      <source>RG</source>
      <page>132</page>
    </martialart>
    <martialart>
      <id>5366bd5d-ff0a-4277-b02d-24e10ac76319</id>
      <name>Lone Star Tactical</name>
      <techniques>
        <technique>
          <name>Called Shot (Break Weapon)</name>
        </technique>
        <technique>
          <name>Close Quarter Defense Against Firearms</name>
        </technique>
        <technique>
          <name>Herding</name>
        </technique>
        <technique>
          <name>Multiple Opponent Defense (Defender has Defended)</name>
        </technique>
        <technique>
          <name>Oaken Stance (Defense Against Being Charged)</name>
        </technique>
        <technique>
          <name>Rooted Tree</name>
        </technique>
        <technique>
          <name>Neijia</name>
        </technique>
        <technique>
          <name>Strike the Darkness</name>
        </technique>
      </techniques>
      <source>RG</source>
      <page>132</page>
    </martialart>
    <martialart>
      <id>af544c56-2c65-403a-a83b-e861e02c72bb</id>
      <name>Muay Thai</name>
      <techniques>
        <technique>
          <name>Clinch</name>
        </technique>
        <technique>
          <name>Crushing Jaws</name>
        </technique>
        <technique>
          <name>Finishing Move</name>
        </technique>
        <technique>
          <name>Kick Attack</name>
        </technique>
        <technique>
          <name>Thunder Strike</name>
        </technique>
        <technique>
          <name>Ti Khao</name>
        </technique>
        <technique>
          <name>Neijia</name>
        </technique>
        <technique>
          <name>Strike the Darkness</name>
        </technique>
      </techniques>
      <source>RG</source>
      <page>133</page>
    </martialart>
    <martialart>
      <id>0b2aba07-cd8e-40b8-8bd5-a89b0c7d9699</id>
      <name>Ninjutsu</name>
      <techniques>
        <technique>
          <name>Counterstrike</name>
        </technique>
        <technique>
          <name>Dim Mak</name>
        </technique>
        <technique>
          <name>Flying Kick</name>
        </technique>
        <technique>
          <name>Kick Attack</name>
        </technique>
        <technique>
          <name>Randori (Dirty Trick)</name>
        </technique>
        <technique>
          <name>Tricking</name>
        </technique>
        <technique>
          <name>Neijia</name>
        </technique>
        <technique>
          <name>Strike the Darkness</name>
        </technique>
      </techniques>
      <source>RG</source>
      <page>133</page>
    </martialart>
    <martialart>
      <id>f8c89602-b72f-4613-81b8-72951dcad4c9</id>
      <name>Okichitaw</name>
      <techniques>
        <technique>
          <name>Called Shot (Pin)</name>
        </technique>
        <technique>
          <name>Counterstrike</name>
        </technique>
        <technique>
          <name>Opposing Force (Parry)</name>
        </technique>
        <technique>
          <name>Randori (Vitals)</name>
        </technique>
        <technique>
          <name>Shadow Block</name>
        </technique>
        <technique>
          <name>Sweep</name>
        </technique>
        <technique>
          <name>Neijia</name>
        </technique>
        <technique>
          <name>Strike the Darkness</name>
        </technique>
      </techniques>
      <source>RG</source>
      <page>133</page>
    </martialart>
    <martialart>
      <id>e613f285-bc8d-40a2-a968-da4aa567cbcc</id>
      <name>Parkour</name>
      <techniques>
        <technique>
          <name>Bending of the Reed</name>
        </technique>
        <technique>
          <name>Kip-Up</name>
        </technique>
        <technique>
          <name>Leaping Mantis</name>
        </technique>
        <technique>
          <name>Monkey Climb</name>
        </technique>
        <technique>
          <name>Rolling Clouds</name>
        </technique>
        <technique>
          <name>Shadow Block</name>
        </technique>
        <technique>
          <name>Neijia</name>
        </technique>
        <technique>
          <name>Strike the Darkness</name>
        </technique>
      </techniques>
      <source>RG</source>
      <page>133</page>
    </martialart>
    <martialart>
      <id>0b792f6c-c12e-4e93-b830-1f201e267bbc</id>
      <name>Pentjak-Silat</name>
      <techniques>
        <technique>
          <name>Called Shot (Break Weapon)</name>
        </technique>
        <technique>
          <name>Called Shot (Disarm)</name>
        </technique>
        <technique>
          <name>Dim Mak</name>
        </technique>
        <technique>
          <name>Jiao Di (Charge)</name>
        </technique>
        <technique>
          <name>Randori (Vitals)</name>
        </technique>
        <technique>
          <name>Silken Storm</name>
        </technique>
        <technique>
          <name>Neijia</name>
        </technique>
        <technique>
          <name>Strike the Darkness</name>
        </technique>
      </techniques>
      <source>RG</source>
      <page>133</page>
    </martialart>
    <martialart>
      <id>36e8103e-a362-49d5-959b-689d06dac350</id>
      <name>Quarterstaff Fighting</name>
      <techniques>
        <technique>
          <name>Jiao Di (Knock Down)</name>
        </technique>
        <technique>
          <name>Multiple Opponent Combat</name>
        </technique>
        <technique>
          <name>Opposing Force (Parry)</name>
        </technique>
        <technique>
          <name>Sweep</name>
        </technique>
        <technique>
          <name>Stagger</name>
        </technique>
        <technique>
          <name>Thunder Strike</name>
        </technique>
        <technique>
          <name>Neijia</name>
        </technique>
        <technique>
          <name>Strike the Darkness</name>
        </technique>
      </techniques>
      <source>RG</source>
      <page>133</page>
    </martialart>
    <martialart>
      <id>3771abcc-6307-4ddf-9ab5-df86bc591da6</id>
      <name>Sangre Y Acero</name>
      <techniques>
        <technique>
          <name>Called Shot (Break Weapon)</name>
        </technique>
        <technique>
          <name>Clinch</name>
        </technique>
        <technique>
          <name>Crushing Jaws</name>
        </technique>
        <technique>
          <name>Finishing Move</name>
        </technique>
        <technique>
          <name>Pouncing Dragon</name>
        </technique>
        <technique>
          <name>Tricking</name>
        </technique>
        <technique>
          <name>Neijia</name>
        </technique>
        <technique>
          <name>Strike the Darkness</name>
        </technique>
      </techniques>
      <source>RG</source>
      <page>133</page>
    </martialart>
    <martialart>
      <id>3e0d63a0-b784-4315-aa66-89b92818a267</id>
      <name>Tae Kwon Do</name>
      <techniques>
        <technique>
          <name>Counterstrike</name>
        </technique>
        <technique>
          <name>Flying Kick</name>
        </technique>
        <technique>
          <name>Kick Attack</name>
        </technique>
        <technique>
          <name>Opposing Force (Block)</name>
        </technique>
        <technique>
          <name>Sweep</name>
        </technique>
        <technique>
          <name>Tricking</name>
        </technique>
        <technique>
          <name>Neijia</name>
        </technique>
        <technique>
          <name>Strike the Darkness</name>
        </technique>
      </techniques>
      <source>RG</source>
      <page>133</page>
    </martialart>
    <martialart>
      <id>f5829122-0973-4e27-98b4-f54c9343a57c</id>
      <name>The Cowboy Way</name>
      <techniques>
        <technique>
          <name>Called Shot (Entanglement)</name>
        </technique>
        <technique>
          <name>Hammerfist</name>
        </technique>
        <technique>
          <name>Haymaker</name>
        </technique>
        <technique>
          <name>Knucklebreaker (Blast Out of Hands)</name>
        </technique>
        <technique>
          <name>Stagger</name>
        </technique>
        <technique>
          <name>Tricking</name>
        </technique>
        <technique>
          <name>Neijia</name>
        </technique>
        <technique>
          <name>Strike the Darkness</name>
        </technique>
      </techniques>
      <source>RG</source>
      <page>133</page>
    </martialart>
    <martialart>
      <id>6b5ae017-9fb1-46df-839b-4548ad360534</id>
      <name>Turkish Archery</name>
      <techniques>
        <technique>
          <name>Called Shot (Pin)</name>
        </technique>
        <technique>
          <name>Close Quarter Defense Against Firearms</name>
        </technique>
        <technique>
          <name>Hammerfist</name>
        </technique>
        <technique>
          <name>Silken Storm</name>
        </technique>
        <technique>
          <name>Soaring Shackles</name>
        </technique>
        <technique>
          <name>Thunder Strike</name>
        </technique>
        <technique>
          <name>Neijia</name>
        </technique>
        <technique>
          <name>Strike the Darkness</name>
        </technique>
      </techniques>
      <source>RG</source>
      <page>134</page>
    </martialart>
    <martialart>
      <id>18c44152-1ca8-435c-a72d-e443d3f1e7c6</id>
      <name>Whip Fighting</name>
      <techniques>
        <technique>
          <name>Bending of the Reed</name>
        </technique>
        <technique>
          <name>Called Shot (Entanglement)</name>
        </technique>
        <technique>
          <name>Hammerfist</name>
        </technique>
        <technique>
          <name>Herding</name>
        </technique>
        <technique>
          <name>Multiple Opponent Defense (Friends in Melee)</name>
        </technique>
        <technique>
          <name>Multiple Opponent Combat</name>
        </technique>
        <technique>
          <name>Neijia</name>
        </technique>
        <technique>
          <name>Strike the Darkness</name>
        </technique>
      </techniques>
      <source>RG</source>
      <page>134</page>
    </martialart>
    <martialart>
      <id>df0b9bb0-bad9-4bb9-b543-eb73edfe34e8</id>
      <name>Wildcat</name>
      <techniques>
        <technique>
          <name>Clinch</name>
        </technique>
        <technique>
          <name>Counterstrike</name>
        </technique>
        <technique>
          <name>Dim Mak</name>
        </technique>
        <technique>
          <name>Finishing Move</name>
        </technique>
        <technique>
          <name>Multiple Opponent Combat</name>
        </technique>
        <technique>
          <name>Ti Khao</name>
        </technique>
        <technique>
          <name>Neijia</name>
        </technique>
        <technique>
          <name>Strike the Darkness</name>
        </technique>
      </techniques>
      <source>RG</source>
      <page>134</page>
    </martialart>
    <martialart>
      <id>24ee13d8-9b6d-4fc0-908c-d9904db364c7</id>
      <name>Wrestling (Sport Style)</name>
      <techniques>
        <technique>
          <name>Clinch</name>
        </technique>
        <technique>
          <name>Constrictor's Crush</name>
        </technique>
        <technique>
          <name>Jiao Di (Knock Down)</name>
        </technique>
        <technique>
          <name>Karmic Response</name>
        </technique>
        <technique>
          <name>Sweep</name>
        </technique>
        <technique>
          <name>Throw Person</name>
        </technique>
        <technique>
          <name>Neijia</name>
        </technique>
        <technique>
          <name>Strike the Darkness</name>
        </technique>
      </techniques>
      <source>RG</source>
      <page>134</page>
    </martialart>
    <martialart>
      <id>03e7e806-2bf6-43d2-ae51-9a724aca67fc</id>
      <name>Wrestling (Sumo Style)</name>
      <techniques>
        <technique>
          <name>Barbed Hooks</name>
        </technique>
        <technique>
          <name>Clinch</name>
        </technique>
        <technique>
          <name>Herding</name>
        </technique>
        <technique>
          <name>Jiao Di (Knock Down)</name>
        </technique>
        <technique>
          <name>Rooted Tree</name>
        </technique>
        <technique>
          <name>Throw Person</name>
        </technique>
        <technique>
          <name>Neijia</name>
        </technique>
        <technique>
          <name>Strike the Darkness</name>
        </technique>
      </techniques>
      <source>RG</source>
      <page>134</page>
    </martialart>
    <martialart>
      <id>06d5eac3-1ec1-4164-8014-e8f6ae47de0f</id>
      <name>Wrestling (Professional Style)</name>
      <techniques>
        <technique>
          <name>Clinch</name>
        </technique>
        <technique>
          <name>Jiao Di (Charge)</name>
        </technique>
        <technique>
          <name>Karmic Response</name>
        </technique>
        <technique>
          <name>Sacrifice Throw</name>
        </technique>
        <technique>
          <name>Tricking</name>
        </technique>
        <technique>
          <name>Yielding Force (Throw)</name>
        </technique>
        <technique>
          <name>Neijia</name>
        </technique>
        <technique>
          <name>Strike the Darkness</name>
        </technique>
      </techniques>
      <source>RG</source>
      <page>134</page>
    </martialart>
    <martialart>
      <id>43aedfbf-c4ef-4682-a8a3-9f53363a3e60</id>
      <name>Wrestling (MMA Style)</name>
      <techniques>
        <technique>
          <name>Clinch</name>
        </technique>
        <technique>
          <name>Constrictor's Crush</name>
        </technique>
        <technique>
          <name>Crushing Jaws</name>
        </technique>
        <technique>
          <name>Jiao Di (Knock Down)</name>
        </technique>
        <technique>
          <name>Kick Attack</name>
        </technique>
        <technique>
          <name>Pouncing Dragon</name>
        </technique>
        <technique>
          <name>Neijia</name>
        </technique>
        <technique>
          <name>Strike the Darkness</name>
        </technique>
      </techniques>
      <source>RG</source>
      <page>135</page>
    </martialart>
    <martialart>
      <id>bd876c27-26b0-4b37-a236-b5da99d5c503</id>
      <name>Wudang Sword</name>
      <techniques>
        <technique>
          <name>Ballestra</name>
        </technique>
        <technique>
          <name>Finishing Move</name>
        </technique>
        <technique>
          <name>Flying Kick</name>
        </technique>
        <technique>
          <name>Hammerfist</name>
        </technique>
        <technique>
          <name>Iaijutsu</name>
        </technique>
        <technique>
          <name>Riposte</name>
        </technique>
        <technique>
          <name>Neijia</name>
        </technique>
        <technique>
          <name>Strike the Darkness</name>
        </technique>
      </techniques>
      <source>RG</source>
      <page>135</page>
    </martialart>
    <martialart>
      <id>0325b2c8-0a48-497f-92b1-2830a5ac467f</id>
      <name>One Trick Pony</name>
      <quality>yes</quality>
      <techniques>
        <technique>
          <name>Ballestra</name>
        </technique>
        <technique>
          <name>Barbed Hooks</name>
        </technique>
        <technique>
          <name>Bending of the Reed</name>
        </technique>
        <technique>
          <name>Broken Fang</name>
        </technique>
        <technique>
          <name>Called Shot (Break Weapon)</name>
        </technique>
        <technique>
          <name>Called Shot (Disarm)</name>
        </technique>
        <technique>
          <name>Called Shot (Entanglement)</name>
        </technique>
        <technique>
          <name>Called Shot (Feint)</name>
        </technique>
        <technique>
          <name>Called Shot (Pin)</name>
        </technique>
        <technique>
          <name>Chin Na</name>
        </technique>
        <technique>
          <name>Clinch</name>
        </technique>
        <technique>
          <name>Close Quarter Firearms (Archery)</name>
        </technique>
        <technique>
          <name>Close Quarter Firearms (Thrown Weapons)</name>
        </technique>
        <technique>
          <name>Close Quarter Firearms (Automatics)</name>
        </technique>
        <technique>
          <name>Close Quarter Firearms (Exotic Ranged Weapon)</name>
        </technique>
        <technique>
          <name>Close Quarter Firearms (Heavy Weapons)</name>
        </technique>
        <technique>
          <name>Close Quarter Firearms (Longarms)</name>
        </technique>
        <technique>
          <name>Close Quarter Firearms (Pistols)</name>
        </technique>
        <technique>
          <name>Close Quarter Defense Against Firearms</name>
        </technique>
        <technique>
          <name>Constrictor's Crush</name>
        </technique>
        <technique>
          <name>Counterstrike</name>
        </technique>
        <technique>
          <name>Crushing Jaws</name>
        </technique>
        <technique>
          <name>Defiant Dance</name>
        </technique>
        <technique>
          <name>Dim Mak</name>
        </technique>
        <technique>
          <name>Finishing Move</name>
        </technique>
        <technique>
          <name>Flying Kick</name>
        </technique>
        <technique>
          <name>Full Offense</name>
        </technique>
        <technique>
          <name>Grasping Vines</name>
        </technique>
        <technique>
          <name>Half Sword</name>
        </technique>
        <technique>
          <name>Hammerfist</name>
        </technique>
        <technique>
          <name>Haymaker</name>
        </technique>
        <technique>
          <name>Herding</name>
        </technique>
        <technique>
          <name>Iaijutsu</name>
        </technique>
        <technique>
          <name>Imposing Stone</name>
        </technique>
        <technique>
          <name>Jiao Di (Charge)</name>
        </technique>
        <technique>
          <name>Jiao Di (Knock Down)</name>
        </technique>
        <technique>
          <name>Karmic Response</name>
        </technique>
        <technique>
          <name>Kick Attack</name>
        </technique>
        <technique>
          <name>Kip-Up</name>
        </technique>
        <technique>
          <name>Knucklebreaker (Disarm)</name>
        </technique>
        <technique>
          <name>Knucklebreaker (Blast Out of Hands)</name>
        </technique>
        <technique>
          <name>Leaping Mantis</name>
        </technique>
        <technique>
          <name>Monkey Climb</name>
        </technique>
        <technique>
          <name>Multiple Opponent Combat</name>
        </technique>
        <technique>
          <name>Multiple Opponent Defense (Friends in Melee)</name>
        </technique>
        <technique>
          <name>Multiple Opponent Defense (Defender has Defended)</name>
        </technique>
        <technique>
          <name>Oaken Stance (Defense Against Being Knocked Down)</name>
        </technique>
        <technique>
          <name>Oaken Stance (Defense Against Being Charged)</name>
        </technique>
        <technique>
          <name>Opposing Force (Block)</name>
        </technique>
        <technique>
          <name>Opposing Force (Parry)</name>
        </technique>
        <technique>
          <name>Releasing Talons</name>
        </technique>
        <technique>
          <name>Randori (Dirty Trick)</name>
        </technique>
        <technique>
          <name>Randori (Vitals)</name>
        </technique>
        <technique>
          <name>Randori (Specific Location)</name>
        </technique>
        <technique>
          <name>Riposte</name>
        </technique>
        <technique>
          <name>Rooted Tree</name>
        </technique>
        <technique>
          <name>Sacrifice Throw</name>
        </technique>
        <technique>
          <name>Shadow Block</name>
        </technique>
        <technique>
          <name>Silken Storm</name>
        </technique>
        <technique>
          <name>Soaring Shackles</name>
        </technique>
        <technique>
          <name>Stagger</name>
        </technique>
        <technique>
          <name>Pouncing Dragon</name>
        </technique>
        <technique>
          <name>Rolling Clouds</name>
        </technique>
        <technique>
          <name>Sweep</name>
        </technique>
        <technique>
          <name>Throw Person</name>
        </technique>
        <technique>
          <name>Thunder Strike</name>
        </technique>
        <technique>
          <name>Ti Khao</name>
        </technique>
        <technique>
          <name>Tricking</name>
        </technique>
        <technique>
          <name>Two-Headed Snake</name>
        </technique>
        <technique>
          <name>Two-Weapon Style Attack</name>
        </technique>
        <technique>
          <name>Two-Weapon Style Defense</name>
        </technique>
        <technique>
          <name>Yielding Force (Riposte)</name>
        </technique>
        <technique>
          <name>Yielding Force (Counterstrike)</name>
        </technique>
        <technique>
          <name>Yielding Force (Throw)</name>
        </technique>
      </techniques>
      <source>RG</source>
      <page>127</page>
    </martialart>
  </martialarts>
  <techniques>
    <technique>
      <id>d2234863-297d-4a61-a939-ff263381e209</id>
      <name>Ballestra</name>
      <source>RG</source>
      <page>135</page>
    </technique>
    <technique>
      <id>c46f550f-3148-4b91-a0fa-299a57e7879c</id>
      <name>Barbed Hooks</name>
      <source>RG</source>
      <page>135</page>
    </technique>
    <technique>
      <id>378a6f47-9375-4810-8324-4a6230cd6914</id>
      <name>Bending of the Reed</name>
      <source>RG</source>
      <page>135</page>
    </technique>
    <technique>
      <id>8ba77379-ee89-49ab-a2a5-37194d9a992e</id>
      <name>Broken Fang</name>
      <source>RG</source>
      <page>135</page>
    </technique>
    <technique>
      <id>eb766a12-66c7-44f4-bdc8-a3ae6f8f6770</id>
      <name>Called Shot (Break Weapon)</name>
      <source>RG</source>
      <page>136</page>
    </technique>
    <technique>
      <id>56ec87e6-d962-4b97-88e8-947cd09ea161</id>
      <name>Called Shot (Disarm)</name>
      <source>RG</source>
      <page>136</page>
    </technique>
    <technique>
      <id>d9e3774b-4b68-4dff-8c0b-3234a6a3f878</id>
      <name>Called Shot (Entanglement)</name>
      <source>RG</source>
      <page>136</page>
    </technique>
    <technique>
      <id>57bc4b34-1f4d-4a19-8413-54f2ddafecd9</id>
      <name>Called Shot (Feint)</name>
      <source>RG</source>
      <page>136</page>
    </technique>
    <technique>
      <id>a24a6c9f-6edd-4852-9d3d-785c51a40f25</id>
      <name>Called Shot (Pin)</name>
      <source>RG</source>
      <page>136</page>
    </technique>
    <technique>
      <id>3d22777f-39c5-472f-b54a-703ed042d8b3</id>
      <name>Chin Na</name>
      <source>RG</source>
      <page>136</page>
    </technique>
    <technique>
      <id>e2bedc2b-59c3-45a1-9e0f-2e4f0234a0cf</id>
      <name>Clinch</name>
      <source>RG</source>
      <page>136</page>
    </technique>
    <technique>
      <id>0f324bd2-3fad-4721-9335-f82aaaee86cf</id>
      <name>Close Quarter Firearms (Archery)</name>
      <source>RG</source>
      <page>136</page>
    </technique>
    <technique>
      <id>05666129-d102-469f-a957-a6456027c9c9</id>
      <name>Close Quarter Firearms (Thrown Weapons)</name>
      <source>RG</source>
      <page>136</page>
    </technique>
    <technique>
      <id>c04ce0ed-32d8-4e00-9d50-7be7b5e250fc</id>
      <name>Close Quarter Firearms (Automatics)</name>
      <source>RG</source>
      <page>136</page>
    </technique>
    <technique>
      <id>8022a74f-547c-4b1e-82b2-e1ce42dbae62</id>
      <name>Close Quarter Firearms (Exotic Ranged Weapon)</name>
      <source>RG</source>
      <page>136</page>
    </technique>
    <technique>
      <id>34dcd6bd-dce4-43b9-bee8-ae18ab3a52b9</id>
      <name>Close Quarter Firearms (Heavy Weapons)</name>
      <source>RG</source>
      <page>136</page>
    </technique>
    <technique>
      <id>1d0afa0f-416a-4075-abbd-cc5112429639</id>
      <name>Close Quarter Firearms (Longarms)</name>
      <source>RG</source>
      <page>136</page>
    </technique>
    <technique>
      <id>44e0f0bb-2f30-4513-beab-1e0a6c033dd5</id>
      <name>Close Quarter Firearms (Pistols)</name>
      <source>RG</source>
      <page>136</page>
    </technique>
    <technique>
      <id>e6e3ef1e-9bbc-408a-b2c0-1ac1d4143e9c</id>
      <name>Close Quarter Defense Against Firearms</name>
      <source>RG</source>
      <page>137</page>
    </technique>
    <technique>
      <id>06a17020-5b3a-409b-b8bf-19c4365fd594</id>
      <name>Constrictor's Crush</name>
      <source>RG</source>
      <page>137</page>
    </technique>
    <technique>
      <id>11a90b83-af42-4972-a028-0ab4c60e1c33</id>
      <name>Counterstrike</name>
      <source>RG</source>
      <page>137</page>
    </technique>
    <technique>
      <id>ec74b517-5c0d-46e6-a61b-5ab1b7316d5d</id>
      <name>Crushing Jaws</name>
      <source>RG</source>
      <page>137</page>
    </technique>
    <technique>
      <id>1b1dc37d-daf1-430c-a352-50f9b2cbe68e</id>
      <name>Defiant Dance</name>
      <source>RG</source>
      <page>137</page>
    </technique>
    <technique>
      <id>cf776709-ffd2-4871-8a63-35efb5b73dbb</id>
      <name>Dim Mak</name>
      <source>RG</source>
      <page>137</page>
    </technique>
    <technique>
      <id>3aba0ece-6ced-48ab-a873-3787c58df995</id>
      <name>Finishing Move</name>
      <source>RG</source>
      <page>137</page>
    </technique>
    <technique>
      <id>601d98dd-5897-4974-af2e-72b5053bde62</id>
      <name>Flying Kick</name>
      <source>RG</source>
      <page>137</page>
    </technique>
    <technique>
      <id>d98d277b-a727-4381-9512-e8f64ad275ff</id>
      <name>Full Offense</name>
      <source>RG</source>
      <page>137</page>
    </technique>
    <technique>
      <id>1df1bc89-a5d5-47e6-8685-7c09078ba17f</id>
      <name>Grasping Vines</name>
      <source>RG</source>
      <page>137</page>
    </technique>
    <technique>
      <id>f79771b2-067e-4fa4-b295-b5e6a48fc5f0</id>
      <name>Half Sword</name>
      <source>RG</source>
      <page>137</page>
    </technique>
    <technique>
      <id>2a28146f-cbd9-4cdd-98ba-59bd6eb65ded</id>
      <name>Hammerfist</name>
      <source>RG</source>
      <page>138</page>
    </technique>
    <technique>
      <id>dbeae1ec-ebb5-4283-b80e-e66ab08c892d</id>
      <name>Haymaker</name>
      <source>RG</source>
      <page>138</page>
    </technique>
    <technique>
      <id>971cac23-8ac2-4419-8d6b-f1de2641d7b3</id>
      <name>Herding</name>
      <source>RG</source>
      <page>138</page>
    </technique>
    <technique>
      <id>6de0cc4b-d9b5-485c-9b4a-c6e4abeaf7d4</id>
      <name>Iaijutsu</name>
      <source>RG</source>
      <page>138</page>
    </technique>
    <technique>
      <id>e812caf9-7e6b-4963-bb9b-ea7ce8e46ea3</id>
      <name>Imposing Stone</name>
      <source>RG</source>
      <page>138</page>
    </technique>
    <technique>
      <id>8a457d21-cc45-4f60-b9d3-0891f0c47c10</id>
      <name>Jiao Di (Charge)</name>
      <source>RG</source>
      <page>138</page>
    </technique>
    <technique>
      <id>84036a28-53d6-426f-935f-1f176964fc8a</id>
      <name>Jiao Di (Knock Down)</name>
      <source>RG</source>
      <page>138</page>
    </technique>
    <technique>
      <id>256bab6a-236d-4f76-93b1-d1dfe3b6df13</id>
      <name>Karmic Response</name>
      <source>RG</source>
      <page>138</page>
    </technique>
    <technique>
      <id>5a29bdb8-5233-44ab-b5e0-5cf892559fc1</id>
      <name>Kick Attack</name>
      <source>RG</source>
      <page>138</page>
    </technique>
    <technique>
      <id>daa9edc5-d5dd-466a-8df9-7abb6a358db1</id>
      <name>Kip-Up</name>
      <source>RG</source>
      <page>139</page>
    </technique>
    <technique>
      <id>d89b18bb-9146-4ad4-8aef-efcb25a537a2</id>
      <name>Knucklebreaker (Disarm)</name>
      <source>RG</source>
      <page>139</page>
    </technique>
    <technique>
      <id>4e3d4a86-d949-40dc-83c1-3358b42fc1f8</id>
      <name>Knucklebreaker (Blast Out of Hands)</name>
      <source>RG</source>
      <page>139</page>
    </technique>
    <technique>
      <id>5d25f0c8-1bfe-476d-b7b5-672f4ea36c80</id>
      <name>Leaping Mantis</name>
      <source>RG</source>
      <page>139</page>
    </technique>
    <technique>
      <id>96191a29-30c4-4973-bb45-8e267f0e221a</id>
      <name>Monkey Climb</name>
      <source>RG</source>
      <page>139</page>
    </technique>
    <technique>
      <id>a1ef3f0f-a36d-493b-b251-6385a15c51f7</id>
      <name>Multiple Opponent Combat</name>
      <source>RG</source>
      <page>139</page>
    </technique>
    <technique>
      <id>bf72ba84-4301-486c-9c9e-f6179fd5f297</id>
      <name>Multiple Opponent Defense (Friends in Melee)</name>
      <source>RG</source>
      <page>139</page>
    </technique>
    <technique>
      <id>d5ca554c-fb2b-480c-ab0c-ad6c05fa919b</id>
      <name>Multiple Opponent Defense (Defender has Defended)</name>
      <source>RG</source>
      <page>139</page>
    </technique>
    <technique>
      <id>1ff734f2-094f-482f-9b52-3583f8d589bb</id>
      <name>Oaken Stance (Defense Against Being Knocked Down)</name>
      <source>RG</source>
      <page>139</page>
    </technique>
    <technique>
      <id>371d0b75-f8a4-4fc8-90ee-9728d27eaca4</id>
      <name>Oaken Stance (Defense Against Being Charged)</name>
      <source>RG</source>
      <page>139</page>
    </technique>
    <technique>
      <id>1f772fd3-7fd6-4c42-a17f-fd363f46f9fa</id>
      <name>Opposing Force (Block)</name>
      <source>RG</source>
      <page>139</page>
    </technique>
    <technique>
      <id>017a0f4c-6581-4f59-9c7d-52b11f51d365</id>
      <name>Opposing Force (Parry)</name>
      <source>RG</source>
      <page>139</page>
    </technique>
    <technique>
      <id>53a18dd7-a2bd-46fd-a27e-eceafe406154</id>
      <name>Releasing Talons</name>
      <source>RG</source>
      <page>139</page>
    </technique>
    <technique>
      <id>3abe5ad7-c735-4f7b-ae38-f7df1081c248</id>
      <name>Randori (Dirty Trick)</name>
      <source>RG</source>
      <page>140</page>
    </technique>
    <technique>
      <id>2747d8d5-022d-4477-a7ce-43d88806bb35</id>
      <name>Randori (Vitals)</name>
      <source>RG</source>
      <page>140</page>
    </technique>
    <technique>
      <id>5d543914-9c0c-4245-a212-9d5383e7221a</id>
      <name>Randori (Specific Location)</name>
      <source>RG</source>
      <page>140</page>
    </technique>
    <technique>
      <id>a620e473-4127-4863-b9da-ac8e96c84535</id>
      <name>Riposte</name>
      <source>RG</source>
      <page>140</page>
    </technique>
    <technique>
      <id>456dfdc7-d1e5-4ec2-86bd-85bf82d81e46</id>
      <name>Rooted Tree</name>
      <source>RG</source>
      <page>140</page>
    </technique>
    <technique>
      <id>845d010e-036b-488c-8ff6-5eec6c2b7c21</id>
      <name>Sacrifice Throw</name>
      <source>RG</source>
      <page>140</page>
    </technique>
    <technique>
      <id>a10cc1a4-c5cb-492d-aa87-448ace3d7f88</id>
      <name>Shadow Block</name>
      <source>RG</source>
      <page>140</page>
    </technique>
    <technique>
      <id>d728ad1e-259a-4af3-ba52-383ffa3e90b4</id>
      <name>Silken Storm</name>
      <source>RG</source>
      <page>140</page>
    </technique>
    <technique>
      <id>730318d1-9a03-4925-bd54-27d53dbb1769</id>
      <name>Soaring Shackles</name>
      <source>RG</source>
      <page>141</page>
    </technique>
    <technique>
      <id>693a1fb7-0c33-4959-87fc-a7f0d3bfd7bc</id>
      <name>Stagger</name>
      <source>RG</source>
      <page>141</page>
    </technique>
    <technique>
      <id>81b9073d-305e-4bcf-90a9-56855f4076f4</id>
      <name>Pouncing Dragon</name>
      <source>RG</source>
      <page>141</page>
    </technique>
    <technique>
      <id>5e00496f-5e91-4fb7-96d9-9c176ff8b80f</id>
      <name>Rolling Clouds</name>
      <source>RG</source>
      <page>141</page>
    </technique>
    <technique>
      <id>5be9b72c-1de5-49ca-9e63-73c9c58c3cac</id>
      <name>Sweep</name>
      <source>RG</source>
      <page>141</page>
    </technique>
    <technique>
      <id>9d355a11-5e68-4c03-9676-9a3f555f977f</id>
      <name>Throw Person</name>
      <source>RG</source>
      <page>141</page>
    </technique>
    <technique>
      <id>335d2151-9137-4071-af91-3e0688ef67d9</id>
      <name>Thunder Strike</name>
      <source>RG</source>
      <page>141</page>
    </technique>
    <technique>
      <id>43351aef-fbed-4a9e-a699-455a495ea2cb</id>
      <name>Ti Khao</name>
      <source>RG</source>
      <page>141</page>
    </technique>
    <technique>
      <id>8d8e3afb-7538-47e1-91e7-fc1a8d50dbc7</id>
      <name>Tricking</name>
      <source>RG</source>
      <page>141</page>
    </technique>
    <technique>
      <id>ea44f12a-0280-4d2b-8f1f-dc5006167872</id>
      <name>Two-Headed Snake</name>
      <source>RG</source>
      <page>141</page>
    </technique>
    <technique>
      <id>db67e642-c74e-4780-a44b-b85524251240</id>
      <name>Two-Weapon Style Attack</name>
      <source>RG</source>
      <page>141</page>
    </technique>
    <technique>
      <id>8938ff95-3c3a-48f5-8a46-f6962e1b16cf</id>
      <name>Two-Weapon Style Defense</name>
      <source>RG</source>
      <page>141</page>
    </technique>
    <technique>
      <id>e714b868-49df-465f-8ae0-89b7d150341c</id>
      <name>Yielding Force (Riposte)</name>
      <source>RG</source>
      <page>141</page>
    </technique>
    <technique>
      <id>091f71eb-75d7-4a5c-8d4e-8ec5ff075ff2</id>
      <name>Yielding Force (Counterstrike)</name>
      <source>RG</source>
      <page>141</page>
    </technique>
    <technique>
      <id>0dfdfe1c-a6ce-4233-a36a-d7856d655290</id>
      <name>Yielding Force (Throw)</name>
      <source>RG</source>
      <page>141</page>
    </technique>
    <technique>
      <id>c512a3e7-5711-438e-b1e7-e02dbf996b85</id>
      <name>Neijia</name>
      <source>RG</source>
      <page>140</page>
    </technique>
    <technique>
      <id>1ff5100c-6b10-453c-a05a-9af9110581e9</id>
      <name>Strike the Darkness</name>
      <source>RG</source>
      <page>141</page>
    </technique>
    <technique>
      <id>1ff5110c-6b10-453c-a05a-faf9410581e0</id>
      <name>Sacrificial Throw</name>
      <source>RG</source>
      <page>131</page>
    </technique>
  </techniques>
</chummer>