﻿<?xml version="1.0" encoding="utf-8"?>
<chummer>
	<version>-400</version>
	<categories>
		<category>Resonance</category>
		<category>Disonance</category>
	</categories>
	<mentors>
		<mentor>
			<name>01</name>
			<category>Resonance</category>
			<advantage>+1 die for compiling and registering sprites of any type</advantage>
			<disadvantage>Zero-One is the perfection of the code and demands the same from his followers, or at least teaches them a harsh lesson if they fail. Zero-One technomancers must spend 2 points of Edge to negate a glitch or downgrade a critical glitch.</disadvantage>
			<source>UN</source>
			<page>150</page>
		</mentor>
		<mentor>
			<name>Alias</name>
			<category>Resonance</category>
			<advantage>+2 dice to Spoof Tests</advantage>
			<disadvantage>Alias technomancers cannot abide to pay for their lifestyle and must therefore use their abilities to spoof their lifestyle.</disadvantage>
			<choices>
				<choice>
					<name>+1 die for Crack spirtes</name>
					<bonus>
						<selecttext />
					</bonus>
				</choice>
				<choice>
					<name>+1 dice for Sleuth Sprites</name>
					<bonus>
						<selecttext />
					</bonus>
				</choice>
			</choices>
			<source>UN</source>
			<page>150</page>
		</mentor>
		<mentor>
			<name>Abort</name>
			<category>Disonance</category>
			<advantage>+2 dice to all Crash Tests</advantage>
			<disadvantage>An Abort technomancer must make a Willpower + Charisma (3) Test to take any other action in cybercombat except for trying to crash his opponent’s software.</disadvantage>
			<choices>
				<choice>
					<name>+1 dice for dissonant Crack sprites</name>
					<bonus>
						<selecttext />
					</bonus>
				</choice>
				<choice>
					<name>+1 dice for dissonant Fault sprites</name>
					<bonus>
						<selecttext />
					</bonus>
				</choice>
			</choices>
			<source>UN</source>
			<page>177</page>
		</mentor>
		<mentor>
			<name>Archivist</name>
			<category>Resonance</category>
			<advantage>+2 dice for all Browse Tests</advantage>
			<disadvantage>Technomancers following the Archivist cannot willingly destroy or corrupt data. The technomancer must succeed at a Willpower + Logic (3) Test to purposely delete or corrupt data (or order a sprite to do so).</disadvantage>
			<choices>
				<choice>
					<name>+1 die for Code sprites</name>
					<bonus>
						<selecttext />
					</bonus>
				</choice>
				<choice>
					<name>+1 die for Data sprites</name>
					<bonus>
						<selecttext />
					</bonus>
				</choice>
			</choices>
			<source>UN</source>
			<page>150</page>
		</mentor>
		<mentor>
			<name>Architect</name>
			<category>Resonance</category>
			<advantage>+2 die to Edit Tests</advantage>
			<disadvantage>–1 die to Crash Tests</disadvantage>
			<choices>
				<choice>
					<name>+1 die for Data sprites</name>
					<bonus>
						<selecttext />
					</bonus>
				</choice>
				<choice>
					<name>+1 die for Machine sprites</name>
					<bonus>
						<selecttext />
					</bonus>
				</choice>
			</choices>
			<source>UN</source>
			<page>150</page>
		</mentor>
		<mentor>
			<name>Babel</name>
			<category>Resonance</category>
			<advantage>+1 to online Etiquette and Language Tests, +1 die for Courier or Tutor sprites (player must choose one)</advantage>
			<disadvantage>Secrecy is the bane of communication, so Babel technomancers must make a Willpower + Logic (3) Test to encrypt anything.</disadvantage>
			<choices>
				<choice>
					<name>+1 die for Courier sprites</name>
					<bonus>
						<selecttext />
					</bonus>
				</choice>
				<choice>
					<name>+1 die for Tutor sprites</name>
					<bonus>
						<selecttext />
					</bonus>
				</choice>
			</choices>
			<source>UN</source>
			<page>150</page>
		</mentor>
		<mentor>
			<name>The Black Hat</name>
			<category>Resonance</category>
			<advantage>+2 dice to Exploit Tests</advantage>
			<disadvantage>Black Hat technomancers have extreme difficulty restraining themselves from hacking into a node that is interesting in any way. The technomancer must succeed in a Willpower + Charisma (3) Test to avoid hacking such a system when the opportunity arises.</disadvantage>
			<choices>
				<choice>
					<name>+1 die for Crack sprites</name>
					<bonus>
						<selecttext />
					</bonus>
				</choice>
				<choice>
					<name>+1 die for Fault sprites</name>
					<bonus>
						<selecttext />
					</bonus>
				</choice>
			</choices>
			<source>UN</source>
			<page>150</page>
		</mentor>
		<mentor>
			<name>Cryptome</name>
			<category>Resonance</category>
			<advantage>+2 dice to all Encryption and Decryption Tests</advantage>
			<disadvantage>Technomancers who follow Cryptome don’t surrender secrets easily and never to unreliable sources. The technomancer must make a Willpower + Logic (3) Test to share a secret or important information with someone he does not completely trust … and such trust is rare.</disadvantage>
			<choices>
				<choice>
					<name>+1 die for Courier sprites</name>
					<bonus>
						<selecttext />
					</bonus>
				</choice>
				<choice>
					<name>+1 die for Data sprites</name>
					<bonus>
						<selecttext />
					</bonus>
				</choice>
			</choices>
			<source>UN</source>
			<page>150</page>
		</mentor>
		<mentor>
			<name>Daedalus</name>
			<category>Resonance</category>
			<advantage>+2 dice to Hardware Tests</advantage>
			<disadvantage>Technomancers who follow Daedalus tend to interact with the machines on which they are working in an even more subconscious manner than usual. As a result, modifications they make are geared towards someone with their talents and worldview, rather than something that is intuitive to a mundane user or even a non-Daedalus technomancer. Devices built or modified by such technomancers have a more arcane user interface, imposing a –2 modifier on anyone who wants to legitimately use it.</disadvantage>
			<choices>
				<choice>
					<name>+1 die for Machine sprites</name>
					<bonus>
						<selecttext />
					</bonus>
				</choice>
				<choice>
					<name>+1 die for Fault sprites</name>
					<bonus>
						<selecttext />
					</bonus>
				</choice>
			</choices>
			<source>UN</source>
			<page>150</page>
		</mentor>
		<mentor>
			<name>Delphi</name>
			<category>Resonance</category>
			<advantage>+2 dice for Analyze Tests</advantage>
			<disadvantage>Delphi technomancers don’t adapt easily to unexpected situations. They must make a Willpower + Logic (3) Test to make any quick decisions in situations they have not planned for.</disadvantage>
			<choices>
				<choice>
					<name>+1 die for Code sprites</name>
					<bonus>
						<selecttext />
					</bonus>
				</choice>
				<choice>
					<name>+1 die for Tutor sprites</name>
					<bonus>
						<selecttext />
					</bonus>
				</choice>
			</choices>
			<source>UN</source>
			<page>151</page>
		</mentor>
		<mentor>
			<name>Disinformation</name>
			<category>Disonance</category>
			<advantage>+1 die to all test with skills from the Influence skill group</advantage>
			<disadvantage>Disinformants must succeed in a Willpower + Charisma (3) Test to pass truthful, complete, or non-doctored information via the Matrix to non-dissonant technomancers.</disadvantage>
			<choices>
				<choice>
					<name>+1 die for dissonant Data sprites</name>
					<bonus>
						<selecttext />
					</bonus>
				</choice>
				<choice>
					<name>+1 die for dissonant Tutor sprites</name>
					<bonus>
						<selecttext />
					</bonus>
				</choice>
			</choices>
			<source>UN</source>
			<page>177</page>
		</mentor>
		<mentor>
			<name>Echelon</name>
			<category>Resonance</category>
			<advantage>+1 die to Track and Sniffer Tests</advantage>
			<disadvantage>Echelon followers obsessively work to gather information about what is going on around them. When caught off-guard, without having information they need, or when running blind into a situation, they suffer a –1 dice pool modifier on all actions as long as the situation remains.</disadvantage>
			<choices>
				<choice>
					<name>+1 die for Crack sprites</name>
					<bonus>
						<selecttext />
					</bonus>
				</choice>
				<choice>
					<name>+1 die for Sleuth sprites</name>
					<bonus>
						<selecttext />
					</bonus>
				</choice>
			</choices>
			<source>UN</source>
			<page>151</page>
		</mentor>
		<mentor>
			<name>Flow</name>
			<category>Resonance</category>
			<advantage>+2 dice for Threading Tests</advantage>
			<disadvantage>–1 die to Cybercombat Attack Tests</disadvantage>
			<choices>
				<choice>
					<name>+1 die for Code sprites</name>
					<bonus>
						<selecttext />
					</bonus>
				</choice>
				<choice>
					<name>+1 die for Data sprites</name>
					<bonus>
						<selecttext />
					</bonus>
				</choice>
			</choices>
			<source>UN</source>
			<page>151</page>
		</mentor>
		<mentor>
			<name>Idoru</name>
			<category>Resonance</category>
			<advantage>+2 dice on Con Tests</advantage>
			<disadvantage>Idoru followers must succeed in a Willpower + Logic (3) Test to avoid manipulating data in their favor when the opportunity affords.</disadvantage>
			<choices>
				<choice>
					<name>+1 die for Crack sprites</name>
					<bonus>
						<selecttext />
					</bonus>
				</choice>
				<choice>
					<name>+1 die for Sleuth sprites</name>
					<bonus>
						<selecttext />
					</bonus>
				</choice>
			</choices>
			<source>UN</source>
			<page>151</page>
		</mentor>
		<mentor>
			<name>Intrusion Countermeasure (IC)</name>
			<category>Resonance</category>
			<advantage>+2 dice to all Matrix Damage Resistance Tests except Fading, +1 die for Paladin sprites</advantage>
			<disadvantage>If an IC technomancer fails to protect or guard something he has committed to, or does not achieve a self-chosen goal, he suffers a –1 dice pool modifier on all actions until he atones for the failure.</disadvantage>
			<source>UN</source>
			<page>151</page>
		</mentor>
		<mentor>
			<name>Jormungand</name>
			<category>Disonance</category>
			<advantage>+2 dice Corrupt Tests</advantage>
			<disadvantage>Jormungand technomancers are destructive and will take every opportunity to devastate a node by permanently deleting or corrupting its data. They must succeed in a Willpower + Logic (3) Test to leave a node they have hacked into unscathed.</disadvantage>
			<choices>
				<choice>
					<name>+1 die for dissonant Data sprites</name>
					<bonus>
						<selecttext />
					</bonus>
				</choice>
				<choice>
					<name>+1 die for dissonant Code sprites</name>
					<bonus>
						<selecttext />
					</bonus>
				</choice>
			</choices>
			<source>UN</source>
			<page>177</page>
		</mentor>
		<mentor>
			<name>Nemesis</name>
			<category>Disonance</category>
			<advantage>+2 dice to Con Tests</advantage>
			<disadvantage>A Nemesis technomancer must make a Willpower + Charisma (3) Test to restrain himself from punishing those whom he feels deserve it.</disadvantage>
			<choices>
				<choice>
					<name>+1 die for dissonant Fault sprites</name>
					<bonus>
						<selecttext />
					</bonus>
				</choice>
				<choice>
					<name>+1 die for dissonant Sleuth sprites</name>
					<bonus>
						<selecttext />
					</bonus>
				</choice>
			</choices>
			<source>UN</source>
			<page>177</page>
		</mentor>
		<mentor>
			<name>Noise</name>
			<category>Disonance</category>
			<advantage>+2 dice to Threading Tests</advantage>
			<disadvantage>Noise technomancers rely on the buzz of Matrix more so than others, and suffer double the modifiers applied to Matrix and non-Matrix actions when caught in static or dead zones (see p. 210, SR4).</disadvantage>
			<choices>
				<choice>
					<name>+1 die for dissonant Courier sprites</name>
					<bonus>
						<selecttext />
					</bonus>
				</choice>
				<choice>
					<name>+1 die for dissonant Code sprites</name>
					<bonus>
						<selecttext />
					</bonus>
				</choice>
			</choices>
			<source>UN</source>
			<page>177</page>
		</mentor>
		<mentor>
			<name>Probe</name>
			<category>Resonance</category>
			<advantage>+2 dice to all Scan Tests</advantage>
			<disadvantage>Probe technomancers receive a –2 dice penalty when hacking on the fly without probing first.</disadvantage>
			<choices>
				<choice>
					<name>+1 die for Crack sprites</name>
					<bonus>
						<selecttext />
					</bonus>
				</choice>
				<choice>
					<name>+1 die for Sleuth sprites</name>
					<bonus>
						<selecttext />
					</bonus>
				</choice>
			</choices>
			<source>UN</source>
			<page>151</page>
		</mentor>
		<mentor>
			<name>Pulse</name>
			<category>Resonance</category>
			<advantage>+2 dice on Matrix Initiative Tests</advantage>
			<disadvantage>–2 dice on Hacking Tests when not hacking on the fly</disadvantage>
			<source>UN</source>
			<page>151</page>
		</mentor>
		<mentor>
			<name>Shooter</name>
			<category>Resonance</category>
			<advantage>+2 dice to all Matrix Attack Tests</advantage>
			<disadvantage>A Shooter technomancer must succeed in a Willpower + Logic (3) Test to retreat from a Matrix fight.</disadvantage>
			<choices>
				<choice>
					<name>+1 die for Paladin sprites</name>
					<bonus>
						<selecttext />
					</bonus>
				</choice>
				<choice>
					<name>+1 die for Tank sprites</name>
					<bonus>
						<selecttext />
					</bonus>
				</choice>
			</choices>
			<source>UN</source>
			<page>151</page>
		</mentor>
		<mentor>
			<name>Snuff</name>
			<category>Disonance</category>
			<advantage>+2 dice to all Sniffer Tests</advantage>
			<disadvantage>Snuff technomancer suffer a –2 dice pool modifier to resisting addiction to BTL or Matrix media.</disadvantage>
			<choices>
				<choice>
					<name>+1 die for dissonant Crack sprites</name>
					<bonus>
						<selecttext />
					</bonus>
				</choice>
				<choice>
					<name>+1 die for dissonant Sleuth sprites</name>
					<bonus>
						<selecttext />
					</bonus>
				</choice>
			</choices>
			<source>UN</source>
			<page>177</page>
		</mentor>
		<mentor>
			<name>Tiamat</name>
			<category>Disonance</category>
			<advantage>+2 dice to Cybercombat</advantage>
			<disadvantage>–1 die to all Hacking Tests</disadvantage>
			<choices>
				<choice>
					<name>+1 die for dissonant Crack sprites</name>
					<bonus>
						<selecttext />
					</bonus>
				</choice>
				<choice>
					<name>+1 die for dissonant Tank sprites</name>
					<bonus>
						<selecttext />
					</bonus>
				</choice>
			</choices>
			<source>UN</source>
			<page>178</page>
		</mentor>
		<mentor>
			<name>The World Tree</name>
			<category>Resonance</category>
			<advantage>+2 dice to Analyze Tests</advantage>
			<disadvantage>World Tree technomancers are easily distracted by information they find interesting. When faced with new information, unusual data, or phenomena, the technomancer must make a Willpower + Charisma (3) Test to resist dropping his current task to screen, analyze, and acquire the information (if possible).</disadvantage>
			<choices>
				<choice>
					<name>+1 die for Code sprites</name>
					<bonus>
						<selecttext />
					</bonus>
				</choice>
				<choice>
					<name>+1 die for Courier sprites</name>
					<bonus>
						<selecttext />
					</bonus>
				</choice>
			</choices>
			<source>UN</source>
			<page>151</page>
		</mentor>
	</mentors>
</chummer>