﻿<?xml version="1.0" encoding="utf-8"?>
<chummer>
  <version>-400</version>
  <skillgroups>
    <name>Acting</name>
    <name>Athletics</name>
    <name>Biotech</name>
    <name>Close Combat</name>
    <name>Conjuring</name>
    <name>Cracking</name>
    <name>Electronics</name>
    <name>Enchanting</name>
    <name>Firearms</name>
    <name>Influence</name>
    <name>Engineering</name>
    <name>Outdoors</name>
    <name>Sorcery</name>
    <name>Stealth</name>
    <name>Tasking</name>
  </skillgroups>
  <categories>
    <category type="active">Combat Active</category>
    <category type="active">Physical Active</category>
    <category type="active">Social Active</category>
    <category type="active">Magical Active</category>
    <category type="active">Resonance Active</category>
    <category type="active">Technical Active</category>
    <category type="active">Vehicle Active</category>
    <category type="knowledge">Academic</category>
    <category type="knowledge">Interest</category>
    <category type="knowledge">Language</category>
    <category type="knowledge">Professional</category>
    <category type="knowledge">Street</category>
  </categories>
  <skills>
    <skill>
      <id>b52f7575-eebf-41c4-938d-df3397b5ee68</id>
      <name>Aeronautics Mechanic</name>
      <attribute>LOG</attribute>
      <category>Technical Active</category>
      <default>No</default>
      <skillgroup>Engineering</skillgroup>
      <specs>
        <spec>Aerospace</spec>
        <spec>Fixed Wing</spec>
        <spec>LTA (blimp)</spec>
        <spec>Rotary Wing</spec>
        <spec>Tilt Wing</spec>
        <spec>Vector Thrust</spec>
      </specs>
      <source>SR5</source>
      <page>143</page>
    </skill>
    <skill>
      <id>fc89344f-daa6-438e-b61d-23f10dd13e44</id>
      <name>Alchemy</name>
      <attribute>MAG</attribute>
      <category>Magical Active</category>
      <default>No</default>
      <skillgroup>Enchanting</skillgroup>
      <specs>
        <spec>Combat</spec>
        <spec>Command</spec>
        <spec>Contact</spec>
        <spec>Detection</spec>
        <spec>Health</spec>
        <spec>Illusion</spec>
        <spec>Manipulation</spec>
        <spec>Time</spec>
        <spec>[Trigger]</spec>
      </specs>
      <source>SR5</source>
      <page>142</page>
    </skill>
    <skill>
      <id>e09e5aa7-e496-41a2-97ce-17f577361888</id>
      <name>Animal Handling</name>
      <attribute>CHA</attribute>
      <category>Physical Active</category>
      <default>Yes</default>
      <skillgroup>Animal Husbandry</skillgroup>
      <specs>
        <spec>Herding</spec>
        <spec>Riding</spec>
        <spec>Training</spec>
        <spec>[Animal Type]</spec>
      </specs>
      <source>SR5</source>
      <page>143</page>
    </skill>
    <skill>
      <id>74a68a9e-8c5b-4998-8dbb-08c1e768afc3</id>
      <name>Arcana</name>
      <attribute>LOG</attribute>
      <category>Magical Active</category>
      <default>No</default>
      <skillgroup />
      <specs>
        <spec>Spell Design</spec>
        <spec>Focus Design</spec>
        <spec>Spirit Formula</spec>
      </specs>
      <source>SR5</source>
      <page>142</page>
    </skill>
    <skill>
      <id>1537ca5c-fa93-4c05-b073-a2a0eed91b8e</id>
      <name>Archery</name>
      <attribute>AGI</attribute>
      <category>Combat Active</category>
      <default>Yes</default>
      <skillgroup />
      <specs>
        <spec>Bow</spec>
        <spec>Crossbow</spec>
        <spec>Non-Standard Ammunition</spec>
        <spec>Slingshot</spec>
      </specs>
      <source>SR5</source>
      <page>130</page>
    </skill>
    <skill>
      <id>ada6d9b2-e451-4289-be45-7085fa34a51a</id>
      <name>Armorer</name>
      <attribute>LOG</attribute>
      <category>Technical Active</category>
      <default>Yes</default>
      <skillgroup />
      <specs>
        <spec>Armor</spec>
        <spec>Artillery</spec>
        <spec>Explosives</spec>
        <spec>Firearms</spec>
        <spec>Melee Weapons</spec>
        <spec>Heavy Weapons</spec>
        <spec>Weapon Accessories</spec>
      </specs>
      <source>SR5</source>
      <page>143</page>
    </skill>
    <skill>
      <id>955d9376-3066-469d-8670-5170c1d59020</id>
      <name>Artificing</name>
      <attribute>MAG</attribute>
      <category>Magical Active</category>
      <default>No</default>
      <skillgroup>Enchanting</skillgroup>
      <specs>
        <spec>Focus Analysis</spec>
        <spec>[Focus Type]</spec>
      </specs>
      <source>SR5</source>
      <page>142</page>
    </skill>
    <skill>
      <id>2f4c706f-5ac5-4774-8a45-3b4667989a20</id>
      <name>Artisan</name>
      <attribute>INT</attribute>
      <category>Technical Active</category>
      <default>No</default>
      <skillgroup />
      <specs>
        <spec>Carpentry</spec>
        <spec>Cooking</spec>
        <spec>Drawing</spec>
        <spec>Sculpting</spec>
        <spec>[Discipline]</spec>
      </specs>
      <source>SR5</source>
      <page>143</page>
    </skill>
    <skill>
      <id>59318078-e071-411b-9194-7222560e9f4a</id>
      <name>Assensing</name>
      <attribute>INT</attribute>
      <category>Magical Active</category>
      <default>No</default>
      <skillgroup />
      <specs>
        <spec>Aura Reading</spec>
        <spec>Astral Signatures</spec>
        <spec>[Aura Type]</spec>
      </specs>
      <source>SR5</source>
      <page>142</page>
    </skill>
    <skill>
      <id>b7599a42-ceed-4558-b357-865aa3e317f5</id>
      <name>Astral Combat</name>
      <attribute>WIL</attribute>
      <category>Magical Active</category>
      <default>No</default>
      <skillgroup />
      <specs>
        <spec>Magicians</spec>
        <spec>Mana Barriers</spec>
        <spec>Spirits</spec>
        <spec>[Weapon Focus Type]</spec>
        <spec>[Other Opponent Type]</spec>
      </specs>
      <source>SR5</source>
      <page>142</page>
    </skill>
    <skill>
      <id>788b387b-ee41-4e6a-bf22-481a8cc4cf9f</id>
      <name>Automatics</name>
      <attribute>AGI</attribute>
      <category>Combat Active</category>
      <default>Yes</default>
      <skillgroup>Firearms</skillgroup>
      <specs>
        <spec>Assault Rifles</spec>
        <spec>Cyber-Implant</spec>
        <spec>Machine Pistols</spec>
        <spec>Submachine Guns</spec>
      </specs>
      <source>SR5</source>
      <page>130</page>
    </skill>
    <skill>
      <id>5e5f2f7f-f63b-4f65-a65d-91b3d4523c6f</id>
      <name>Automotive Mechanic</name>
      <attribute>LOG</attribute>
      <category>Technical Active</category>
      <default>No</default>
      <skillgroup>Engineering</skillgroup>
      <specs>
        <spec>Hover</spec>
        <spec>Tracked</spec>
        <spec>Walker</spec>
        <spec>Wheeled</spec>
      </specs>
      <source>SR5</source>
      <page>143</page>
    </skill>
    <skill>
      <id>9a2d9175-d445-45ca-842d-90223ad13f05</id>
      <name>Banishing</name>
      <attribute>MAG</attribute>
      <category>Magical Active</category>
      <default>No</default>
      <skillgroup>Conjuring</skillgroup>
      <specs>
        <spec>Spirits of Air</spec>
        <spec>Spirits of Beasts</spec>
        <spec>Spirits of Earth</spec>
        <spec>Spirits of Fire</spec>
        <spec>Spirits of Man</spec>
        <spec>Spirits of Water</spec>
        <spec>Guardian Spirit</spec>
        <spec>Guidance Spirit</spec>
        <spec>Plant Spirit</spec>
        <spec>Task Spirit</spec>
      </specs>
      <source>SR5</source>
      <page>142</page>
    </skill>
    <skill>
      <id>dfba7c09-3d95-43fd-be75-39b3e8b22cd3</id>
      <name>Binding</name>
      <attribute>MAG</attribute>
      <category>Magical Active</category>
      <default>No</default>
      <skillgroup>Conjuring</skillgroup>
      <specs>
        <spec>Spirits of Air</spec>
        <spec>Spirits of Beasts</spec>
        <spec>Spirits of Earth</spec>
        <spec>Spirits of Fire</spec>
        <spec>Spirits of Man</spec>
        <spec>Spirits of Water</spec>
        <spec>Guardian Spirit</spec>
        <spec>Guidance Spirit</spec>
        <spec>Plant Spirit</spec>
        <spec>Task Spirit</spec>
      </specs>
      <source>SR5</source>
      <page>142</page>
    </skill>
    <skill>
      <id>ba624682-a5c0-4cf5-b47b-1021e6a1800d</id>
      <name>Biotechnology</name>
      <attribute>LOG</attribute>
      <category>Technical Active</category>
      <default>No</default>
      <skillgroup>Biotech</skillgroup>
      <specs>
        <spec>Bioinformatics</spec>
        <spec>Bioware</spec>
        <spec>Cloning</spec>
        <spec>Gene Therapy</spec>
        <spec>Vat Maintenance</spec>
      </specs>
      <source>SR5</source>
      <page>144</page>
    </skill>
    <skill>
      <id>48763fa5-4b89-48c7-80ff-d0a2761de4c0</id>
      <name>Blades</name>
      <attribute>AGI</attribute>
      <category>Combat Active</category>
      <default>Yes</default>
      <skillgroup>Close Combat</skillgroup>
      <specs>
        <spec>Axes</spec>
        <spec>Knives</spec>
        <spec>Swords</spec>
        <spec>Parrying</spec>
      </specs>
      <source>SR5</source>
      <page>130</page>
    </skill>
    <skill>
      <id>bd4d977a-cbd4-4289-99bb-896caed6786a</id>
      <name>Chemistry</name>
      <attribute>LOG</attribute>
      <category>Technical Active</category>
      <default>No</default>
      <skillgroup />
      <specs>
        <spec>Analytical</spec>
        <spec>Biochemistry</spec>
        <spec>Inorganic</spec>
        <spec>Organic</spec>
        <spec>Physical</spec>
      </specs>
      <source>SR5</source>
      <page>144</page>
    </skill>
    <skill>
      <id>cd9f6bf7-fa48-464b-9a8f-c7ce26713a72</id>
      <name>Clubs</name>
      <attribute>AGI</attribute>
      <category>Combat Active</category>
      <default>Yes</default>
      <skillgroup>Close Combat</skillgroup>
      <specs>
        <spec>Batons</spec>
        <spec>Hammers</spec>
        <spec>Saps</spec>
        <spec>Staves</spec>
        <spec>Parrying</spec>
      </specs>
      <source>SR5</source>
      <page>131</page>
    </skill>
    <skill>
      <id>f338d383-ffd8-4ff8-b99b-cf4c2ed1b159</id>
      <name>Compiling</name>
      <attribute>RES</attribute>
      <category>Resonance Active</category>
      <default>No</default>
      <skillgroup>Tasking</skillgroup>
      <specs>
        <spec>[Sprite Type]</spec>
      </specs>
      <source>SR5</source>
      <page>143</page>
    </skill>
    <skill>
      <id>1c14bf0d-cc69-4126-9a95-1f2429c11aa5</id>
      <name>Computer</name>
      <attribute>LOG</attribute>
      <category>Technical Active</category>
      <default>Yes</default>
      <skillgroup>Electronics</skillgroup>
      <specs>
        <spec>Edit File</spec>
        <spec>Matrix Perception</spec>
        <spec>Matrix Search</spec>
        <spec>[Action]</spec>
      </specs>
      <source>SR5</source>
      <page>144</page>
    </skill>
    <skill>
      <id>6d7f48d3-84a1-4fce-90d3-58d566f70fa6</id>
      <name>Con</name>
      <attribute>CHA</attribute>
      <category>Social Active</category>
      <default>Yes</default>
      <skillgroup>Acting</skillgroup>
      <specs>
        <spec>Fast Talk</spec>
        <spec>Seduction</spec>
      </specs>
      <source>SR5</source>
      <page>138</page>
    </skill>
    <skill>
      <id>3db81bcc-264b-47e1-847c-06bdacd88973</id>
      <name>Counterspelling</name>
      <attribute>MAG</attribute>
      <category>Magical Active</category>
      <default>No</default>
      <skillgroup>Sorcery</skillgroup>
      <specs>
        <spec>Combat</spec>
        <spec>Detection</spec>
        <spec>Health</spec>
        <spec>Illusion</spec>
        <spec>Manipulation</spec>
      </specs>
      <source>SR5</source>
      <page>142</page>
    </skill>
    <skill>
      <id>7143f979-aa48-4cc8-a29c-e010400e6e11</id>
      <name>Cybercombat</name>
      <attribute>LOG</attribute>
      <category>Technical Active</category>
      <default>Yes</default>
      <skillgroup>Cracking</skillgroup>
      <specs>
        <spec>Devices</spec>
        <spec>Grids</spec>
        <spec>IC</spec>
        <spec>Personas</spec>
        <spec>Sprites</spec>
        <spec>[Target Type]</spec>
      </specs>
      <source>SR5</source>
      <page>144</page>
    </skill>
    <skill>
      <id>9b386fe5-83b3-436f-9035-efd1c0f7a680</id>
      <name>Cybertechnology</name>
      <attribute>LOG</attribute>
      <category>Technical Active</category>
      <default>No</default>
      <skillgroup>Biotech</skillgroup>
      <specs>
        <spec>Bodyware</spec>
        <spec>Cyberlimbs</spec>
        <spec>Headware</spec>
        <spec>Repair</spec>
      </specs>
      <source>SR5</source>
      <page>144</page>
    </skill>
    <skill>
      <id>64eed2e9-e61c-4cba-81d4-18a612cf2df6</id>
      <name>Decompiling</name>
      <attribute>RES</attribute>
      <category>Resonance Active</category>
      <default>No</default>
      <skillgroup>Tasking</skillgroup>
      <specs>
        <spec>[Sprite Type]</spec>
      </specs>
      <source>SR5</source>
      <page>143</page>
    </skill>
    <skill>
      <id>276877e1-5cdf-4e95-befd-13c1abb5ae02</id>
      <name>Demolitions</name>
      <attribute>LOG</attribute>
      <category>Technical Active</category>
      <default>Yes</default>
      <skillgroup />
      <specs>
        <spec>Commercial Explosives</spec>
        <spec>Defusing</spec>
        <spec>Improvised Explosives</spec>
        <spec>Plastic Explosives</spec>
      </specs>
      <source>SR5</source>
      <page>144</page>
    </skill>
    <skill>
      <id>a9d9b686-bc4a-4347-b011-ff8f41455965</id>
      <name>Disenchanting</name>
      <attribute>MAG</attribute>
      <category>Magical Active</category>
      <default>No</default>
      <skillgroup>Enchanting</skillgroup>
      <specs>
        <spec>[Type]</spec>
      </specs>
      <source>SR5</source>
      <page>142</page>
    </skill>
    <skill>
      <id>9b2416b2-3e2b-4dd6-ab9d-530f493c1c22</id>
      <name>Disguise</name>
      <attribute>INT</attribute>
      <category>Physical Active</category>
      <default>Yes</default>
      <skillgroup>Stealth</skillgroup>
      <specs>
        <spec>Camouflage</spec>
        <spec>Cosmetic</spec>
        <spec>Theatrical</spec>
        <spec>Trideo &amp; Video</spec>
      </specs>
      <source>SR5</source>
      <page>133</page>
    </skill>
    <skill>
      <id>23c3320c-5010-4b2e-ac46-76f0a86af0b9</id>
      <name>Diving</name>
      <attribute>BOD</attribute>
      <category>Physical Active</category>
      <default>Yes</default>
      <skillgroup />
      <specs>
        <spec>Arctic</spec>
        <spec>Cave</spec>
        <spec>Commercial</spec>
        <spec>Controlled Hyperventilation</spec>
        <spec>Liquid Breathing Apparatus</spec>
        <spec>Military</spec>
        <spec>Mixed Gas</spec>
        <spec>Oxygen Extraction</spec>
        <spec>SCUBA</spec>
        <spec>[Other Breathing Apparatus]</spec>
        <spec>[Other Condition]</spec>
      </specs>
      <source>SR5</source>
      <page>133</page>
    </skill>
    <skill>
      <id>2c8e5f20-e52d-4844-89e9-51b92dba47df</id>
      <name>Electronic Warfare</name>
      <attribute>LOG</attribute>
      <category>Technical Active</category>
      <default>No</default>
      <skillgroup>Cracking</skillgroup>
      <specs>
        <spec>Communications</spec>
        <spec>Encryption</spec>
        <spec>Jamming</spec>
        <spec>Sensor Operations</spec>
      </specs>
      <source>SR5</source>
      <page>144</page>
    </skill>
    <skill>
      <id>3f93335c-49d6-4904-a97e-4c942ab05b59</id>
      <name>Escape Artist</name>
      <attribute>AGI</attribute>
      <category>Physical Active</category>
      <default>Yes</default>
      <skillgroup />
      <specs>
        <spec>Contortionism</spec>
        <spec>Cuffs</spec>
        <spec>Ropes</spec>
        <spec>Zip Ties</spec>
        <spec>[Other Restraint]</spec>
      </specs>
      <source>SR5</source>
      <page>133</page>
    </skill>
    <skill>
      <id>b20acd11-f102-40f3-a641-e3c420fbdb91</id>
      <name>Etiquette</name>
      <attribute>CHA</attribute>
      <category>Social Active</category>
      <default>Yes</default>
      <skillgroup>Influence</skillgroup>
      <specs>
        <spec>Corporate</spec>
        <spec>High Society</spec>
        <spec>Media</spec>
        <spec>Mercenary</spec>
        <spec>Street</spec>
        <spec>Yakuza</spec>
      </specs>
      <source>SR5</source>
      <page>138</page>
    </skill>
    <skill>
      <id>a1366ec2-772d-4f08-8c65-5f79464d975b</id>
      <name>Exotic Melee Weapon</name>
      <attribute>AGI</attribute>
      <category>Combat Active</category>
      <default>No</default>
      <exotic>Yes</exotic>
      <skillgroup />
      <specs />
      <source>SR5</source>
      <page>131</page>
    </skill>
    <skill>
      <id>88ee65ba-c797-4f9c-91fe-39bc43b0f9c8</id>
      <name>Exotic Ranged Weapon</name>
      <attribute>AGI</attribute>
      <category>Combat Active</category>
      <default>No</default>
      <exotic>Yes</exotic>
      <skillgroup />
      <specs>
        <spec>Blowguns</spec>
        <spec>Gyrojet Pistols</spec>
        <spec>Flamethrowers</spec>
        <spec>Lasers</spec>
      </specs>
      <source>SR5</source>
      <page>131</page>
    </skill>
    <skill>
      <id>47cb1e8b-c285-4c54-9aaa-75305ad6dd4f</id>
      <name>First Aid</name>
      <attribute>LOG</attribute>
      <category>Technical Active</category>
      <default>Yes</default>
      <skillgroup>Biotech</skillgroup>
      <specs>
        <spec>Broken Bones</spec>
        <spec>Burns</spec>
        <spec>Gunshot Wounds</spec>
        <spec>Resuscitation</spec>
        <spec>[Type of Treatment]</spec>
      </specs>
      <source>SR5</source>
      <page>144</page>
    </skill>
    <skill>
      <id>c9f52f97-a284-44a7-8af6-802dd3ed554f</id>
      <name>Forgery</name>
      <attribute>LOG</attribute>
      <category>Technical Active</category>
      <default>Yes</default>
      <skillgroup />
      <specs>
        <spec>Counterfeiting</spec>
        <spec>Credstick Forgery</spec>
        <spec>False ID</spec>
        <spec>Image Doctoring</spec>
        <spec>Paper Forgery</spec>
      </specs>
      <source>SR5</source>
      <page>144</page>
    </skill>
    <skill>
      <id>f510ccc3-cf95-4461-b2f7-e966daaa5a91</id>
      <name>Free-Fall</name>
      <attribute>BOD</attribute>
      <category>Physical Active</category>
      <default>Yes</default>
      <skillgroup />
      <specs>
        <spec>BASE Jumping</spec>
        <spec>Break-Fall</spec>
        <spec>Bungee</spec>
        <spec>HALO</spec>
        <spec>Low Altitude</spec>
        <spec>Parachute</spec>
        <spec>Static Line</spec>
        <spec>Wingsuit</spec>
        <spec>Zipline</spec>
      </specs>
      <source>SR5</source>
      <page>133</page>
    </skill>
    <skill>
      <id>58452cff-44ea-41c6-a554-28a869149b27</id>
      <name>Gunnery</name>
      <attribute>AGI</attribute>
      <category>Vehicle Active</category>
      <default>Yes</default>
      <skillgroup />
      <specs>
        <spec>Artillery</spec>
        <spec>Ballistic</spec>
        <spec>Energy</spec>
        <spec>Guided Missile</spec>
        <spec>Rocket</spec>
      </specs>
      <source>SR5</source>
      <page>146</page>
    </skill>
    <skill>
      <id>a9fa961d-07e5-46da-8edc-403ae3e6cc75</id>
      <name>Gymnastics</name>
      <attribute>AGI</attribute>
      <category>Physical Active</category>
      <default>Yes</default>
      <skillgroup>Athletics</skillgroup>
      <specs>
        <spec>Balance</spec>
        <spec>Climbing</spec>
        <spec>Dance</spec>
        <spec>Leaping</spec>
        <spec>Parkour</spec>
        <spec>Rolling</spec>
      </specs>
      <source>SR5</source>
      <page>133</page>
    </skill>
    <skill>
      <id>c2bb65f5-4a6b-49bf-9925-ef6434cb6929</id>
      <name>Hacking</name>
      <attribute>LOG</attribute>
      <category>Technical Active</category>
      <default>Yes</default>
      <skillgroup>Cracking</skillgroup>
      <specs>
        <spec>Devices</spec>
        <spec>Files</spec>
        <spec>Hosts</spec>
        <spec>Personas</spec>
      </specs>
      <source>SR5</source>
      <page>145</page>
    </skill>
    <skill>
      <id>41e184e0-7273-403a-9300-fa29a1707bf0</id>
      <name>Hardware</name>
      <attribute>LOG</attribute>
      <category>Technical Active</category>
      <default>No</default>
      <skillgroup>Electronics</skillgroup>
      <specs>
        <spec>Commlinks</spec>
        <spec>Cyberdecks</spec>
        <spec>Smartguns</spec>
        <spec>[Hardware Type]</spec>
      </specs>
      <source>SR5</source>
      <page>145</page>
    </skill>
    <skill>
      <id>64841e6e-9487-4b63-80a1-dcad6eb78179</id>
      <name>Heavy Weapons</name>
      <attribute>AGI</attribute>
      <category>Combat Active</category>
      <default>Yes</default>
      <skillgroup />
      <specs>
        <spec>Assault Cannons</spec>
        <spec>Grenade Launchers</spec>
        <spec>Guided Missiles</spec>
        <spec>Machine Guns</spec>
        <spec>Rocket Launchers</spec>
      </specs>
      <source>SR5</source>
      <page>132</page>
    </skill>
    <skill>
      <id>e7e5a43f-9762-4863-86dc-3fd7799e53a2</id>
      <name>Impersonation</name>
      <attribute>CHA</attribute>
      <category>Social Active</category>
      <default>Yes</default>
      <skillgroup>Acting</skillgroup>
      <specs>
        <spec>Dwarf</spec>
        <spec>Elf</spec>
        <spec>Human</spec>
        <spec>Ork</spec>
        <spec>Troll</spec>
      </specs>
      <source>SR5</source>
      <page>138</page>
    </skill>
    <skill>
      <id>935621c5-d384-42f2-a740-1fa349fa85a1</id>
      <name>Industrial Mechanic</name>
      <attribute>LOG</attribute>
      <category>Technical Active</category>
      <default>No</default>
      <skillgroup>Engineering</skillgroup>
      <specs>
        <spec>Electrical Power Systems</spec>
        <spec>Hydraulics</spec>
        <spec>HVAC</spec>
        <spec>Industrial Robotics</spec>
        <spec>Structural</spec>
        <spec>Welding</spec>
      </specs>
      <source>SR5</source>
      <page>145</page>
    </skill>
    <skill>
      <id>3b34b209-00be-42b8-b4ac-cc7dea08af8a</id>
      <name>Instruction</name>
      <attribute>CHA</attribute>
      <category>Social Active</category>
      <default>Yes</default>
      <skillgroup />
      <specs>
        <spec>[Active or Knowledge Skill Category]</spec>
      </specs>
      <source>SR5</source>
      <page>138</page>
    </skill>
    <skill>
      <id>9de43fad-b365-4e73-bc06-91dd571b858a</id>
      <name>Intimidation</name>
      <attribute>CHA</attribute>
      <category>Social Active</category>
      <default>Yes</default>
      <skillgroup />
      <specs>
        <spec>Interrogation</spec>
        <spec>Mental</spec>
        <spec>Physical</spec>
        <spec>Torture</spec>
      </specs>
      <source>SR5</source>
      <page>139</page>
    </skill>
    <skill>
      <id>963a548d-c629-4a13-a3e3-31b085a42e20</id>
      <name>Leadership</name>
      <attribute>CHA</attribute>
      <category>Social Active</category>
      <default>Yes</default>
      <skillgroup>Influence</skillgroup>
      <specs>
        <spec>Command</spec>
        <spec>Direct</spec>
        <spec>Inspire</spec>
        <spec>Rally</spec>
      </specs>
      <source>SR5</source>
      <page>139</page>
    </skill>
    <skill>
      <id>09fbc992-9fad-4f2d-ab56-725bac943dc6</id>
      <name>Locksmith</name>
      <attribute>AGI</attribute>
      <category>Technical Active</category>
      <default>No</default>
      <skillgroup />
      <specs>
        <spec>Combination</spec>
        <spec>Keypad</spec>
        <spec>Maglock</spec>
        <spec>Tumbler</spec>
        <spec>Voice Recognition</spec>
        <spec>[Lock Type]</spec>
      </specs>
      <source>SR5</source>
      <page>145</page>
    </skill>
    <skill>
      <id>64088b25-de37-4d71-8800-4a430fde08af</id>
      <name>Longarms</name>
      <attribute>AGI</attribute>
      <category>Combat Active</category>
      <default>Yes</default>
      <skillgroup>Firearms</skillgroup>
      <specs>
        <spec>Extended-Range Shots</spec>
        <spec>Long-Range Shots</spec>
        <spec>Shotguns</spec>
        <spec>Sniper Rifles</spec>
      </specs>
      <source>SR5</source>
      <page>132</page>
    </skill>
    <skill>
      <id>938be691-4b3d-49a2-a673-bbf9924ce8f0</id>
      <name>Medicine</name>
      <attribute>LOG</attribute>
      <category>Technical Active</category>
      <default>No</default>
      <skillgroup>Biotech</skillgroup>
      <specs>
        <spec>Cosmetic Surgery</spec>
        <spec>Extended Care</spec>
        <spec>Implant Surgery</spec>
        <spec>Magical Health</spec>
        <spec>Organ Culture</spec>
        <spec>Trauma Surgery</spec>
      </specs>
      <source>SR5</source>
      <page>145</page>
    </skill>
    <skill>
      <id>48cc79be-f75e-4fe6-8721-7864c9f231f6</id>
      <name>Nautical Mechanic</name>
      <attribute>LOG</attribute>
      <category>Technical Active</category>
      <default>No</default>
      <skillgroup>Engineering</skillgroup>
      <specs>
        <spec>Motorboat</spec>
        <spec>Sailboat</spec>
        <spec>Ship</spec>
        <spec>Submarine</spec>
      </specs>
      <source>SR5</source>
      <page>145</page>
    </skill>
    <skill>
      <id>f8037e7f-d48b-452b-8f66-2e0c36677fea</id>
      <name>Navigation</name>
      <attribute>INT</attribute>
      <category>Technical Active</category>
      <default>Yes</default>
      <skillgroup>Outdoors</skillgroup>
      <specs>
        <spec>Augmented Reality Markers</spec>
        <spec>Celestial</spec>
        <spec>Compass</spec>
        <spec>Maps</spec>
        <spec>GPS</spec>
      </specs>
      <source>SR5</source>
      <page>145</page>
    </skill>
    <skill>
      <id>729c9cee-ef8f-492d-aa7f-17ec1bc3816e</id>
      <name>Negotiation</name>
      <attribute>CHA</attribute>
      <category>Social Active</category>
      <default>Yes</default>
      <skillgroup>Influence</skillgroup>
      <specs>
        <spec>Bargaining</spec>
        <spec>Contracts</spec>
        <spec>Diplomacy</spec>
      </specs>
      <source>SR5</source>
      <page>139</page>
    </skill>
    <skill>
      <id>17fbaafa-8dbb-4f29-9244-5ae1cd4ac42f</id>
      <name>Palming</name>
      <attribute>AGI</attribute>
      <category>Physical Active</category>
      <default>No</default>
      <skillgroup>Stealth</skillgroup>
      <specs>
        <spec>Legerdemain</spec>
        <spec>Pickpocket</spec>
        <spec>Pilfering</spec>
      </specs>
      <source>SR5</source>
      <page>133</page>
    </skill>
    <skill>
      <id>04e1eb3e-e82d-485b-a7fd-1e677df2a070</id>
      <name>Perception</name>
      <attribute>INT</attribute>
      <category>Physical Active</category>
      <default>Yes</default>
      <skillgroup />
      <specs>
        <spec>Hearing</spec>
        <spec>Scent</spec>
        <spec>Searching</spec>
        <spec>Taste</spec>
        <spec>Touch</spec>
        <spec>Visual</spec>
      </specs>
      <source>SR5</source>
      <page>133</page>
    </skill>
    <skill>
      <id>53f96d6a-363b-4c14-be1d-68e74930c67b</id>
      <name>Performance</name>
      <attribute>CHA</attribute>
      <category>Social Active</category>
      <default>Yes</default>
      <skillgroup>Acting</skillgroup>
      <specs>
        <spec>Acting</spec>
        <spec>Comedy</spec>
        <spec>Presentation</spec>
        <spec>[Musical Instrument]</spec>
      </specs>
      <source>SR5</source>
      <page>139</page>
    </skill>
    <skill>
      <id>3ba9397e-f790-44ca-ae40-15a2356e348d</id>
      <name>Pilot Aerospace</name>
      <attribute>REA</attribute>
      <category>Vehicle Active</category>
      <default>No</default>
      <skillgroup />
      <specs>
        <spec>Deep Space</spec>
        <spec>Launch Craft</spec>
        <spec>Remote Operation</spec>
        <spec>Semiballistic</spec>
        <spec>Suborbital</spec>
      </specs>
      <source>SR5</source>
      <page>146</page>
    </skill>
    <skill>
      <id>10d5c887-a1e5-4cca-8613-3a28f1aab810</id>
      <name>Pilot Aircraft</name>
      <attribute>REA</attribute>
      <category>Vehicle Active</category>
      <default>No</default>
      <skillgroup />
      <specs>
        <spec>Fixed-Wing</spec>
        <spec>Lighter-Than-Air</spec>
        <spec>Remote Operation</spec>
        <spec>Rotary Wing</spec>
        <spec>Tilt Wing</spec>
        <spec>Vectored Thrust</spec>
      </specs>
      <source>SR5</source>
      <page>147</page>
    </skill>
    <skill>
      <id>ae91a8a6-80e7-4f52-b9eb-21725a5528a4</id>
      <name>Pilot Ground Craft</name>
      <attribute>REA</attribute>
      <category>Vehicle Active</category>
      <default>Yes</default>
      <skillgroup />
      <specs>
        <spec>Bike</spec>
        <spec>Hovercraft</spec>
        <spec>Remote Operation</spec>
        <spec>Tracked</spec>
        <spec>Wheeled</spec>
      </specs>
      <source>SR5</source>
      <page>147</page>
    </skill>
    <skill>
      <id>b8a24d87-465a-4365-9948-038fe1ac62c4</id>
      <name>Pilot Walker</name>
      <attribute>REA</attribute>
      <category>Vehicle Active</category>
      <default>No</default>
      <skillgroup />
      <specs>
        <spec>Biped</spec>
        <spec>Multiped</spec>
        <spec>Quadruped</spec>
        <spec>Remote Operation</spec>
      </specs>
      <source>SR5</source>
      <page>147</page>
    </skill>
    <skill>
      <id>1579818e-af85-47cd-8c9f-2e86e9dc19da</id>
      <name>Pilot Watercraft</name>
      <attribute>REA</attribute>
      <category>Vehicle Active</category>
      <default>Yes</default>
      <skillgroup />
      <specs>
        <spec>Hydrofoil</spec>
        <spec>Motorboat</spec>
        <spec>Remote Operation</spec>
        <spec>Sail</spec>
        <spec>Ship</spec>
        <spec>Submarine</spec>
      </specs>
      <source>SR5</source>
      <page>147</page>
    </skill>
    <skill>
      <id>adf31a50-b228-4e09-a09c-46ab9f5e59a1</id>
      <name>Pistols</name>
      <attribute>AGI</attribute>
      <category>Combat Active</category>
      <default>Yes</default>
      <skillgroup>Firearms</skillgroup>
      <specs>
        <spec>Holdouts</spec>
        <spec>Revolvers</spec>
        <spec>Semi-Automatics</spec>
        <spec>Tasers</spec>
      </specs>
      <source>SR5</source>
      <page>132</page>
    </skill>
    <skill>
      <id>3a38bbcf-38b0-435b-98f2-4ce8c50e8490</id>
      <name>Registering</name>
      <attribute>RES</attribute>
      <category>Resonance Active</category>
      <default>No</default>
      <skillgroup>Tasking</skillgroup>
      <specs>
        <spec>[Sprite Type]</spec>
      </specs>
      <source>SR5</source>
      <page>143</page>
    </skill>
    <skill>
      <id>a6287e62-6a3b-43ce-b6e0-20f3655910e2</id>
      <name>Ritual Spellcasting</name>
      <attribute>MAG</attribute>
      <category>Magical Active</category>
      <default>No</default>
      <skillgroup>Sorcery</skillgroup>
      <specs>
        <spec>[Keyword]</spec>
      </specs>
      <source>SR5</source>
      <page>142</page>
    </skill>
    <skill>
      <id>1531b2d8-6116-4be4-87b0-232dba1fc447</id>
      <name>Running</name>
      <attribute>STR</attribute>
      <category>Physical Active</category>
      <default>Yes</default>
      <skillgroup>Athletics</skillgroup>
      <specs>
        <spec>Desert</spec>
        <spec>Distance</spec>
        <spec>Sprinting</spec>
        <spec>Urban</spec>
        <spec>Wilderness</spec>
        <spec>[Terrain]</spec>
      </specs>
      <source>SR5</source>
      <page>133</page>
    </skill>
    <skill>
      <id>9cff9aa7-d092-4f89-8b7b-3ab835818874</id>
      <name>Sneaking</name>
      <attribute>AGI</attribute>
      <category>Physical Active</category>
      <default>Yes</default>
      <skillgroup>Stealth</skillgroup>
      <specs>
        <spec>Desert</spec>
        <spec>Jungle</spec>
        <spec>Urban</spec>
        <spec>Wilderness</spec>
        <spec>[Terrain]</spec>
      </specs>
      <source>SR5</source>
      <page>133</page>
    </skill>
    <skill>
      <id>b693f3bf-48dc-4570-9743-d94d14ee698b</id>
      <name>Software</name>
      <attribute>LOG</attribute>
      <category>Technical Active</category>
      <default>No</default>
      <skillgroup>Electronics</skillgroup>
      <specs>
        <spec>Data Bombs</spec>
        <spec>[Complex Form]</spec>
      </specs>
      <source>SR5</source>
      <page>145</page>
    </skill>
    <skill>
      <id>c4367a39-4065-4b1d-aa62-e9dce377e452</id>
      <name>Spellcasting</name>
      <attribute>MAG</attribute>
      <category>Magical Active</category>
      <default>No</default>
      <skillgroup>Sorcery</skillgroup>
      <specs>
        <spec>Combat</spec>
        <spec>Detection</spec>
        <spec>Health</spec>
        <spec>Illusion</spec>
        <spec>Manipulation</spec>
      </specs>
      <source>SR5</source>
      <page>143</page>
    </skill>
    <skill>
      <id>51e34c6c-b07f-45f4-8a5e-8f2b617ed32f</id>
      <name>Summoning</name>
      <attribute>MAG</attribute>
      <category>Magical Active</category>
      <default>No</default>
      <skillgroup>Conjuring</skillgroup>
      <specs>
        <spec>Spirits of Air</spec>
        <spec>Spirits of Beasts</spec>
        <spec>Spirits of Earth</spec>
        <spec>Spirits of Fire</spec>
        <spec>Spirits of Man</spec>
        <spec>Spirits of Water</spec>
        <spec>Guardian Spirit</spec>
        <spec>Guidance Spirit</spec>
        <spec>Plant Spirit</spec>
        <spec>Task Spirit</spec>
      </specs>
      <source>SR5</source>
      <page>143</page>
    </skill>
    <skill>
      <id>89ee1730-053a-400f-a13a-4fbadae015f0</id>
      <name>Survival</name>
      <attribute>WIL</attribute>
      <category>Physical Active</category>
      <default>Yes</default>
      <skillgroup>Outdoors</skillgroup>
      <specs>
        <spec>Desert</spec>
        <spec>Forest</spec>
        <spec>Jungle</spec>
        <spec>Mountain</spec>
        <spec>Polar</spec>
        <spec>Urban</spec>
        <spec>[Terrain]</spec>
      </specs>
      <source>SR5</source>
      <page>133</page>
    </skill>
    <skill>
      <id>0dbcb9cd-f824-4b5d-a387-90d33318b04c</id>
      <name>Swimming</name>
      <attribute>STR</attribute>
      <category>Physical Active</category>
      <default>Yes</default>
      <skillgroup>Athletics</skillgroup>
      <specs>
        <spec>Dash</spec>
        <spec>Long Distance</spec>
      </specs>
      <source>SR5</source>
      <page>134</page>
    </skill>
    <skill>
      <id>867a6fa0-7d98-4cde-83a4-b33dd39de08e</id>
      <name>Throwing Weapons</name>
      <attribute>AGI</attribute>
      <category>Combat Active</category>
      <default>Yes</default>
      <skillgroup />
      <specs>
        <spec>Aerodynamic</spec>
        <spec>Blades</spec>
        <spec>Non-Aerodynamic</spec>
      </specs>
      <source>SR5</source>
      <page>132</page>
    </skill>
    <skill>
      <id>7ed2f3e0-a791-4cb7-ba3e-ac785fdc3d7e</id>
      <name>Tracking</name>
      <attribute>INT</attribute>
      <category>Physical Active</category>
      <default>Yes</default>
      <skillgroup>Outdoors</skillgroup>
      <specs>
        <spec>Desert</spec>
        <spec>Forest</spec>
        <spec>Jungle</spec>
        <spec>Mountain</spec>
        <spec>Polar</spec>
        <spec>Urban</spec>
        <spec>[Terrain]</spec>
      </specs>
      <source>SR5</source>
      <page>134</page>
    </skill>
    <skill>
      <id>4fcd40cb-4b02-4b7e-afcb-f44d46cd5706</id>
      <name>Unarmed Combat</name>
      <attribute>AGI</attribute>
      <category>Combat Active</category>
      <default>Yes</default>
      <skillgroup>Close Combat</skillgroup>
      <specs>
        <spec>Blocking</spec>
        <spec>Cyber Implants</spec>
        <spec>Subduing Combat</spec>
        <spec>[Martial Art]</spec>
      </specs>
      <source>SR5</source>
      <page>132</page>
    </skill>
  </skills>
  <knowledgeskills>
    <skill>
      <id>40d28f1b-2171-4a3b-a640-6b097a4dea95</id>
      <name>Alcohol</name>
      <attribute>INT</attribute>
      <category>Interest</category>
      <default>No</default>
      <skillgroup />
      <specs>
        <spec>Beers</spec>
        <spec>Coolers</spec>
        <spec>Hard Liquor</spec>
        <spec>Wines</spec>
        <spec>Atlanta</spec>
        <spec>Cheyenne</spec>
        <spec>Chicago</spec>
        <spec>Denver</spec>
        <spec>Hong-Kong</spec>
        <spec>LA</spec>
        <spec>Manhattan</spec>
        <spec>FDC</spec>
        <spec>Portland</spec>
        <spec>Seattle</spec>
        <spec>Saskatoon</spec>
        <spec>Sacramento</spec>
        <spec>Quebec City</spec>
        <spec>Algonkian-Manitou Council</spec>
        <spec>Athabaskan Council</spec>
        <spec>Amazonia</spec>
        <spec>Aztlan</spec>
        <spec>Carribean League</spec>
        <spec>California Free State</spec>
        <spec>Pueblo Corporate Council</spec>
        <spec>CAS</spec>
        <spec>UCAS</spec>
        <spec>Quebec</spec>
        <spec>Salish-Shidhe Council</spec>
        <spec>Sioux</spec>
        <spec>Tir Tairngire</spec>
        <spec>Tsimshian Protectorate</spec>
        <spec>Yukutan</spec>
        <spec>N. America</spec>
        <spec>S. America</spec>
        <spec>Antarctica</spec>
        <spec>Africa</spec>
        <spec>Western Europe</spec>
        <spec>Eastern Europe</spec>
        <spec>Northern Europe</spec>
        <spec>Asia - Pacific</spec>
        <spec>Asia - Minor</spec>
        <spec>Middle East</spec>
        <spec>Australia</spec>
      </specs>
    </skill>
    <skill>
      <id>05eb2251-81aa-4dfb-8619-75102fc7b895</id>
      <name>Arabic</name>
      <attribute>INT</attribute>
      <category>Language</category>
      <default>No</default>
      <skillgroup />
      <specs>
        <spec>Read/Write</spec>
        <spec>Speak</spec>
        <spec>Dialect</spec>
        <spec>Lingo</spec>
      </specs>
    </skill>
    <skill>
      <id>6cc80a0b-a9e2-46fe-8951-af4f34bfe3b3</id>
      <name>Architecture</name>
      <attribute>LOG</attribute>
      <category>Professional</category>
      <default>No</default>
      <skillgroup />
      <specs>
        <spec>Commercial</spec>
        <spec>Residential</spec>
        <spec>Elven</spec>
        <spec>Orcish</spec>
        <spec>Medieval</spec>
        <spec>Gothic</spec>
        <spec>Renaissance</spec>
        <spec>Baroque</spec>
        <spec>Victorian</spec>
        <spec>Neo-Classical</spec>
        <spec>Modern</spec>
        <spec>High-Tech</spec>
      </specs>
    </skill>
    <skill>
      <id>3ea2eb75-69d3-4ecd-9f63-6dfc690cadf8</id>
      <name>Area Knowledge: Atlanta</name>
      <attribute>INT</attribute>
      <category>Street</category>
      <default>No</default>
      <skillgroup />
      <specs />
    </skill>
    <skill>
      <id>ad99dbbc-e1b3-46a2-82cc-8f5ec4bfbed2</id>
      <name>Area Knowledge: Cheyenne</name>
      <attribute>INT</attribute>
      <category>Street</category>
      <default>No</default>
      <skillgroup />
      <specs />
    </skill>
    <skill>
      <id>c8b1f29f-38d7-4364-b160-7b163f6bf715</id>
      <name>Area Knowledge: Chicago</name>
      <attribute>INT</attribute>
      <category>Street</category>
      <default>No</default>
      <skillgroup />
      <specs />
    </skill>
    <skill>
      <id>4952de53-b333-45cd-bceb-cffe57b1e5a6</id>
      <name>Area Knowledge: Denver</name>
      <attribute>INT</attribute>
      <category>Street</category>
      <default>No</default>
      <skillgroup />
      <specs />
    </skill>
    <skill>
      <id>67885d5a-4e26-40d9-8196-eebc7a2e49ec</id>
      <name>Area Knowledge: FDC</name>
      <attribute>INT</attribute>
      <category>Street</category>
      <default>No</default>
      <skillgroup />
      <specs />
    </skill>
    <skill>
      <id>8337e83f-af9a-4396-9cbe-0e6679e15b4e</id>
      <name>Area Knowledge: Hong-Kong</name>
      <attribute>INT</attribute>
      <category>Street</category>
      <default>No</default>
      <skillgroup />
      <specs />
    </skill>
    <skill>
      <id>7041437e-b98b-4605-a95a-c93ed45f1de5</id>
      <name>Area Knowledge: LA</name>
      <attribute>INT</attribute>
      <category>Street</category>
      <default>No</default>
      <skillgroup />
      <specs />
    </skill>
    <skill>
      <id>eec57f7e-0e91-4a58-8b0e-5d3de98b7b44</id>
      <name>Area Knowledge: Manhattan</name>
      <attribute>INT</attribute>
      <category>Street</category>
      <default>No</default>
      <skillgroup />
      <specs />
    </skill>
    <skill>
      <id>f9f9badb-0f5e-4662-8b34-fdd8e2994caa</id>
      <name>Area Knowledge: Portland</name>
      <attribute>INT</attribute>
      <category>Street</category>
      <default>No</default>
      <skillgroup />
      <specs />
    </skill>
    <skill>
      <id>822b059f-c132-45ee-8c0b-df6912d5c862</id>
      <name>Area Knowledge: Seattle</name>
      <attribute>INT</attribute>
      <category>Street</category>
      <default>No</default>
      <skillgroup />
      <specs>
        <spec>Auburn</spec>
        <spec>Bellevue</spec>
        <spec>Council Island</spec>
        <spec>Downtown</spec>
        <spec>Everett</spec>
        <spec>Puyallup</spec>
        <spec>Redmond</spec>
        <spec>Renton</spec>
        <spec>Snohomish</spec>
        <spec>Outremer</spec>
        <spec>Seattle Matrix</spec>
        <spec>Salish-Shide</spec>
      </specs>
    </skill>
    <skill>
      <id>3f7935ef-dc5d-4b53-88ef-cb7db7cbe1a9</id>
      <name>Art</name>
      <attribute>LOG</attribute>
      <category>Academic</category>
      <default>No</default>
      <skillgroup />
      <specs>
        <spec>Da Vinci</spec>
        <spec>Monet</spec>
        <spec>Matisse</spec>
        <spec>Michelangelo</spec>
        <spec>Picasso</spec>
        <spec>Rembrandt</spec>
        <spec>Van Gogh</spec>
        <spec>N. America</spec>
        <spec>S. America</spec>
        <spec>Antarctica</spec>
        <spec>Africa</spec>
        <spec>Western Europe</spec>
        <spec>Eastern Europe</spec>
        <spec>Northern Europe</spec>
        <spec>Asia - Pacific</spec>
        <spec>Asia - Minor</spec>
        <spec>Middle East</spec>
        <spec>Australia</spec>
      </specs>
    </skill>
    <skill>
      <id>bee29957-affb-4593-a4fe-002f6dd5be9c</id>
      <name>Bars and Clubs</name>
      <attribute>INT</attribute>
      <category>Street</category>
      <default>No</default>
      <skillgroup />
      <specs>
        <spec>Atlanta</spec>
        <spec>Awakened</spec>
        <spec>Biker</spec>
        <spec>Cheyenne</spec>
        <spec>Chicago</spec>
        <spec>Corporate</spec>
        <spec>Denver</spec>
        <spec>Dwarf</spec>
        <spec>Elf</spec>
        <spec>FDC</spec>
        <spec>Gay</spec>
        <spec>High-Class</spec>
        <spec>Hotel</spec>
        <spec>Jazz</spec>
        <spec>Hong-Kong</spec>
        <spec>LA</spec>
        <spec>Low-Class</spec>
        <spec>Mafia</spec>
        <spec>Matrix</spec>
        <spec>Manhattan</spec>
        <spec>Ork</spec>
        <spec>Portland</spec>
        <spec>Piano</spec>
        <spec>Pubs</spec>
        <spec>Quebec City</spec>
        <spec>Rock</spec>
        <spec>Sacramento</spec>
        <spec>Saskatoon</spec>
        <spec>Seattle</spec>
        <spec>Sports</spec>
        <spec>Surge</spec>
        <spec>Triad</spec>
        <spec>Troll</spec>
        <spec>Vory</spec>
        <spec>Yakuza</spec>
      </specs>
    </skill>
    <skill>
      <id>d6e4efdd-d0a2-4727-8425-b43e480b3256</id>
      <name>Bengali</name>
      <attribute>INT</attribute>
      <category>Language</category>
      <default>No</default>
      <skillgroup />
      <specs>
        <spec>Read/Write</spec>
        <spec>Speak</spec>
        <spec>Dialect</spec>
        <spec>Lingo</spec>
      </specs>
    </skill>
    <skill>
      <id>2d757c45-14af-43fb-98d4-0db9380ab073</id>
      <name>Biology</name>
      <attribute>LOG</attribute>
      <category>Academic</category>
      <default>No</default>
      <skillgroup />
      <specs>
        <spec>Anatomy</spec>
        <spec>Microbiology</spec>
        <spec>Physiology</spec>
      </specs>
    </skill>
    <skill>
      <id>a621ba8f-92e9-4032-b506-c1b2408dfa4e</id>
      <name>Bulgarian</name>
      <attribute>INT</attribute>
      <category>Language</category>
      <default>No</default>
      <skillgroup />
      <specs>
        <spec>Read/Write</spec>
        <spec>Speak</spec>
        <spec>Dialect</spec>
        <spec>Lingo</spec>
      </specs>
    </skill>
    <skill>
      <id>0a1dfc0e-dcb9-448d-a2d3-718670d79df1</id>
      <name>Business</name>
      <attribute>LOG</attribute>
      <category>Professional</category>
      <default>No</default>
      <skillgroup />
      <specs>
        <spec>Budgeting</spec>
        <spec>Compliance</spec>
        <spec>Reporting</spec>
        <spec>Manufacturing</spec>
        <spec>People Management</spec>
        <spec>Project Management</spec>
        <spec>Retail</spec>
        <spec>Supply and Demand</spec>
        <spec>Small Business</spec>
        <spec>Time Management</spec>
      </specs>
    </skill>
    <skill>
      <id>dcf38896-6054-4ece-90e1-901352eb0201</id>
      <name>Cantonese</name>
      <attribute>INT</attribute>
      <category>Language</category>
      <default>No</default>
      <skillgroup />
      <specs>
        <spec>Read/Write</spec>
        <spec>Speak</spec>
        <spec>Dialect</spec>
        <spec>Lingo</spec>
      </specs>
    </skill>
    <skill>
      <id>aa6199a5-717e-42b8-984b-0dd2ccd5369f</id>
      <name>Chemistry</name>
      <attribute>LOG</attribute>
      <category>Academic</category>
      <default>No</default>
      <skillgroup />
      <specs>
        <spec>Industrial</spec>
        <spec>Organic</spec>
        <spec>Pharmaceuticals</spec>
      </specs>
    </skill>
    <skill>
      <id>ac86aba3-a7d6-4938-b5f1-186955912643</id>
      <name>Combat Tactics</name>
      <attribute>LOG</attribute>
      <category>Professional</category>
      <default>No</default>
      <skillgroup />
      <specs>
        <spec>Ambush</spec>
        <spec>Guerilla</spec>
        <spec>Hostage Rescue</spec>
        <spec>Magic</spec>
        <spec>Anti-Magic</spec>
        <spec>Open Field</spec>
        <spec>Outer Space</spec>
        <spec>Terror</spec>
        <spec>Underwater</spec>
        <spec>Urban</spec>
        <spec>Wilderness</spec>
      </specs>
    </skill>
    <skill>
      <id>17c50e74-f009-4794-9dda-19062abb1d90</id>
      <name>Croatian</name>
      <attribute>INT</attribute>
      <category>Language</category>
      <default>No</default>
      <skillgroup />
      <specs>
        <spec>Read/Write</spec>
        <spec>Speak</spec>
        <spec>Dialect</spec>
        <spec>Lingo</spec>
      </specs>
    </skill>
    <skill>
      <id>878181d4-2f54-4993-ae30-06c9bf1ee11b</id>
      <name>Danish</name>
      <attribute>INT</attribute>
      <category>Language</category>
      <default>No</default>
      <skillgroup />
      <specs>
        <spec>Read/Write</spec>
        <spec>Speak</spec>
        <spec>Dialect</spec>
        <spec>Lingo</spec>
      </specs>
    </skill>
    <skill>
      <id>4fa93586-b5b4-4bf7-ad18-aacecc3a6894</id>
      <name>Data Havens</name>
      <attribute>INT</attribute>
      <category>Street</category>
      <default>No</default>
      <skillgroup />
      <specs>
        <spec>Hacking</spec>
        <spec>Magic</spec>
        <spec>Matrix</spec>
        <spec>Shadows</spec>
        <spec>N. America</spec>
        <spec>S. America</spec>
        <spec>Antarctica</spec>
        <spec>Africa</spec>
        <spec>Western Europe</spec>
        <spec>Eastern Europe</spec>
        <spec>Northern Europe</spec>
        <spec>Asia - Pacific</spec>
        <spec>Asia - Minor</spec>
        <spec>Middle East</spec>
        <spec>Australia</spec>
      </specs>
    </skill>
    <skill>
      <id>b1d33738-a93a-46f3-a64a-0fc329ab1740</id>
      <name>Economics</name>
      <attribute>LOG</attribute>
      <category>Academic</category>
      <default>No</default>
      <skillgroup />
      <specs>
        <spec>Corporate</spec>
        <spec>Tribal</spec>
        <spec>Underworld</spec>
        <spec>Atlanta</spec>
        <spec>Cheyenne</spec>
        <spec>Chicago</spec>
        <spec>Denver</spec>
        <spec>Hong-Kong</spec>
        <spec>LA</spec>
        <spec>Manhattan</spec>
        <spec>FDC</spec>
        <spec>Portland</spec>
        <spec>Seattle</spec>
        <spec>Saskatoon</spec>
        <spec>Sacramento</spec>
        <spec>Quebec City</spec>
        <spec>Algonkian-Manitou Council</spec>
        <spec>Athabaskan Council</spec>
        <spec>Amazonia</spec>
        <spec>Aztlan</spec>
        <spec>Carribean League</spec>
        <spec>California Free State</spec>
        <spec>Pueblo Corporate Council</spec>
        <spec>CAS</spec>
        <spec>UCAS</spec>
        <spec>Quebec</spec>
        <spec>Salish-Shidhe Council</spec>
        <spec>Sioux</spec>
        <spec>Tir Tairngire</spec>
        <spec>Tsimshian Protectorate</spec>
        <spec>Yukutan</spec>
        <spec>N. America</spec>
        <spec>S. America</spec>
        <spec>Antarctica</spec>
        <spec>Africa</spec>
        <spec>Western Europe</spec>
        <spec>Eastern Europe</spec>
        <spec>Northern Europe</spec>
        <spec>Asia - Pacific</spec>
        <spec>Asia - Minor</spec>
        <spec>Middle East</spec>
        <spec>Australia</spec>
      </specs>
    </skill>
    <skill>
      <id>cbb44acf-10cd-4b67-afc6-bf28efe74ea4</id>
      <name>Engineering</name>
      <attribute>LOG</attribute>
      <category>Academic</category>
      <default>No</default>
      <skillgroup />
      <specs>
        <spec>Chemical</spec>
        <spec>Civil</spec>
        <spec>Electrical</spec>
        <spec>Mechanical</spec>
        <spec>Nuclear</spec>
      </specs>
    </skill>
    <skill>
      <id>907a3a8f-2c40-4543-a5a9-891bcde41f6b</id>
      <name>English</name>
      <attribute>INT</attribute>
      <category>Language</category>
      <default>No</default>
      <skillgroup />
      <specs>
        <spec>Read/Write</spec>
        <spec>Speak</spec>
        <spec>Dialect</spec>
        <spec>Lingo</spec>
      </specs>
    </skill>
    <skill>
      <id>b21c9f0f-9db0-4de1-b901-2a911d9abd62</id>
      <name>Fashion</name>
      <attribute>INT</attribute>
      <category>Interest</category>
      <default>No</default>
      <skillgroup />
      <specs>
        <spec>Harajuku Scene</spec>
        <spec>London Scene</spec>
        <spec>New York Scene</spec>
        <spec>Paris Scene</spec>
      </specs>
    </skill>
    <skill>
      <id>6d9880ee-c017-4e7f-a7ee-502eb542709b</id>
      <name>Firearms</name>
      <attribute>LOG</attribute>
      <category>Professional</category>
      <default>No</default>
      <skillgroup />
      <specs>
        <spec>Accessories</spec>
        <spec>Ammunition</spec>
        <spec>Automatics</spec>
        <spec>Design</spec>
        <spec>Heavy Weapons</spec>
        <spec>History</spec>
        <spec>Longarms</spec>
        <spec>Modification</spec>
        <spec>Pistols</spec>
      </specs>
    </skill>
    <skill>
      <id>026062e0-9bdd-4a06-9cca-c3640c634cfd</id>
      <name>French</name>
      <attribute>INT</attribute>
      <category>Language</category>
      <default>No</default>
      <skillgroup />
      <specs>
        <spec>Read/Write</spec>
        <spec>Speak</spec>
        <spec>Dialect</spec>
        <spec>Lingo</spec>
      </specs>
    </skill>
    <skill>
      <id>7e1204ab-fc99-4453-9ec2-cc3f60ec2349</id>
      <name>Gaming</name>
      <attribute>INT</attribute>
      <category>Interest</category>
      <default>No</default>
      <skillgroup />
      <specs>
        <spec>Dawn of Atlantis</spec>
        <spec>Dark Eye</spec>
        <spec>Grand Larceny</spec>
        <spec>Killing Floor</spec>
        <spec>Paranormal Crisis</spec>
        <spec>Miracle Shooter</spec>
        <spec>Spectrum Delta</spec>
        <spec>SC IV: Protoss Gate</spec>
        <spec>World of Shadows</spec>
        <spec>Urban Brawl League 70</spec>
        <spec>Guild Ages</spec>
      </specs>
    </skill>
    <skill>
      <id>a1c95207-1864-4723-b26f-b0a8c5b6290d</id>
      <name>Gangs</name>
      <attribute>INT</attribute>
      <category>Street</category>
      <default>No</default>
      <skillgroup />
      <specs>
        <spec>Ancients</spec>
        <spec>Area Boys</spec>
        <spec>Cirque du Sorciere</spec>
        <spec>Chaos Engine</spec>
        <spec>Cocotona</spec>
        <spec>Comando Verdge</spec>
        <spec>Cutters</spec>
        <spec>Desolation Angels</spec>
        <spec>First Nations</spec>
        <spec>Ghost Cartels</spec>
        <spec>Haloweeners</spec>
        <spec>Hell's Angels</spec>
        <spec>Iron Crosses</spec>
        <spec>Los Verdugos</spec>
        <spec>Los Angeles Ardientes</spec>
        <spec>Lynch Mob</spec>
        <spec>Merlyns</spec>
        <spec>Numbers Gang</spec>
        <spec>Spikes</spec>
        <spec>Steppin Wulfs</spec>
        <spec>Thunder Boys</spec>
        <spec>Yardies</spec>
        <spec>Vikings</spec>
        <spec>Atlanta</spec>
        <spec>Cheyenne</spec>
        <spec>Chicago</spec>
        <spec>Denver</spec>
        <spec>Hong-Kong</spec>
        <spec>LA</spec>
        <spec>Manhattan</spec>
        <spec>FDC</spec>
        <spec>Portland</spec>
        <spec>Seattle</spec>
        <spec>Saskatoon</spec>
        <spec>Sacramento</spec>
        <spec>Quebec City</spec>
        <spec>Algonkian-Manitou Council</spec>
        <spec>Athabaskan Council</spec>
        <spec>Amazonia</spec>
        <spec>Aztlan</spec>
        <spec>Carribean League</spec>
        <spec>California Free State</spec>
        <spec>Pueblo Corporate Council</spec>
        <spec>CAS</spec>
        <spec>UCAS</spec>
        <spec>Quebec</spec>
        <spec>Salish-Shidhe Council</spec>
        <spec>Sioux</spec>
        <spec>Tir Tairngire</spec>
        <spec>Tsimshian Protectorate</spec>
        <spec>Yukutan</spec>
      </specs>
    </skill>
    <skill>
      <id>a72084f6-3a4c-4c23-82aa-4697e543ee0b</id>
      <name>German</name>
      <attribute>INT</attribute>
      <category>Language</category>
      <default>No</default>
      <skillgroup />
      <specs>
        <spec>Read/Write</spec>
        <spec>Speak</spec>
        <spec>Dialect</spec>
        <spec>Lingo</spec>
      </specs>
    </skill>
    <skill>
      <id>85dc4a4c-57e2-4066-9de4-171f367a74ab</id>
      <name>Ghost Cartels</name>
      <attribute>INT</attribute>
      <category>Street</category>
      <default>No</default>
      <skillgroup />
      <specs>
        <spec>Turf</spec>
        <spec>Politics</spec>
        <spec>Signs</spec>
        <spec>History</spec>
        <spec>Organizations</spec>
        <spec>Safe Houses</spec>
      </specs>
    </skill>
    <skill>
      <id>b4d3d48a-bff1-4303-ac69-4dd9269d1b2c</id>
      <name>Hebrew</name>
      <attribute>INT</attribute>
      <category>Language</category>
      <default>No</default>
      <skillgroup />
      <specs>
        <spec>Read/Write</spec>
        <spec>Speak</spec>
        <spec>Dialect</spec>
        <spec>Lingo</spec>
      </specs>
    </skill>
    <skill>
      <id>406ddc53-6635-4cd7-8ad0-90024b683492</id>
      <name>Hindi-Urdu</name>
      <attribute>INT</attribute>
      <category>Language</category>
      <default>No</default>
      <skillgroup />
      <specs>
        <spec>Read/Write</spec>
        <spec>Speak</spec>
        <spec>Dialect</spec>
        <spec>Lingo</spec>
      </specs>
    </skill>
    <skill>
      <id>a68b4d38-9e7b-4f0d-be04-d28d2bec3803</id>
      <name>History</name>
      <attribute>LOG</attribute>
      <category>Academic</category>
      <default>No</default>
      <skillgroup />
      <specs>
        <spec>Art</spec>
        <spec>Corporate</spec>
        <spec>Military</spec>
        <spec>Political</spec>
        <spec>Religion</spec>
        <spec>Social</spec>
        <spec>Tribal</spec>
        <spec>Underworld</spec>
        <spec>Atlanta</spec>
        <spec>Cheyenne</spec>
        <spec>Chicago</spec>
        <spec>Denver</spec>
        <spec>Hong-Kong</spec>
        <spec>LA</spec>
        <spec>Manhattan</spec>
        <spec>FDC</spec>
        <spec>Portland</spec>
        <spec>Seattle</spec>
        <spec>Saskatoon</spec>
        <spec>Sacramento</spec>
        <spec>Quebec City</spec>
        <spec>Algonkian-Manitou Council</spec>
        <spec>Athabaskan Council</spec>
        <spec>Amazonia</spec>
        <spec>Aztlan</spec>
        <spec>Carribean League</spec>
        <spec>California Free State</spec>
        <spec>Pueblo Corporate Council</spec>
        <spec>CAS</spec>
        <spec>UCAS</spec>
        <spec>Quebec</spec>
        <spec>Salish-Shidhe Council</spec>
        <spec>Sioux</spec>
        <spec>Tir Tairngire</spec>
        <spec>Tsimshian Protectorate</spec>
        <spec>Yukutan</spec>
        <spec>N. America</spec>
        <spec>S. America</spec>
        <spec>Antarctica</spec>
        <spec>Africa</spec>
        <spec>Western Europe</spec>
        <spec>Eastern Europe</spec>
        <spec>Northern Europe</spec>
        <spec>Asia - Pacific</spec>
        <spec>Asia - Minor</spec>
        <spec>Middle East</spec>
        <spec>Australia</spec>
      </specs>
    </skill>
    <skill>
      <id>a03b153c-1f16-484c-b229-1090e61c1f92</id>
      <name>Indonesian</name>
      <attribute>INT</attribute>
      <category>Language</category>
      <default>No</default>
      <skillgroup />
      <specs>
        <spec>Read/Write</spec>
        <spec>Speak</spec>
        <spec>Dialect</spec>
        <spec>Lingo</spec>
      </specs>
    </skill>
    <skill>
      <id>87627536-a185-427a-bb14-54a4ff89901c</id>
      <name>Italian</name>
      <attribute>INT</attribute>
      <category>Language</category>
      <default>No</default>
      <skillgroup />
      <specs>
        <spec>Read/Write</spec>
        <spec>Speak</spec>
        <spec>Dialect</spec>
        <spec>Lingo</spec>
      </specs>
    </skill>
    <skill>
      <id>f876953e-a14e-4ca5-b454-b0090907da28</id>
      <name>Japanese</name>
      <attribute>INT</attribute>
      <category>Language</category>
      <default>No</default>
      <skillgroup />
      <specs>
        <spec>Read/Write</spec>
        <spec>Speak</spec>
        <spec>Dialect</spec>
        <spec>Lingo</spec>
      </specs>
    </skill>
    <skill>
      <id>0ecbddff-4e99-485b-b54a-6c087c03f07b</id>
      <name>Korean</name>
      <attribute>INT</attribute>
      <category>Language</category>
      <default>No</default>
      <skillgroup />
      <specs>
        <spec>Read/Write</spec>
        <spec>Speak</spec>
        <spec>Dialect</spec>
        <spec>Lingo</spec>
      </specs>
    </skill>
    <skill>
      <id>bcf6bfe5-a454-43b3-9de0-bbdc7e18b5a5</id>
      <name>Latin</name>
      <attribute>INT</attribute>
      <category>Language</category>
      <default>No</default>
      <skillgroup />
      <specs>
        <spec>Read/Write</spec>
        <spec>Speak</spec>
        <spec>Dialect</spec>
        <spec>Lingo</spec>
      </specs>
    </skill>
    <skill>
      <id>cca8e4dc-4c67-45d2-bee6-57366d277206</id>
      <name>Literature</name>
      <attribute>LOG</attribute>
      <category>Academic</category>
      <default>No</default>
      <skillgroup />
      <specs>
        <spec>Science Fiction</spec>
        <spec>Poetry</spec>
        <spec>Romance</spec>
        <spec>N. America</spec>
        <spec>S. America</spec>
        <spec>Antarctica</spec>
        <spec>Africa</spec>
        <spec>Western Europe</spec>
        <spec>Eastern Europe</spec>
        <spec>Northern Europe</spec>
        <spec>Asia - Pacific</spec>
        <spec>Asia - Minor</spec>
        <spec>Middle East</spec>
        <spec>Australia</spec>
      </specs>
    </skill>
    <skill>
      <id>7e942ac9-8c2c-4f7c-91d5-cfaf5d0e9262</id>
      <name>Mafia</name>
      <attribute>INT</attribute>
      <category>Street</category>
      <default>No</default>
      <skillgroup />
      <specs>
        <spec>Turf</spec>
        <spec>Politics</spec>
        <spec>Signs</spec>
        <spec>History</spec>
        <spec>Organizations</spec>
        <spec>Safe Houses</spec>
      </specs>
    </skill>
    <skill>
      <id>f8a3a8da-e177-49c7-9b3d-2749fd3704cd</id>
      <name>Magic Traditions</name>
      <attribute>LOG</attribute>
      <category>Academic</category>
      <default>No</default>
      <skillgroup />
      <specs>
        <spec>Adepts</spec>
        <spec>Shamans</spec>
        <spec>Mages</spec>
        <spec>Magic Adepts</spec>
      </specs>
    </skill>
    <skill>
      <id>0bbb3078-a940-4003-b4f3-fa23937cf227</id>
      <name>Magical Theory</name>
      <attribute>LOG</attribute>
      <category>Academic</category>
      <default>No</default>
      <skillgroup />
      <specs>
        <spec>Sorcery</spec>
        <spec>Conjuring</spec>
        <spec>Enchanting</spec>
        <spec>Foci</spec>
        <spec>Astral World</spec>
        <spec>Metaplanes</spec>
        <spec>Initiation</spec>
        <spec>Mentor Spirits</spec>
      </specs>
    </skill>
    <skill>
      <id>9843709f-803a-4424-88a2-d972d3405955</id>
      <name>Magical Threats</name>
      <attribute>LOG</attribute>
      <category>Academic</category>
      <default>No</default>
      <skillgroup />
      <specs>
        <spec>Blood Magic</spec>
        <spec>Toxic Magic</spec>
        <spec>Insect Spirits</spec>
      </specs>
    </skill>
    <skill>
      <id>7f7fea00-e656-4c7c-afd3-03f34aafa9f4</id>
      <name>Mandarin</name>
      <attribute>INT</attribute>
      <category>Language</category>
      <default>No</default>
      <skillgroup />
      <specs>
        <spec>Read/Write</spec>
        <spec>Speak</spec>
        <spec>Dialect</spec>
        <spec>Lingo</spec>
      </specs>
    </skill>
    <skill>
      <id>95730d81-d189-4cbe-8ee7-23b62f6efdb6</id>
      <name>Matrix Games</name>
      <attribute>INT</attribute>
      <category>Interest</category>
      <default>No</default>
      <skillgroup />
      <specs>
        <spec>Dawn of Atlantis III</spec>
        <spec>Dragon Storm</spec>
        <spec>Grand Larceny</spec>
        <spec>Killing Floor</spec>
        <spec>Shadowrun Online</spec>
      </specs>
    </skill>
    <skill>
      <id>58a3da0b-86da-48ec-953b-11ffcf6d283f</id>
      <name>Military</name>
      <attribute>INT</attribute>
      <category>Interest</category>
      <default>No</default>
      <skillgroup />
      <specs>
        <spec>Air Force</spec>
        <spec>Army</spec>
        <spec>Coast Guard</spec>
        <spec>Marines</spec>
        <spec>Military Magic</spec>
        <spec>Navy</spec>
        <spec>Special Forces</spec>
      </specs>
    </skill>
    <skill>
      <id>ee36423c-21c7-4af3-81da-93778da83a45</id>
      <name>Music</name>
      <attribute>INT</attribute>
      <category>Interest</category>
      <default>No</default>
      <skillgroup />
      <specs>
        <spec>Astral Rock</spec>
        <spec>Electron Wave</spec>
        <spec>Goblin Rock</spec>
        <spec>Powernoize</spec>
        <spec>Rockabilly</spec>
        <spec>Sinthcore</spec>
        <spec>Wizpunk</spec>
        <spec>Trash Metal Troll</spec>
        <spec>Retro Gothic</spec>
        <spec>Elven Rap</spec>
        <spec>Neo-J Pop</spec>
        <spec>Nova K Rock</spec>
      </specs>
    </skill>
    <skill>
      <id>5ea73805-1e96-4770-afef-647322f1eeff</id>
      <name>News</name>
      <attribute>INT</attribute>
      <category>Interest</category>
      <default>No</default>
      <skillgroup />
      <specs>
        <spec>Business</spec>
        <spec>Entertainment</spec>
        <spec>Health</spec>
        <spec>Science/Environment</spec>
        <spec>Sports</spec>
        <spec>Technology</spec>
        <spec>Underworld</spec>
        <spec>Atlanta</spec>
        <spec>Cheyenne</spec>
        <spec>Chicago</spec>
        <spec>Denver</spec>
        <spec>Hong-Kong</spec>
        <spec>LA</spec>
        <spec>Manhattan</spec>
        <spec>FDC</spec>
        <spec>Portland</spec>
        <spec>Seattle</spec>
        <spec>Saskatoon</spec>
        <spec>Sacramento</spec>
        <spec>Quebec City</spec>
        <spec>Algonkian-Manitou Council</spec>
        <spec>Athabaskan Council</spec>
        <spec>Amazonia</spec>
        <spec>Aztlan</spec>
        <spec>Carribean League</spec>
        <spec>California Free State</spec>
        <spec>Pueblo Corporate Council</spec>
        <spec>CAS</spec>
        <spec>UCAS</spec>
        <spec>Quebec</spec>
        <spec>Salish-Shidhe Council</spec>
        <spec>Sioux</spec>
        <spec>Tir Tairngire</spec>
        <spec>Tsimshian Protectorate</spec>
        <spec>Yukutan</spec>
        <spec>N. America</spec>
        <spec>S. America</spec>
        <spec>Antarctica</spec>
        <spec>Africa</spec>
        <spec>Western Europe</spec>
        <spec>Eastern Europe</spec>
        <spec>Northern Europe</spec>
        <spec>Asia - Pacific</spec>
        <spec>Asia - Minor</spec>
        <spec>Middle East</spec>
        <spec>Australia</spec>
      </specs>
    </skill>
    <skill>
      <id>3057f850-d7d8-4c5d-9315-556ebb12f0e1</id>
      <name>Or'zet</name>
      <attribute>INT</attribute>
      <category>Language</category>
      <default>No</default>
      <skillgroup />
      <specs>
        <spec>Read/Write</spec>
        <spec>Speak</spec>
        <spec>Dialect</spec>
        <spec>Lingo</spec>
      </specs>
    </skill>
    <skill>
      <id>0b90b4b9-2290-45ad-9827-82fd0c6454be</id>
      <name>Parazoology</name>
      <attribute>LOG</attribute>
      <category>Academic</category>
      <default>No</default>
      <skillgroup />
      <specs>
        <spec>Spirits</spec>
        <spec>N. America</spec>
        <spec>S. America</spec>
        <spec>Antarctica</spec>
        <spec>Africa</spec>
        <spec>Western Europe</spec>
        <spec>Eastern Europe</spec>
        <spec>Northern Europe</spec>
        <spec>Asia - Pacific</spec>
        <spec>Asia - Minor</spec>
        <spec>Middle East</spec>
        <spec>Australia</spec>
      </specs>
    </skill>
    <skill>
      <id>004ef112-3f24-4ca1-bc9c-b0e4229fc3b6</id>
      <name>Persian</name>
      <attribute>INT</attribute>
      <category>Language</category>
      <default>No</default>
      <skillgroup />
      <specs>
        <spec>Read/Write</spec>
        <spec>Speak</spec>
        <spec>Dialect</spec>
        <spec>Lingo</spec>
      </specs>
    </skill>
    <skill>
      <id>5fc15c3f-7b1c-4b87-a469-ccefb7d60820</id>
      <name>Polish</name>
      <attribute>INT</attribute>
      <category>Language</category>
      <default>No</default>
      <skillgroup />
      <specs>
        <spec>Read/Write</spec>
        <spec>Speak</spec>
        <spec>Dialect</spec>
        <spec>Lingo</spec>
      </specs>
    </skill>
    <skill>
      <id>57090b04-5d4c-47ec-9cf3-9b414c40cb09</id>
      <name>Politics</name>
      <attribute>LOG</attribute>
      <category>Academic</category>
      <default>No</default>
      <skillgroup />
      <specs>
        <spec>Corporate</spec>
        <spec>Military</spec>
        <spec>Social</spec>
        <spec>Tribal</spec>
        <spec>Underworld</spec>
        <spec>Atlanta</spec>
        <spec>Cheyenne</spec>
        <spec>Chicago</spec>
        <spec>Denver</spec>
        <spec>Hong-Kong</spec>
        <spec>LA</spec>
        <spec>Manhattan</spec>
        <spec>FDC</spec>
        <spec>Portland</spec>
        <spec>Seattle</spec>
        <spec>Saskatoon</spec>
        <spec>Sacramento</spec>
        <spec>Quebec City</spec>
        <spec>Algonkian-Manitou Council</spec>
        <spec>Athabaskan Council</spec>
        <spec>Amazonia</spec>
        <spec>Aztlan</spec>
        <spec>Carribean League</spec>
        <spec>California Free State</spec>
        <spec>Pueblo Corporate Council</spec>
        <spec>CAS</spec>
        <spec>UCAS</spec>
        <spec>Quebec</spec>
        <spec>Salish-Shidhe Council</spec>
        <spec>Sioux</spec>
        <spec>Tir Tairngire</spec>
        <spec>Tsimshian Protectorate</spec>
        <spec>Yukutan</spec>
        <spec>N. America</spec>
        <spec>S. America</spec>
        <spec>Antarctica</spec>
        <spec>Africa</spec>
        <spec>Western Europe</spec>
        <spec>Eastern Europe</spec>
        <spec>Northern Europe</spec>
        <spec>Asia - Pacific</spec>
        <spec>Asia - Minor</spec>
        <spec>Middle East</spec>
        <spec>Australia</spec>
      </specs>
    </skill>
    <skill>
      <id>d11e8181-215e-41b3-8775-521b1d629123</id>
      <name>Portuguese</name>
      <attribute>INT</attribute>
      <category>Language</category>
      <default>No</default>
      <skillgroup />
      <specs>
        <spec>Read/Write</spec>
        <spec>Speak</spec>
        <spec>Dialect</spec>
        <spec>Lingo</spec>
      </specs>
    </skill>
    <skill>
      <id>a8187f25-74d6-43f5-9a43-8d03cef04a6e</id>
      <name>Punjabi</name>
      <attribute>INT</attribute>
      <category>Language</category>
      <default>No</default>
      <skillgroup />
      <specs>
        <spec>Read/Write</spec>
        <spec>Speak</spec>
        <spec>Dialect</spec>
        <spec>Lingo</spec>
      </specs>
    </skill>
    <skill>
      <id>bce7ec73-39ef-43bf-a74f-8fa7627753ab</id>
      <name>Religion</name>
      <attribute>LOG</attribute>
      <category>Academic</category>
      <default>No</default>
      <skillgroup />
      <specs>
        <spec>Islam</spec>
        <spec>Judaism</spec>
        <spec>Buddhism</spec>
        <spec>Christianity</spec>
        <spec>Hinduism</spec>
        <spec>Zoroastrianism</spec>
        <spec>Shinto</spec>
        <spec>Paganism</spec>
        <spec>Taoism</spec>
      </specs>
    </skill>
    <skill>
      <id>7ba1f555-f6b5-4d3a-b0f6-38f9a030b661</id>
      <name>Russian</name>
      <attribute>INT</attribute>
      <category>Language</category>
      <default>No</default>
      <skillgroup />
      <specs>
        <spec>Read/Write</spec>
        <spec>Speak</spec>
        <spec>Dialect</spec>
        <spec>Lingo</spec>
      </specs>
    </skill>
    <skill>
      <id>09ae5c16-0b45-4ab9-9634-cab22ad781c4</id>
      <name>Security Companies</name>
      <attribute>LOG</attribute>
      <category>Academic</category>
      <default>No</default>
      <skillgroup />
      <specs>
        <spec>Lone Star</spec>
        <spec>Knight Errant</spec>
        <spec>Hard Corps</spec>
        <spec>Minutemen Security</spec>
      </specs>
    </skill>
    <skill>
      <id>3dc3854e-5d67-4ee8-8ffa-c637394859a6</id>
      <name>Security Design</name>
      <attribute>INT</attribute>
      <category>Interest</category>
      <default>No</default>
      <skillgroup />
      <specs>
        <spec>Bank</spec>
        <spec>Corporate</spec>
        <spec>Government</spec>
        <spec>Home</spec>
        <spec>Public Event</spec>
        <spec>Vehicle</spec>
      </specs>
    </skill>
    <skill>
      <id>86ac486a-6e5b-4c04-b575-f63beb10b809</id>
      <name>Security Tactics</name>
      <attribute>LOG</attribute>
      <category>Academic</category>
      <default>No</default>
      <skillgroup />
      <specs>
        <spec>Corporate</spec>
        <spec>Crimson Rush</spec>
        <spec>Entertainment</spec>
        <spec>Government</spec>
        <spec>Security Company</spec>
        <spec>Rapid Response</spec>
        <spec>Border Patrol</spec>
        <spec>Customs</spec>
      </specs>
    </skill>
    <skill>
      <id>bd978c37-7bff-4610-9c3a-1bab45c6e93f</id>
      <name>Shadow Community</name>
      <attribute>INT</attribute>
      <category>Street</category>
      <default>No</default>
      <skillgroup />
      <specs>
        <spec>Turf</spec>
        <spec>Politics</spec>
        <spec>History</spec>
        <spec>Organizations</spec>
        <spec>Safe Houses</spec>
        <spec>News</spec>
        <spec>Personalities</spec>
        <spec>Rumours</spec>
      </specs>
    </skill>
    <skill>
      <id>083e28e0-885a-4123-a8db-847c3509d14a</id>
      <name>Sioux</name>
      <attribute>INT</attribute>
      <category>Language</category>
      <default>No</default>
      <skillgroup />
      <specs>
        <spec>Read/Write</spec>
        <spec>Speak</spec>
        <spec>Dialect</spec>
        <spec>Lingo</spec>
      </specs>
    </skill>
    <skill>
      <id>d06dfd90-1df0-4f05-84d5-1fea9d146f87</id>
      <name>Small Unit Tactics</name>
      <attribute>INT</attribute>
      <category>Interest</category>
      <default>No</default>
      <skillgroup />
      <specs>
        <spec>Desert</spec>
        <spec>Distance</spec>
        <spec>Sprinting</spec>
        <spec>Urban</spec>
        <spec>Wilderness</spec>
        <spec>[Terrain]</spec>
      </specs>
    </skill>
    <skill>
      <id>b6aa3faa-64e0-4323-9617-49add784064a</id>
      <name>Spanish</name>
      <attribute>INT</attribute>
      <category>Language</category>
      <default>No</default>
      <skillgroup />
      <specs>
        <spec>Read/Write</spec>
        <spec>Speak</spec>
        <spec>Dialect</spec>
        <spec>Lingo</spec>
      </specs>
    </skill>
    <skill>
      <id>a364caab-f0bd-49b8-859e-1fa0d73c3c53</id>
      <name>Sperethiel</name>
      <attribute>INT</attribute>
      <category>Language</category>
      <default>No</default>
      <skillgroup />
      <specs>
        <spec>Read/Write</spec>
        <spec>Speak</spec>
        <spec>Dialect</spec>
        <spec>Lingo</spec>
      </specs>
    </skill>
    <skill>
      <id>67e74b72-7970-4243-ad68-4db92894a12d</id>
      <name>Spirits</name>
      <attribute>LOG</attribute>
      <category>Professional</category>
      <default>No</default>
      <skillgroup />
      <specs>
        <spec>Beast</spec>
        <spec>Earth</spec>
        <spec>Fire</spec>
        <spec>Guardian</spec>
        <spec>Guidance</spec>
        <spec>Man</spec>
        <spec>Plant</spec>
        <spec>Task</spec>
        <spec>Water</spec>
        <spec>Watcher</spec>
      </specs>
    </skill>
    <skill>
      <id>219d4e62-a378-480d-ba6a-9278490e4539</id>
      <name>Sports</name>
      <attribute>INT</attribute>
      <category>Interest</category>
      <default>No</default>
      <skillgroup />
      <specs>
        <spec>Baseball</spec>
        <spec>Basketball</spec>
        <spec>Combat Biking</spec>
        <spec>Court Ball</spec>
        <spec>Football</spec>
        <spec>MMA</spec>
        <spec>Hockey</spec>
        <spec>Soccer</spec>
        <spec>Stickball</spec>
        <spec>UFC</spec>
        <spec>Urban Brawl</spec>
        <spec>Wrestling</spec>
      </specs>
    </skill>
    <skill>
      <id>0af06344-3637-4160-813b-a33dda2d16aa</id>
      <name>Sprawl Life</name>
      <attribute>INT</attribute>
      <category>Street</category>
      <default>No</default>
      <skillgroup />
      <specs>
        <spec>Scavenging</spec>
        <spec>Soup Kitchens</spec>
        <spec>Squats</spec>
        <spec>Street Docs</spec>
      </specs>
    </skill>
    <skill>
      <id>51ea095a-2f1f-4090-afcb-d2cbb88c8f91</id>
      <name>Street Drugs</name>
      <attribute>INT</attribute>
      <category>Interest</category>
      <default>No</default>
      <skillgroup />
      <specs>
        <spec>BTLs</spec>
        <spec>Cram</spec>
        <spec>Deepweed</spec>
        <spec>Novacoke</spec>
        <spec>Spike</spec>
        <spec>Tempo</spec>
      </specs>
    </skill>
    <skill>
      <id>19a3925e-7ae7-4037-9d59-de63a7ab7a92</id>
      <name>Syndicates</name>
      <attribute>INT</attribute>
      <category>Street</category>
      <default>No</default>
      <skillgroup />
      <specs>
        <spec>Ghost Cartels</spec>
        <spec>Mafia</spec>
        <spec>Triad</spec>
        <spec>Yakuza</spec>
        <spec>Vory</spec>
        <spec>Atlanta</spec>
        <spec>Cheyenne</spec>
        <spec>Chicago</spec>
        <spec>Denver</spec>
        <spec>Hong-Kong</spec>
        <spec>LA</spec>
        <spec>Manhattan</spec>
        <spec>FDC</spec>
        <spec>Portland</spec>
        <spec>Seattle</spec>
        <spec>Saskatoon</spec>
        <spec>Sacramento</spec>
        <spec>Quebec City</spec>
        <spec>Algonkian-Manitou Council</spec>
        <spec>Athabaskan Council</spec>
        <spec>Amazonia</spec>
        <spec>Aztlan</spec>
        <spec>Carribean League</spec>
        <spec>California Free State</spec>
        <spec>Pueblo Corporate Council</spec>
        <spec>CAS</spec>
        <spec>UCAS</spec>
        <spec>Quebec</spec>
        <spec>Salish-Shidhe Council</spec>
        <spec>Sioux</spec>
        <spec>Tir Tairngire</spec>
        <spec>Tsimshian Protectorate</spec>
        <spec>Yukutan</spec>
      </specs>
    </skill>
    <skill>
      <id>bb231493-bc95-4783-8ad9-e66078ee31ef</id>
      <name>Thai</name>
      <attribute>INT</attribute>
      <category>Language</category>
      <default>No</default>
      <skillgroup />
      <specs>
        <spec>Read/Write</spec>
        <spec>Speak</spec>
        <spec>Dialect</spec>
        <spec>Lingo</spec>
      </specs>
    </skill>
    <skill>
      <id>0e364dfa-7160-46a7-bd98-601afcc08dd5</id>
      <name>Triads</name>
      <attribute>INT</attribute>
      <category>Street</category>
      <default>No</default>
      <skillgroup />
      <specs>
        <spec>Turf</spec>
        <spec>Politics</spec>
        <spec>Signs</spec>
        <spec>History</spec>
        <spec>Organizations</spec>
        <spec>Safe Houses</spec>
      </specs>
    </skill>
    <skill>
      <id>8f81d25b-a1e3-4d3a-8eea-ea66711a3454</id>
      <name>Trids</name>
      <attribute>INT</attribute>
      <category>Interest</category>
      <default>No</default>
      <skillgroup />
      <specs>
        <spec>Action</spec>
        <spec>Cop</spec>
        <spec>Documentary</spec>
        <spec>Fantasy</spec>
        <spec>Rom-Com</spec>
        <spec>Sci-fi</spec>
      </specs>
    </skill>
    <skill>
      <id>dad44f50-efc1-4dc9-a1ac-ca7d89a18218</id>
      <name>Turkish</name>
      <attribute>INT</attribute>
      <category>Language</category>
      <default>No</default>
      <skillgroup />
      <specs>
        <spec>Read/Write</spec>
        <spec>Speak</spec>
        <spec>Dialect</spec>
        <spec>Lingo</spec>
      </specs>
    </skill>
    <skill>
      <id>5c3ebb6f-d075-4486-8900-d7a19bae958f</id>
      <name>Underworld</name>
      <attribute>INT</attribute>
      <category>Street</category>
      <default>No</default>
      <skillgroup />
      <specs>
        <spec>Arson</spec>
        <spec>Black Magic</spec>
        <spec>Blackmail</spec>
        <spec>BTL</spec>
        <spec>Counterfitting</spec>
        <spec>Drugs</spec>
        <spec>Fencing</spec>
        <spec>Financial Crime</spec>
        <spec>Fixing</spec>
        <spec>Forgery</spec>
        <spec>Gambling</spec>
        <spec>Grifting</spec>
        <spec>Hijacking</spec>
        <spec>Kidnapping</spec>
        <spec>Loansharking</spec>
        <spec>Medicine</spec>
        <spec>Matrix Crime</spec>
        <spec>Money Laundering</spec>
        <spec>Pornography</spec>
        <spec>Prostitution</spec>
        <spec>Protection</spec>
        <spec>Robbery</spec>
        <spec>Smuggling</spec>
        <spec>White Collar</spec>
      </specs>
    </skill>
    <skill>
      <id>250f080a-9a79-4e8b-8980-d19bef402852</id>
      <name>Vory</name>
      <attribute>INT</attribute>
      <category>Street</category>
      <default>No</default>
      <skillgroup />
      <specs>
        <spec>Turf</spec>
        <spec>Politics</spec>
        <spec>Signs</spec>
        <spec>History</spec>
        <spec>Organizations</spec>
        <spec>Safe Houses</spec>
      </specs>
    </skill>
    <skill>
      <id>20041f7e-7725-403e-8771-0904090bdfd1</id>
      <name>Wu</name>
      <attribute>INT</attribute>
      <category>Language</category>
      <default>No</default>
      <skillgroup />
      <specs>
        <spec>Read/Write</spec>
        <spec>Speak</spec>
        <spec>Dialect</spec>
        <spec>Lingo</spec>
      </specs>
    </skill>
    <skill>
      <id>ea024ba4-dabf-4da5-be96-a1bccfead27e</id>
      <name>Xiang</name>
      <attribute>INT</attribute>
      <category>Language</category>
      <default>No</default>
      <skillgroup />
      <specs>
        <spec>Read/Write</spec>
        <spec>Speak</spec>
        <spec>Dialect</spec>
        <spec>Lingo</spec>
      </specs>
    </skill>
    <skill>
      <id>e216aad1-15fa-48c5-9d0e-0c6a92e819e0</id>
      <name>Yakuza</name>
      <attribute>INT</attribute>
      <category>Street</category>
      <default>No</default>
      <skillgroup />
      <specs>
        <spec>Turf</spec>
        <spec>Politics</spec>
        <spec>Signs</spec>
        <spec>History</spec>
        <spec>Organizations</spec>
        <spec>Safe Houses</spec>
      </specs>
    </skill>
  </knowledgeskills>
</chummer>